Vivado Simulator 2019.1
Time resolution is 1 ps
Error: File E:\terme 7\FPGA\Prj1\B_input_vector.txt is already at the end of file, nothing to read
Time: 192997500 ns  Iteration: 1  Process: /edgefilt_tb/read_input_vector  File: E:/terme 7/FPGA/Prj1/9633022_Prj/project_2/project_2.srcs/sim_1/new/edgefilt_tb.vhd
Warning: TEXTIO function READ: line is empty
Time: 192997500 ns  Iteration: 1  Process: /edgefilt_tb/read_input_vector  File: E:/terme 7/FPGA/Prj1/9633022_Prj/project_2/project_2.srcs/sim_1/new/edgefilt_tb.vhd
Error: File E:\terme 7\FPGA\Prj1\B_input_vector.txt is already at the end of file, nothing to read
Time: 192998500 ns  Iteration: 1  Process: /edgefilt_tb/read_input_vector  File: E:/terme 7/FPGA/Prj1/9633022_Prj/project_2/project_2.srcs/sim_1/new/edgefilt_tb.vhd
Warning: TEXTIO function READ: line is empty
Time: 192998500 ns  Iteration: 1  Process: /edgefilt_tb/read_input_vector  File: E:/terme 7/FPGA/Prj1/9633022_Prj/project_2/project_2.srcs/sim_1/new/edgefilt_tb.vhd
Error: File E:\terme 7\FPGA\Prj1\B_input_vector.txt is already at the end of file, nothing to read
Time: 192999500 ns  Iteration: 1  Process: /edgefilt_tb/read_input_vector  File: E:/terme 7/FPGA/Prj1/9633022_Prj/project_2/project_2.srcs/sim_1/new/edgefilt_tb.vhd
Warning: TEXTIO function READ: line is empty
Time: 192999500 ns  Iteration: 1  Process: /edgefilt_tb/read_input_vector  File: E:/terme 7/FPGA/Prj1/9633022_Prj/project_2/project_2.srcs/sim_1/new/edgefilt_tb.vhd
Error: File E:\terme 7\FPGA\Prj1\B_input_vector.txt is already at the end of file, nothing to read
Time: 193000500 ns  Iteration: 1  Process: /edgefilt_tb/read_input_vector  File: E:/terme 7/FPGA/Prj1/9633022_Prj/project_2/project_2.srcs/sim_1/new/edgefilt_tb.vhd
Warning: TEXTIO function READ: line is empty
Time: 193000500 ns  Iteration: 1  Process: /edgefilt_tb/read_input_vector  File: E:/terme 7/FPGA/Prj1/9633022_Prj/project_2/project_2.srcs/sim_1/new/edgefilt_tb.vhd
Error: File E:\terme 7\FPGA\Prj1\B_input_vector.txt is already at the end of file, nothing to read
Time: 193001500 ns  Iteration: 1  Process: /edgefilt_tb/read_input_vector  File: E:/terme 7/FPGA/Prj1/9633022_Prj/project_2/project_2.srcs/sim_1/new/edgefilt_tb.vhd
Warning: TEXTIO function READ: line is empty
Time: 193001500 ns  Iteration: 1  Process: /edgefilt_tb/read_input_vector  File: E:/terme 7/FPGA/Prj1/9633022_Prj/project_2/project_2.srcs/sim_1/new/edgefilt_tb.vhd
Error: File E:\terme 7\FPGA\Prj1\B_input_vector.txt is already at the end of file, nothing to read
Time: 193002500 ns  Iteration: 1  Process: /edgefilt_tb/read_input_vector  File: E:/terme 7/FPGA/Prj1/9633022_Prj/project_2/project_2.srcs/sim_1/new/edgefilt_tb.vhd
Warning: TEXTIO function READ: line is empty
Time: 193002500 ns  Iteration: 1  Process: /edgefilt_tb/read_input_vector  File: E:/terme 7/FPGA/Prj1/9633022_Prj/project_2/project_2.srcs/sim_1/new/edgefilt_tb.vhd
Error: File E:\terme 7\FPGA\Prj1\B_input_vector.txt is already at the end of file, nothing to read
Time: 193003500 ns  Iteration: 1  Process: /edgefilt_tb/read_input_vector  File: E:/terme 7/FPGA/Prj1/9633022_Prj/project_2/project_2.srcs/sim_1/new/edgefilt_tb.vhd
Warning: TEXTIO function READ: line is empty
Time: 193003500 ns  Iteration: 1  Process: /edgefilt_tb/read_input_vector  File: E:/terme 7/FPGA/Prj1/9633022_Prj/project_2/project_2.srcs/sim_1/new/edgefilt_tb.vhd
Error: File E:\terme 7\FPGA\Prj1\B_input_vector.txt is already at the end of file, nothing to read
Time: 193004500 ns  Iteration: 1  Process: /edgefilt_tb/read_input_vector  File: E:/terme 7/FPGA/Prj1/9633022_Prj/project_2/project_2.srcs/sim_1/new/edgefilt_tb.vhd
Warning: TEXTIO function READ: line is empty
Time: 193004500 ns  Iteration: 1  Process: /edgefilt_tb/read_input_vector  File: E:/terme 7/FPGA/Prj1/9633022_Prj/project_2/project_2.srcs/sim_1/new/edgefilt_tb.vhd
Error: File E:\terme 7\FPGA\Prj1\B_input_vector.txt is already at the end of file, nothing to read
Time: 193005500 ns  Iteration: 1  Process: /edgefilt_tb/read_input_vector  File: E:/terme 7/FPGA/Prj1/9633022_Prj/project_2/project_2.srcs/sim_1/new/edgefilt_tb.vhd
Warning: TEXTIO function READ: line is empty
Time: 193005500 ns  Iteration: 1  Process: /edgefilt_tb/read_input_vector  File: E:/terme 7/FPGA/Prj1/9633022_Prj/project_2/project_2.srcs/sim_1/new/edgefilt_tb.vhd
Error: File E:\terme 7\FPGA\Prj1\B_input_vector.txt is already at the end of file, nothing to read
Time: 193006500 ns  Iteration: 1  Process: /edgefilt_tb/read_input_vector  File: E:/terme 7/FPGA/Prj1/9633022_Prj/project_2/project_2.srcs/sim_1/new/edgefilt_tb.vhd
Warning: TEXTIO function READ: line is empty
Time: 193006500 ns  Iteration: 1  Process: /edgefilt_tb/read_input_vector  File: E:/terme 7/FPGA/Prj1/9633022_Prj/project_2/project_2.srcs/sim_1/new/edgefilt_tb.vhd
Error: File E:\terme 7\FPGA\Prj1\B_input_vector.txt is already at the end of file, nothing to read
Time: 193007500 ns  Iteration: 1  Process: /edgefilt_tb/read_input_vector  File: E:/terme 7/FPGA/Prj1/9633022_Prj/project_2/project_2.srcs/sim_1/new/edgefilt_tb.vhd
Warning: TEXTIO function READ: line is empty
Time: 193007500 ns  Iteration: 1  Process: /edgefilt_tb/read_input_vector  File: E:/terme 7/FPGA/Prj1/9633022_Prj/project_2/project_2.srcs/sim_1/new/edgefilt_tb.vhd
Error: File E:\terme 7\FPGA\Prj1\B_input_vector.txt is already at the end of file, nothing to read
Time: 193008500 ns  Iteration: 1  Process: /edgefilt_tb/read_input_vector  File: E:/terme 7/FPGA/Prj1/9633022_Prj/project_2/project_2.srcs/sim_1/new/edgefilt_tb.vhd
Warning: TEXTIO function READ: line is empty
Time: 193008500 ns  Iteration: 1  Process: /edgefilt_tb/read_input_vector  File: E:/terme 7/FPGA/Prj1/9633022_Prj/project_2/project_2.srcs/sim_1/new/edgefilt_tb.vhd
Error: File E:\terme 7\FPGA\Prj1\B_input_vector.txt is already at the end of file, nothing to read
Time: 193009500 ns  Iteration: 1  Process: /edgefilt_tb/read_input_vector  File: E:/terme 7/FPGA/Prj1/9633022_Prj/project_2/project_2.srcs/sim_1/new/edgefilt_tb.vhd
Warning: TEXTIO function READ: line is empty
Time: 193009500 ns  Iteration: 1  Process: /edgefilt_tb/read_input_vector  File: E:/terme 7/FPGA/Prj1/9633022_Prj/project_2/project_2.srcs/sim_1/new/edgefilt_tb.vhd
Error: File E:\terme 7\FPGA\Prj1\B_input_vector.txt is already at the end of file, nothing to read
Time: 193010500 ns  Iteration: 1  Process: /edgefilt_tb/read_input_vector  File: E:/terme 7/FPGA/Prj1/9633022_Prj/project_2/project_2.srcs/sim_1/new/edgefilt_tb.vhd
Warning: TEXTIO function READ: line is empty
Time: 193010500 ns  Iteration: 1  Process: /edgefilt_tb/read_input_vector  File: E:/terme 7/FPGA/Prj1/9633022_Prj/project_2/project_2.srcs/sim_1/new/edgefilt_tb.vhd
Error: File E:\terme 7\FPGA\Prj1\B_input_vector.txt is already at the end of file, nothing to read
Time: 193011500 ns  Iteration: 1  Process: /edgefilt_tb/read_input_vector  File: E:/terme 7/FPGA/Prj1/9633022_Prj/project_2/project_2.srcs/sim_1/new/edgefilt_tb.vhd
Warning: TEXTIO function READ: line is empty
Time: 193011500 ns  Iteration: 1  Process: /edgefilt_tb/read_input_vector  File: E:/terme 7/FPGA/Prj1/9633022_Prj/project_2/project_2.srcs/sim_1/new/edgefilt_tb.vhd
Error: File E:\terme 7\FPGA\Prj1\B_input_vector.txt is already at the end of file, nothing to read
Time: 193012500 ns  Iteration: 1  Process: /edgefilt_tb/read_input_vector  File: E:/terme 7/FPGA/Prj1/9633022_Prj/project_2/project_2.srcs/sim_1/new/edgefilt_tb.vhd
Warning: TEXTIO function READ: line is empty
Time: 193012500 ns  Iteration: 1  Process: /edgefilt_tb/read_input_vector  File: E:/terme 7/FPGA/Prj1/9633022_Prj/project_2/project_2.srcs/sim_1/new/edgefilt_tb.vhd
Error: File E:\terme 7\FPGA\Prj1\B_input_vector.txt is already at the end of file, nothing to read
Time: 193013500 ns  Iteration: 1  Process: /edgefilt_tb/read_input_vector  File: E:/terme 7/FPGA/Prj1/9633022_Prj/project_2/project_2.srcs/sim_1/new/edgefilt_tb.vhd
Warning: TEXTIO function READ: line is empty
Time: 193013500 ns  Iteration: 1  Process: /edgefilt_tb/read_input_vector  File: E:/terme 7/FPGA/Prj1/9633022_Prj/project_2/project_2.srcs/sim_1/new/edgefilt_tb.vhd
Error: File E:\terme 7\FPGA\Prj1\B_input_vector.txt is already at the end of file, nothing to read
Time: 193014500 ns  Iteration: 1  Process: /edgefilt_tb/read_input_vector  File: E:/terme 7/FPGA/Prj1/9633022_Prj/project_2/project_2.srcs/sim_1/new/edgefilt_tb.vhd
Warning: TEXTIO function READ: line is empty
Time: 193014500 ns  Iteration: 1  Process: /edgefilt_tb/read_input_vector  File: E:/terme 7/FPGA/Prj1/9633022_Prj/project_2/project_2.srcs/sim_1/new/edgefilt_tb.vhd
Error: File E:\terme 7\FPGA\Prj1\B_input_vector.txt is already at the end of file, nothing to read
Time: 193015500 ns  Iteration: 1  Process: /edgefilt_tb/read_input_vector  File: E:/terme 7/FPGA/Prj1/9633022_Prj/project_2/project_2.srcs/sim_1/new/edgefilt_tb.vhd
Warning: TEXTIO function READ: line is empty
Time: 193015500 ns  Iteration: 1  Process: /edgefilt_tb/read_input_vector  File: E:/terme 7/FPGA/Prj1/9633022_Prj/project_2/project_2.srcs/sim_1/new/edgefilt_tb.vhd
Error: File E:\terme 7\FPGA\Prj1\B_input_vector.txt is already at the end of file, nothing to read
Time: 193016500 ns  Iteration: 1  Process: /edgefilt_tb/read_input_vector  File: E:/terme 7/FPGA/Prj1/9633022_Prj/project_2/project_2.srcs/sim_1/new/edgefilt_tb.vhd
Warning: TEXTIO function READ: line is empty
Time: 193016500 ns  Iteration: 1  Process: /edgefilt_tb/read_input_vector  File: E:/terme 7/FPGA/Prj1/9633022_Prj/project_2/project_2.srcs/sim_1/new/edgefilt_tb.vhd
Error: File E:\terme 7\FPGA\Prj1\B_input_vector.txt is already at the end of file, nothing to read
Time: 193017500 ns  Iteration: 1  Process: /edgefilt_tb/read_input_vector  File: E:/terme 7/FPGA/Prj1/9633022_Prj/project_2/project_2.srcs/sim_1/new/edgefilt_tb.vhd
Warning: TEXTIO function READ: line is empty
Time: 193017500 ns  Iteration: 1  Process: /edgefilt_tb/read_input_vector  File: E:/terme 7/FPGA/Prj1/9633022_Prj/project_2/project_2.srcs/sim_1/new/edgefilt_tb.vhd
Error: File E:\terme 7\FPGA\Prj1\B_input_vector.txt is already at the end of file, nothing to read
Time: 193018500 ns  Iteration: 1  Process: /edgefilt_tb/read_input_vector  File: E:/terme 7/FPGA/Prj1/9633022_Prj/project_2/project_2.srcs/sim_1/new/edgefilt_tb.vhd
Warning: TEXTIO function READ: line is empty
Time: 193018500 ns  Iteration: 1  Process: /edgefilt_tb/read_input_vector  File: E:/terme 7/FPGA/Prj1/9633022_Prj/project_2/project_2.srcs/sim_1/new/edgefilt_tb.vhd
Error: File E:\terme 7\FPGA\Prj1\B_input_vector.txt is already at the end of file, nothing to read
Time: 193019500 ns  Iteration: 1  Process: /edgefilt_tb/read_input_vector  File: E:/terme 7/FPGA/Prj1/9633022_Prj/project_2/project_2.srcs/sim_1/new/edgefilt_tb.vhd
Warning: TEXTIO function READ: line is empty
Time: 193019500 ns  Iteration: 1  Process: /edgefilt_tb/read_input_vector  File: E:/terme 7/FPGA/Prj1/9633022_Prj/project_2/project_2.srcs/sim_1/new/edgefilt_tb.vhd
Error: File E:\terme 7\FPGA\Prj1\B_input_vector.txt is already at the end of file, nothing to read
Time: 193020500 ns  Iteration: 1  Process: /edgefilt_tb/read_input_vector  File: E:/terme 7/FPGA/Prj1/9633022_Prj/project_2/project_2.srcs/sim_1/new/edgefilt_tb.vhd
Warning: TEXTIO function READ: line is empty
Time: 193020500 ns  Iteration: 1  Process: /edgefilt_tb/read_input_vector  File: E:/terme 7/FPGA/Prj1/9633022_Prj/project_2/project_2.srcs/sim_1/new/edgefilt_tb.vhd
Error: File E:\terme 7\FPGA\Prj1\B_input_vector.txt is already at the end of file, nothing to read
Time: 193021500 ns  Iteration: 1  Process: /edgefilt_tb/read_input_vector  File: E:/terme 7/FPGA/Prj1/9633022_Prj/project_2/project_2.srcs/sim_1/new/edgefilt_tb.vhd
Warning: TEXTIO function READ: line is empty
Time: 193021500 ns  Iteration: 1  Process: /edgefilt_tb/read_input_vector  File: E:/terme 7/FPGA/Prj1/9633022_Prj/project_2/project_2.srcs/sim_1/new/edgefilt_tb.vhd
Error: File E:\terme 7\FPGA\Prj1\B_input_vector.txt is already at the end of file, nothing to read
Time: 193022500 ns  Iteration: 1  Process: /edgefilt_tb/read_input_vector  File: E:/terme 7/FPGA/Prj1/9633022_Prj/project_2/project_2.srcs/sim_1/new/edgefilt_tb.vhd
Warning: TEXTIO function READ: line is empty
Time: 193022500 ns  Iteration: 1  Process: /edgefilt_tb/read_input_vector  File: E:/terme 7/FPGA/Prj1/9633022_Prj/project_2/project_2.srcs/sim_1/new/edgefilt_tb.vhd
Error: File E:\terme 7\FPGA\Prj1\B_input_vector.txt is already at the end of file, nothing to read
Time: 193023500 ns  Iteration: 1  Process: /edgefilt_tb/read_input_vector  File: E:/terme 7/FPGA/Prj1/9633022_Prj/project_2/project_2.srcs/sim_1/new/edgefilt_tb.vhd
Warning: TEXTIO function READ: line is empty
Time: 193023500 ns  Iteration: 1  Process: /edgefilt_tb/read_input_vector  File: E:/terme 7/FPGA/Prj1/9633022_Prj/project_2/project_2.srcs/sim_1/new/edgefilt_tb.vhd
Error: File E:\terme 7\FPGA\Prj1\B_input_vector.txt is already at the end of file, nothing to read
Time: 193024500 ns  Iteration: 1  Process: /edgefilt_tb/read_input_vector  File: E:/terme 7/FPGA/Prj1/9633022_Prj/project_2/project_2.srcs/sim_1/new/edgefilt_tb.vhd
Warning: TEXTIO function READ: line is empty
Time: 193024500 ns  Iteration: 1  Process: /edgefilt_tb/read_input_vector  File: E:/terme 7/FPGA/Prj1/9633022_Prj/project_2/project_2.srcs/sim_1/new/edgefilt_tb.vhd
Error: File E:\terme 7\FPGA\Prj1\B_input_vector.txt is already at the end of file, nothing to read
Time: 193025500 ns  Iteration: 1  Process: /edgefilt_tb/read_input_vector  File: E:/terme 7/FPGA/Prj1/9633022_Prj/project_2/project_2.srcs/sim_1/new/edgefilt_tb.vhd
Warning: TEXTIO function READ: line is empty
Time: 193025500 ns  Iteration: 1  Process: /edgefilt_tb/read_input_vector  File: E:/terme 7/FPGA/Prj1/9633022_Prj/project_2/project_2.srcs/sim_1/new/edgefilt_tb.vhd
Error: File E:\terme 7\FPGA\Prj1\B_input_vector.txt is already at the end of file, nothing to read
Time: 193026500 ns  Iteration: 1  Process: /edgefilt_tb/read_input_vector  File: E:/terme 7/FPGA/Prj1/9633022_Prj/project_2/project_2.srcs/sim_1/new/edgefilt_tb.vhd
Warning: TEXTIO function READ: line is empty
Time: 193026500 ns  Iteration: 1  Process: /edgefilt_tb/read_input_vector  File: E:/terme 7/FPGA/Prj1/9633022_Prj/project_2/project_2.srcs/sim_1/new/edgefilt_tb.vhd
Error: File E:\terme 7\FPGA\Prj1\B_input_vector.txt is already at the end of file, nothing to read
Time: 193027500 ns  Iteration: 1  Process: /edgefilt_tb/read_input_vector  File: E:/terme 7/FPGA/Prj1/9633022_Prj/project_2/project_2.srcs/sim_1/new/edgefilt_tb.vhd
Warning: TEXTIO function READ: line is empty
Time: 193027500 ns  Iteration: 1  Process: /edgefilt_tb/read_input_vector  File: E:/terme 7/FPGA/Prj1/9633022_Prj/project_2/project_2.srcs/sim_1/new/edgefilt_tb.vhd
Error: File E:\terme 7\FPGA\Prj1\B_input_vector.txt is already at the end of file, nothing to read
Time: 193028500 ns  Iteration: 1  Process: /edgefilt_tb/read_input_vector  File: E:/terme 7/FPGA/Prj1/9633022_Prj/project_2/project_2.srcs/sim_1/new/edgefilt_tb.vhd
Warning: TEXTIO function READ: line is empty
Time: 193028500 ns  Iteration: 1  Process: /edgefilt_tb/read_input_vector  File: E:/terme 7/FPGA/Prj1/9633022_Prj/project_2/project_2.srcs/sim_1/new/edgefilt_tb.vhd
Error: File E:\terme 7\FPGA\Prj1\B_input_vector.txt is already at the end of file, nothing to read
Time: 193029500 ns  Iteration: 1  Process: /edgefilt_tb/read_input_vector  File: E:/terme 7/FPGA/Prj1/9633022_Prj/project_2/project_2.srcs/sim_1/new/edgefilt_tb.vhd
Warning: TEXTIO function READ: line is empty
Time: 193029500 ns  Iteration: 1  Process: /edgefilt_tb/read_input_vector  File: E:/terme 7/FPGA/Prj1/9633022_Prj/project_2/project_2.srcs/sim_1/new/edgefilt_tb.vhd
Error: File E:\terme 7\FPGA\Prj1\B_input_vector.txt is already at the end of file, nothing to read
Time: 193030500 ns  Iteration: 1  Process: /edgefilt_tb/read_input_vector  File: E:/terme 7/FPGA/Prj1/9633022_Prj/project_2/project_2.srcs/sim_1/new/edgefilt_tb.vhd
Warning: TEXTIO function READ: line is empty
Time: 193030500 ns  Iteration: 1  Process: /edgefilt_tb/read_input_vector  File: E:/terme 7/FPGA/Prj1/9633022_Prj/project_2/project_2.srcs/sim_1/new/edgefilt_tb.vhd
Error: File E:\terme 7\FPGA\Prj1\B_input_vector.txt is already at the end of file, nothing to read
Time: 193031500 ns  Iteration: 1  Process: /edgefilt_tb/read_input_vector  File: E:/terme 7/FPGA/Prj1/9633022_Prj/project_2/project_2.srcs/sim_1/new/edgefilt_tb.vhd
Warning: TEXTIO function READ: line is empty
Time: 193031500 ns  Iteration: 1  Process: /edgefilt_tb/read_input_vector  File: E:/terme 7/FPGA/Prj1/9633022_Prj/project_2/project_2.srcs/sim_1/new/edgefilt_tb.vhd
Error: File E:\terme 7\FPGA\Prj1\B_input_vector.txt is already at the end of file, nothing to read
Time: 193032500 ns  Iteration: 1  Process: /edgefilt_tb/read_input_vector  File: E:/terme 7/FPGA/Prj1/9633022_Prj/project_2/project_2.srcs/sim_1/new/edgefilt_tb.vhd
Warning: TEXTIO function READ: line is empty
Time: 193032500 ns  Iteration: 1  Process: /edgefilt_tb/read_input_vector  File: E:/terme 7/FPGA/Prj1/9633022_Prj/project_2/project_2.srcs/sim_1/new/edgefilt_tb.vhd
Error: File E:\terme 7\FPGA\Prj1\B_input_vector.txt is already at the end of file, nothing to read
Time: 193033500 ns  Iteration: 1  Process: /edgefilt_tb/read_input_vector  File: E:/terme 7/FPGA/Prj1/9633022_Prj/project_2/project_2.srcs/sim_1/new/edgefilt_tb.vhd
Warning: TEXTIO function READ: line is empty
Time: 193033500 ns  Iteration: 1  Process: /edgefilt_tb/read_input_vector  File: E:/terme 7/FPGA/Prj1/9633022_Prj/project_2/project_2.srcs/sim_1/new/edgefilt_tb.vhd
Error: File E:\terme 7\FPGA\Prj1\B_input_vector.txt is already at the end of file, nothing to read
Time: 193034500 ns  Iteration: 1  Process: /edgefilt_tb/read_input_vector  File: E:/terme 7/FPGA/Prj1/9633022_Prj/project_2/project_2.srcs/sim_1/new/edgefilt_tb.vhd
Warning: TEXTIO function READ: line is empty
Time: 193034500 ns  Iteration: 1  Process: /edgefilt_tb/read_input_vector  File: E:/terme 7/FPGA/Prj1/9633022_Prj/project_2/project_2.srcs/sim_1/new/edgefilt_tb.vhd
Error: File E:\terme 7\FPGA\Prj1\B_input_vector.txt is already at the end of file, nothing to read
Time: 193035500 ns  Iteration: 1  Process: /edgefilt_tb/read_input_vector  File: E:/terme 7/FPGA/Prj1/9633022_Prj/project_2/project_2.srcs/sim_1/new/edgefilt_tb.vhd
Warning: TEXTIO function READ: line is empty
Time: 193035500 ns  Iteration: 1  Process: /edgefilt_tb/read_input_vector  File: E:/terme 7/FPGA/Prj1/9633022_Prj/project_2/project_2.srcs/sim_1/new/edgefilt_tb.vhd
Error: File E:\terme 7\FPGA\Prj1\B_input_vector.txt is already at the end of file, nothing to read
Time: 193036500 ns  Iteration: 1  Process: /edgefilt_tb/read_input_vector  File: E:/terme 7/FPGA/Prj1/9633022_Prj/project_2/project_2.srcs/sim_1/new/edgefilt_tb.vhd
Warning: TEXTIO function READ: line is empty
Time: 193036500 ns  Iteration: 1  Process: /edgefilt_tb/read_input_vector  File: E:/terme 7/FPGA/Prj1/9633022_Prj/project_2/project_2.srcs/sim_1/new/edgefilt_tb.vhd
Error: File E:\terme 7\FPGA\Prj1\B_input_vector.txt is already at the end of file, nothing to read
Time: 193037500 ns  Iteration: 1  Process: /edgefilt_tb/read_input_vector  File: E:/terme 7/FPGA/Prj1/9633022_Prj/project_2/project_2.srcs/sim_1/new/edgefilt_tb.vhd
Warning: TEXTIO function READ: line is empty
Time: 193037500 ns  Iteration: 1  Process: /edgefilt_tb/read_input_vector  File: E:/terme 7/FPGA/Prj1/9633022_Prj/project_2/project_2.srcs/sim_1/new/edgefilt_tb.vhd
Error: File E:\terme 7\FPGA\Prj1\B_input_vector.txt is already at the end of file, nothing to read
Time: 193038500 ns  Iteration: 1  Process: /edgefilt_tb/read_input_vector  File: E:/terme 7/FPGA/Prj1/9633022_Prj/project_2/project_2.srcs/sim_1/new/edgefilt_tb.vhd
Warning: TEXTIO function READ: line is empty
Time: 193038500 ns  Iteration: 1  Process: /edgefilt_tb/read_input_vector  File: E:/terme 7/FPGA/Prj1/9633022_Prj/project_2/project_2.srcs/sim_1/new/edgefilt_tb.vhd
Error: File E:\terme 7\FPGA\Prj1\B_input_vector.txt is already at the end of file, nothing to read
Time: 193039500 ns  Iteration: 1  Process: /edgefilt_tb/read_input_vector  File: E:/terme 7/FPGA/Prj1/9633022_Prj/project_2/project_2.srcs/sim_1/new/edgefilt_tb.vhd
Warning: TEXTIO function READ: line is empty
Time: 193039500 ns  Iteration: 1  Process: /edgefilt_tb/read_input_vector  File: E:/terme 7/FPGA/Prj1/9633022_Prj/project_2/project_2.srcs/sim_1/new/edgefilt_tb.vhd
Error: File E:\terme 7\FPGA\Prj1\B_input_vector.txt is already at the end of file, nothing to read
Time: 193040500 ns  Iteration: 1  Process: /edgefilt_tb/read_input_vector  File: E:/terme 7/FPGA/Prj1/9633022_Prj/project_2/project_2.srcs/sim_1/new/edgefilt_tb.vhd
Warning: TEXTIO function READ: line is empty
Time: 193040500 ns  Iteration: 1  Process: /edgefilt_tb/read_input_vector  File: E:/terme 7/FPGA/Prj1/9633022_Prj/project_2/project_2.srcs/sim_1/new/edgefilt_tb.vhd
Error: File E:\terme 7\FPGA\Prj1\B_input_vector.txt is already at the end of file, nothing to read
Time: 193041500 ns  Iteration: 1  Process: /edgefilt_tb/read_input_vector  File: E:/terme 7/FPGA/Prj1/9633022_Prj/project_2/project_2.srcs/sim_1/new/edgefilt_tb.vhd
Warning: TEXTIO function READ: line is empty
Time: 193041500 ns  Iteration: 1  Process: /edgefilt_tb/read_input_vector  File: E:/terme 7/FPGA/Prj1/9633022_Prj/project_2/project_2.srcs/sim_1/new/edgefilt_tb.vhd
Error: File E:\terme 7\FPGA\Prj1\B_input_vector.txt is already at the end of file, nothing to read
Time: 193042500 ns  Iteration: 1  Process: /edgefilt_tb/read_input_vector  File: E:/terme 7/FPGA/Prj1/9633022_Prj/project_2/project_2.srcs/sim_1/new/edgefilt_tb.vhd
Warning: TEXTIO function READ: line is empty
Time: 193042500 ns  Iteration: 1  Process: /edgefilt_tb/read_input_vector  File: E:/terme 7/FPGA/Prj1/9633022_Prj/project_2/project_2.srcs/sim_1/new/edgefilt_tb.vhd
Error: File E:\terme 7\FPGA\Prj1\B_input_vector.txt is already at the end of file, nothing to read
Time: 193043500 ns  Iteration: 1  Process: /edgefilt_tb/read_input_vector  File: E:/terme 7/FPGA/Prj1/9633022_Prj/project_2/project_2.srcs/sim_1/new/edgefilt_tb.vhd
Warning: TEXTIO function READ: line is empty
Time: 193043500 ns  Iteration: 1  Process: /edgefilt_tb/read_input_vector  File: E:/terme 7/FPGA/Prj1/9633022_Prj/project_2/project_2.srcs/sim_1/new/edgefilt_tb.vhd
Error: File E:\terme 7\FPGA\Prj1\B_input_vector.txt is already at the end of file, nothing to read
Time: 193044500 ns  Iteration: 1  Process: /edgefilt_tb/read_input_vector  File: E:/terme 7/FPGA/Prj1/9633022_Prj/project_2/project_2.srcs/sim_1/new/edgefilt_tb.vhd
Warning: TEXTIO function READ: line is empty
Time: 193044500 ns  Iteration: 1  Process: /edgefilt_tb/read_input_vector  File: E:/terme 7/FPGA/Prj1/9633022_Prj/project_2/project_2.srcs/sim_1/new/edgefilt_tb.vhd
Error: File E:\terme 7\FPGA\Prj1\B_input_vector.txt is already at the end of file, nothing to read
Time: 193045500 ns  Iteration: 1  Process: /edgefilt_tb/read_input_vector  File: E:/terme 7/FPGA/Prj1/9633022_Prj/project_2/project_2.srcs/sim_1/new/edgefilt_tb.vhd
Warning: TEXTIO function READ: line is empty
Time: 193045500 ns  Iteration: 1  Process: /edgefilt_tb/read_input_vector  File: E:/terme 7/FPGA/Prj1/9633022_Prj/project_2/project_2.srcs/sim_1/new/edgefilt_tb.vhd
Error: File E:\terme 7\FPGA\Prj1\B_input_vector.txt is already at the end of file, nothing to read
Time: 193046500 ns  Iteration: 1  Process: /edgefilt_tb/read_input_vector  File: E:/terme 7/FPGA/Prj1/9633022_Prj/project_2/project_2.srcs/sim_1/new/edgefilt_tb.vhd
Warning: TEXTIO function READ: line is empty
Time: 193046500 ns  Iteration: 1  Process: /edgefilt_tb/read_input_vector  File: E:/terme 7/FPGA/Prj1/9633022_Prj/project_2/project_2.srcs/sim_1/new/edgefilt_tb.vhd
Error: File E:\terme 7\FPGA\Prj1\B_input_vector.txt is already at the end of file, nothing to read
Time: 193047500 ns  Iteration: 1  Process: /edgefilt_tb/read_input_vector  File: E:/terme 7/FPGA/Prj1/9633022_Prj/project_2/project_2.srcs/sim_1/new/edgefilt_tb.vhd
Warning: TEXTIO function READ: line is empty
Time: 193047500 ns  Iteration: 1  Process: /edgefilt_tb/read_input_vector  File: E:/terme 7/FPGA/Prj1/9633022_Prj/project_2/project_2.srcs/sim_1/new/edgefilt_tb.vhd
Error: File E:\terme 7\FPGA\Prj1\B_input_vector.txt is already at the end of file, nothing to read
Time: 193048500 ns  Iteration: 1  Process: /edgefilt_tb/read_input_vector  File: E:/terme 7/FPGA/Prj1/9633022_Prj/project_2/project_2.srcs/sim_1/new/edgefilt_tb.vhd
Warning: TEXTIO function READ: line is empty
Time: 193048500 ns  Iteration: 1  Process: /edgefilt_tb/read_input_vector  File: E:/terme 7/FPGA/Prj1/9633022_Prj/project_2/project_2.srcs/sim_1/new/edgefilt_tb.vhd
Error: File E:\terme 7\FPGA\Prj1\B_input_vector.txt is already at the end of file, nothing to read
Time: 193049500 ns  Iteration: 1  Process: /edgefilt_tb/read_input_vector  File: E:/terme 7/FPGA/Prj1/9633022_Prj/project_2/project_2.srcs/sim_1/new/edgefilt_tb.vhd
Warning: TEXTIO function READ: line is empty
Time: 193049500 ns  Iteration: 1  Process: /edgefilt_tb/read_input_vector  File: E:/terme 7/FPGA/Prj1/9633022_Prj/project_2/project_2.srcs/sim_1/new/edgefilt_tb.vhd
Error: File E:\terme 7\FPGA\Prj1\B_input_vector.txt is already at the end of file, nothing to read
Time: 193050500 ns  Iteration: 1  Process: /edgefilt_tb/read_input_vector  File: E:/terme 7/FPGA/Prj1/9633022_Prj/project_2/project_2.srcs/sim_1/new/edgefilt_tb.vhd
Warning: TEXTIO function READ: line is empty
Time: 193050500 ns  Iteration: 1  Process: /edgefilt_tb/read_input_vector  File: E:/terme 7/FPGA/Prj1/9633022_Prj/project_2/project_2.srcs/sim_1/new/edgefilt_tb.vhd
Error: File E:\terme 7\FPGA\Prj1\B_input_vector.txt is already at the end of file, nothing to read
Time: 193051500 ns  Iteration: 1  Process: /edgefilt_tb/read_input_vector  File: E:/terme 7/FPGA/Prj1/9633022_Prj/project_2/project_2.srcs/sim_1/new/edgefilt_tb.vhd
Warning: TEXTIO function READ: line is empty
Time: 193051500 ns  Iteration: 1  Process: /edgefilt_tb/read_input_vector  File: E:/terme 7/FPGA/Prj1/9633022_Prj/project_2/project_2.srcs/sim_1/new/edgefilt_tb.vhd
Error: File E:\terme 7\FPGA\Prj1\B_input_vector.txt is already at the end of file, nothing to read
Time: 193052500 ns  Iteration: 1  Process: /edgefilt_tb/read_input_vector  File: E:/terme 7/FPGA/Prj1/9633022_Prj/project_2/project_2.srcs/sim_1/new/edgefilt_tb.vhd
Warning: TEXTIO function READ: line is empty
Time: 193052500 ns  Iteration: 1  Process: /edgefilt_tb/read_input_vector  File: E:/terme 7/FPGA/Prj1/9633022_Prj/project_2/project_2.srcs/sim_1/new/edgefilt_tb.vhd
Error: File E:\terme 7\FPGA\Prj1\B_input_vector.txt is already at the end of file, nothing to read
Time: 193053500 ns  Iteration: 1  Process: /edgefilt_tb/read_input_vector  File: E:/terme 7/FPGA/Prj1/9633022_Prj/project_2/project_2.srcs/sim_1/new/edgefilt_tb.vhd
Warning: TEXTIO function READ: line is empty
Time: 193053500 ns  Iteration: 1  Process: /edgefilt_tb/read_input_vector  File: E:/terme 7/FPGA/Prj1/9633022_Prj/project_2/project_2.srcs/sim_1/new/edgefilt_tb.vhd
Error: File E:\terme 7\FPGA\Prj1\B_input_vector.txt is already at the end of file, nothing to read
Time: 193054500 ns  Iteration: 1  Process: /edgefilt_tb/read_input_vector  File: E:/terme 7/FPGA/Prj1/9633022_Prj/project_2/project_2.srcs/sim_1/new/edgefilt_tb.vhd
Warning: TEXTIO function READ: line is empty
Time: 193054500 ns  Iteration: 1  Process: /edgefilt_tb/read_input_vector  File: E:/terme 7/FPGA/Prj1/9633022_Prj/project_2/project_2.srcs/sim_1/new/edgefilt_tb.vhd
Error: File E:\terme 7\FPGA\Prj1\B_input_vector.txt is already at the end of file, nothing to read
Time: 193055500 ns  Iteration: 1  Process: /edgefilt_tb/read_input_vector  File: E:/terme 7/FPGA/Prj1/9633022_Prj/project_2/project_2.srcs/sim_1/new/edgefilt_tb.vhd
Warning: TEXTIO function READ: line is empty
Time: 193055500 ns  Iteration: 1  Process: /edgefilt_tb/read_input_vector  File: E:/terme 7/FPGA/Prj1/9633022_Prj/project_2/project_2.srcs/sim_1/new/edgefilt_tb.vhd
Error: File E:\terme 7\FPGA\Prj1\B_input_vector.txt is already at the end of file, nothing to read
Time: 193056500 ns  Iteration: 1  Process: /edgefilt_tb/read_input_vector  File: E:/terme 7/FPGA/Prj1/9633022_Prj/project_2/project_2.srcs/sim_1/new/edgefilt_tb.vhd
Warning: TEXTIO function READ: line is empty
Time: 193056500 ns  Iteration: 1  Process: /edgefilt_tb/read_input_vector  File: E:/terme 7/FPGA/Prj1/9633022_Prj/project_2/project_2.srcs/sim_1/new/edgefilt_tb.vhd
Error: File E:\terme 7\FPGA\Prj1\B_input_vector.txt is already at the end of file, nothing to read
Time: 193057500 ns  Iteration: 1  Process: /edgefilt_tb/read_input_vector  File: E:/terme 7/FPGA/Prj1/9633022_Prj/project_2/project_2.srcs/sim_1/new/edgefilt_tb.vhd
Warning: TEXTIO function READ: line is empty
Time: 193057500 ns  Iteration: 1  Process: /edgefilt_tb/read_input_vector  File: E:/terme 7/FPGA/Prj1/9633022_Prj/project_2/project_2.srcs/sim_1/new/edgefilt_tb.vhd
Error: File E:\terme 7\FPGA\Prj1\B_input_vector.txt is already at the end of file, nothing to read
Time: 193058500 ns  Iteration: 1  Process: /edgefilt_tb/read_input_vector  File: E:/terme 7/FPGA/Prj1/9633022_Prj/project_2/project_2.srcs/sim_1/new/edgefilt_tb.vhd
Warning: TEXTIO function READ: line is empty
Time: 193058500 ns  Iteration: 1  Process: /edgefilt_tb/read_input_vector  File: E:/terme 7/FPGA/Prj1/9633022_Prj/project_2/project_2.srcs/sim_1/new/edgefilt_tb.vhd
Error: File E:\terme 7\FPGA\Prj1\B_input_vector.txt is already at the end of file, nothing to read
Time: 193059500 ns  Iteration: 1  Process: /edgefilt_tb/read_input_vector  File: E:/terme 7/FPGA/Prj1/9633022_Prj/project_2/project_2.srcs/sim_1/new/edgefilt_tb.vhd
Warning: TEXTIO function READ: line is empty
Time: 193059500 ns  Iteration: 1  Process: /edgefilt_tb/read_input_vector  File: E:/terme 7/FPGA/Prj1/9633022_Prj/project_2/project_2.srcs/sim_1/new/edgefilt_tb.vhd
Error: File E:\terme 7\FPGA\Prj1\B_input_vector.txt is already at the end of file, nothing to read
Time: 193060500 ns  Iteration: 1  Process: /edgefilt_tb/read_input_vector  File: E:/terme 7/FPGA/Prj1/9633022_Prj/project_2/project_2.srcs/sim_1/new/edgefilt_tb.vhd
Warning: TEXTIO function READ: line is empty
Time: 193060500 ns  Iteration: 1  Process: /edgefilt_tb/read_input_vector  File: E:/terme 7/FPGA/Prj1/9633022_Prj/project_2/project_2.srcs/sim_1/new/edgefilt_tb.vhd
Error: File E:\terme 7\FPGA\Prj1\B_input_vector.txt is already at the end of file, nothing to read
Time: 193061500 ns  Iteration: 1  Process: /edgefilt_tb/read_input_vector  File: E:/terme 7/FPGA/Prj1/9633022_Prj/project_2/project_2.srcs/sim_1/new/edgefilt_tb.vhd
Warning: TEXTIO function READ: line is empty
Time: 193061500 ns  Iteration: 1  Process: /edgefilt_tb/read_input_vector  File: E:/terme 7/FPGA/Prj1/9633022_Prj/project_2/project_2.srcs/sim_1/new/edgefilt_tb.vhd
Error: File E:\terme 7\FPGA\Prj1\B_input_vector.txt is already at the end of file, nothing to read
Time: 193062500 ns  Iteration: 1  Process: /edgefilt_tb/read_input_vector  File: E:/terme 7/FPGA/Prj1/9633022_Prj/project_2/project_2.srcs/sim_1/new/edgefilt_tb.vhd
Warning: TEXTIO function READ: line is empty
Time: 193062500 ns  Iteration: 1  Process: /edgefilt_tb/read_input_vector  File: E:/terme 7/FPGA/Prj1/9633022_Prj/project_2/project_2.srcs/sim_1/new/edgefilt_tb.vhd
Error: File E:\terme 7\FPGA\Prj1\B_input_vector.txt is already at the end of file, nothing to read
Time: 193063500 ns  Iteration: 1  Process: /edgefilt_tb/read_input_vector  File: E:/terme 7/FPGA/Prj1/9633022_Prj/project_2/project_2.srcs/sim_1/new/edgefilt_tb.vhd
Warning: TEXTIO function READ: line is empty
Time: 193063500 ns  Iteration: 1  Process: /edgefilt_tb/read_input_vector  File: E:/terme 7/FPGA/Prj1/9633022_Prj/project_2/project_2.srcs/sim_1/new/edgefilt_tb.vhd
Error: File E:\terme 7\FPGA\Prj1\B_input_vector.txt is already at the end of file, nothing to read
Time: 193064500 ns  Iteration: 1  Process: /edgefilt_tb/read_input_vector  File: E:/terme 7/FPGA/Prj1/9633022_Prj/project_2/project_2.srcs/sim_1/new/edgefilt_tb.vhd
Warning: TEXTIO function READ: line is empty
Time: 193064500 ns  Iteration: 1  Process: /edgefilt_tb/read_input_vector  File: E:/terme 7/FPGA/Prj1/9633022_Prj/project_2/project_2.srcs/sim_1/new/edgefilt_tb.vhd
Error: File E:\terme 7\FPGA\Prj1\B_input_vector.txt is already at the end of file, nothing to read
Time: 193065500 ns  Iteration: 1  Process: /edgefilt_tb/read_input_vector  File: E:/terme 7/FPGA/Prj1/9633022_Prj/project_2/project_2.srcs/sim_1/new/edgefilt_tb.vhd
Warning: TEXTIO function READ: line is empty
Time: 193065500 ns  Iteration: 1  Process: /edgefilt_tb/read_input_vector  File: E:/terme 7/FPGA/Prj1/9633022_Prj/project_2/project_2.srcs/sim_1/new/edgefilt_tb.vhd
Error: File E:\terme 7\FPGA\Prj1\B_input_vector.txt is already at the end of file, nothing to read
Time: 193066500 ns  Iteration: 1  Process: /edgefilt_tb/read_input_vector  File: E:/terme 7/FPGA/Prj1/9633022_Prj/project_2/project_2.srcs/sim_1/new/edgefilt_tb.vhd
Warning: TEXTIO function READ: line is empty
Time: 193066500 ns  Iteration: 1  Process: /edgefilt_tb/read_input_vector  File: E:/terme 7/FPGA/Prj1/9633022_Prj/project_2/project_2.srcs/sim_1/new/edgefilt_tb.vhd
Error: File E:\terme 7\FPGA\Prj1\B_input_vector.txt is already at the end of file, nothing to read
Time: 193067500 ns  Iteration: 1  Process: /edgefilt_tb/read_input_vector  File: E:/terme 7/FPGA/Prj1/9633022_Prj/project_2/project_2.srcs/sim_1/new/edgefilt_tb.vhd
Warning: TEXTIO function READ: line is empty
Time: 193067500 ns  Iteration: 1  Process: /edgefilt_tb/read_input_vector  File: E:/terme 7/FPGA/Prj1/9633022_Prj/project_2/project_2.srcs/sim_1/new/edgefilt_tb.vhd
Error: File E:\terme 7\FPGA\Prj1\B_input_vector.txt is already at the end of file, nothing to read
Time: 193068500 ns  Iteration: 1  Process: /edgefilt_tb/read_input_vector  File: E:/terme 7/FPGA/Prj1/9633022_Prj/project_2/project_2.srcs/sim_1/new/edgefilt_tb.vhd
Warning: TEXTIO function READ: line is empty
Time: 193068500 ns  Iteration: 1  Process: /edgefilt_tb/read_input_vector  File: E:/terme 7/FPGA/Prj1/9633022_Prj/project_2/project_2.srcs/sim_1/new/edgefilt_tb.vhd
Error: File E:\terme 7\FPGA\Prj1\B_input_vector.txt is already at the end of file, nothing to read
Time: 193069500 ns  Iteration: 1  Process: /edgefilt_tb/read_input_vector  File: E:/terme 7/FPGA/Prj1/9633022_Prj/project_2/project_2.srcs/sim_1/new/edgefilt_tb.vhd
Warning: TEXTIO function READ: line is empty
Time: 193069500 ns  Iteration: 1  Process: /edgefilt_tb/read_input_vector  File: E:/terme 7/FPGA/Prj1/9633022_Prj/project_2/project_2.srcs/sim_1/new/edgefilt_tb.vhd
Error: File E:\terme 7\FPGA\Prj1\B_input_vector.txt is already at the end of file, nothing to read
Time: 193070500 ns  Iteration: 1  Process: /edgefilt_tb/read_input_vector  File: E:/terme 7/FPGA/Prj1/9633022_Prj/project_2/project_2.srcs/sim_1/new/edgefilt_tb.vhd
Warning: TEXTIO function READ: line is empty
Time: 193070500 ns  Iteration: 1  Process: /edgefilt_tb/read_input_vector  File: E:/terme 7/FPGA/Prj1/9633022_Prj/project_2/project_2.srcs/sim_1/new/edgefilt_tb.vhd
Error: File E:\terme 7\FPGA\Prj1\B_input_vector.txt is already at the end of file, nothing to read
Time: 193071500 ns  Iteration: 1  Process: /edgefilt_tb/read_input_vector  File: E:/terme 7/FPGA/Prj1/9633022_Prj/project_2/project_2.srcs/sim_1/new/edgefilt_tb.vhd
Warning: TEXTIO function READ: line is empty
Time: 193071500 ns  Iteration: 1  Process: /edgefilt_tb/read_input_vector  File: E:/terme 7/FPGA/Prj1/9633022_Prj/project_2/project_2.srcs/sim_1/new/edgefilt_tb.vhd
Error: File E:\terme 7\FPGA\Prj1\B_input_vector.txt is already at the end of file, nothing to read
Time: 193072500 ns  Iteration: 1  Process: /edgefilt_tb/read_input_vector  File: E:/terme 7/FPGA/Prj1/9633022_Prj/project_2/project_2.srcs/sim_1/new/edgefilt_tb.vhd
Warning: TEXTIO function READ: line is empty
Time: 193072500 ns  Iteration: 1  Process: /edgefilt_tb/read_input_vector  File: E:/terme 7/FPGA/Prj1/9633022_Prj/project_2/project_2.srcs/sim_1/new/edgefilt_tb.vhd
Error: File E:\terme 7\FPGA\Prj1\B_input_vector.txt is already at the end of file, nothing to read
Time: 193073500 ns  Iteration: 1  Process: /edgefilt_tb/read_input_vector  File: E:/terme 7/FPGA/Prj1/9633022_Prj/project_2/project_2.srcs/sim_1/new/edgefilt_tb.vhd
Warning: TEXTIO function READ: line is empty
Time: 193073500 ns  Iteration: 1  Process: /edgefilt_tb/read_input_vector  File: E:/terme 7/FPGA/Prj1/9633022_Prj/project_2/project_2.srcs/sim_1/new/edgefilt_tb.vhd
Error: File E:\terme 7\FPGA\Prj1\B_input_vector.txt is already at the end of file, nothing to read
Time: 193074500 ns  Iteration: 1  Process: /edgefilt_tb/read_input_vector  File: E:/terme 7/FPGA/Prj1/9633022_Prj/project_2/project_2.srcs/sim_1/new/edgefilt_tb.vhd
Warning: TEXTIO function READ: line is empty
Time: 193074500 ns  Iteration: 1  Process: /edgefilt_tb/read_input_vector  File: E:/terme 7/FPGA/Prj1/9633022_Prj/project_2/project_2.srcs/sim_1/new/edgefilt_tb.vhd
Error: File E:\terme 7\FPGA\Prj1\B_input_vector.txt is already at the end of file, nothing to read
Time: 193075500 ns  Iteration: 1  Process: /edgefilt_tb/read_input_vector  File: E:/terme 7/FPGA/Prj1/9633022_Prj/project_2/project_2.srcs/sim_1/new/edgefilt_tb.vhd
Warning: TEXTIO function READ: line is empty
Time: 193075500 ns  Iteration: 1  Process: /edgefilt_tb/read_input_vector  File: E:/terme 7/FPGA/Prj1/9633022_Prj/project_2/project_2.srcs/sim_1/new/edgefilt_tb.vhd
Error: File E:\terme 7\FPGA\Prj1\B_input_vector.txt is already at the end of file, nothing to read
Time: 193076500 ns  Iteration: 1  Process: /edgefilt_tb/read_input_vector  File: E:/terme 7/FPGA/Prj1/9633022_Prj/project_2/project_2.srcs/sim_1/new/edgefilt_tb.vhd
Warning: TEXTIO function READ: line is empty
Time: 193076500 ns  Iteration: 1  Process: /edgefilt_tb/read_input_vector  File: E:/terme 7/FPGA/Prj1/9633022_Prj/project_2/project_2.srcs/sim_1/new/edgefilt_tb.vhd
Error: File E:\terme 7\FPGA\Prj1\B_input_vector.txt is already at the end of file, nothing to read
Time: 193077500 ns  Iteration: 1  Process: /edgefilt_tb/read_input_vector  File: E:/terme 7/FPGA/Prj1/9633022_Prj/project_2/project_2.srcs/sim_1/new/edgefilt_tb.vhd
Warning: TEXTIO function READ: line is empty
Time: 193077500 ns  Iteration: 1  Process: /edgefilt_tb/read_input_vector  File: E:/terme 7/FPGA/Prj1/9633022_Prj/project_2/project_2.srcs/sim_1/new/edgefilt_tb.vhd
Error: File E:\terme 7\FPGA\Prj1\B_input_vector.txt is already at the end of file, nothing to read
Time: 193078500 ns  Iteration: 1  Process: /edgefilt_tb/read_input_vector  File: E:/terme 7/FPGA/Prj1/9633022_Prj/project_2/project_2.srcs/sim_1/new/edgefilt_tb.vhd
Warning: TEXTIO function READ: line is empty
Time: 193078500 ns  Iteration: 1  Process: /edgefilt_tb/read_input_vector  File: E:/terme 7/FPGA/Prj1/9633022_Prj/project_2/project_2.srcs/sim_1/new/edgefilt_tb.vhd
Error: File E:\terme 7\FPGA\Prj1\B_input_vector.txt is already at the end of file, nothing to read
Time: 193079500 ns  Iteration: 1  Process: /edgefilt_tb/read_input_vector  File: E:/terme 7/FPGA/Prj1/9633022_Prj/project_2/project_2.srcs/sim_1/new/edgefilt_tb.vhd
Warning: TEXTIO function READ: line is empty
Time: 193079500 ns  Iteration: 1  Process: /edgefilt_tb/read_input_vector  File: E:/terme 7/FPGA/Prj1/9633022_Prj/project_2/project_2.srcs/sim_1/new/edgefilt_tb.vhd
Error: File E:\terme 7\FPGA\Prj1\B_input_vector.txt is already at the end of file, nothing to read
Time: 193080500 ns  Iteration: 1  Process: /edgefilt_tb/read_input_vector  File: E:/terme 7/FPGA/Prj1/9633022_Prj/project_2/project_2.srcs/sim_1/new/edgefilt_tb.vhd
Warning: TEXTIO function READ: line is empty
Time: 193080500 ns  Iteration: 1  Process: /edgefilt_tb/read_input_vector  File: E:/terme 7/FPGA/Prj1/9633022_Prj/project_2/project_2.srcs/sim_1/new/edgefilt_tb.vhd
Error: File E:\terme 7\FPGA\Prj1\B_input_vector.txt is already at the end of file, nothing to read
Time: 193081500 ns  Iteration: 1  Process: /edgefilt_tb/read_input_vector  File: E:/terme 7/FPGA/Prj1/9633022_Prj/project_2/project_2.srcs/sim_1/new/edgefilt_tb.vhd
Warning: TEXTIO function READ: line is empty
Time: 193081500 ns  Iteration: 1  Process: /edgefilt_tb/read_input_vector  File: E:/terme 7/FPGA/Prj1/9633022_Prj/project_2/project_2.srcs/sim_1/new/edgefilt_tb.vhd
Error: File E:\terme 7\FPGA\Prj1\B_input_vector.txt is already at the end of file, nothing to read
Time: 193082500 ns  Iteration: 1  Process: /edgefilt_tb/read_input_vector  File: E:/terme 7/FPGA/Prj1/9633022_Prj/project_2/project_2.srcs/sim_1/new/edgefilt_tb.vhd
Warning: TEXTIO function READ: line is empty
Time: 193082500 ns  Iteration: 1  Process: /edgefilt_tb/read_input_vector  File: E:/terme 7/FPGA/Prj1/9633022_Prj/project_2/project_2.srcs/sim_1/new/edgefilt_tb.vhd
Error: File E:\terme 7\FPGA\Prj1\B_input_vector.txt is already at the end of file, nothing to read
Time: 193083500 ns  Iteration: 1  Process: /edgefilt_tb/read_input_vector  File: E:/terme 7/FPGA/Prj1/9633022_Prj/project_2/project_2.srcs/sim_1/new/edgefilt_tb.vhd
Warning: TEXTIO function READ: line is empty
Time: 193083500 ns  Iteration: 1  Process: /edgefilt_tb/read_input_vector  File: E:/terme 7/FPGA/Prj1/9633022_Prj/project_2/project_2.srcs/sim_1/new/edgefilt_tb.vhd
Error: File E:\terme 7\FPGA\Prj1\B_input_vector.txt is already at the end of file, nothing to read
Time: 193084500 ns  Iteration: 1  Process: /edgefilt_tb/read_input_vector  File: E:/terme 7/FPGA/Prj1/9633022_Prj/project_2/project_2.srcs/sim_1/new/edgefilt_tb.vhd
Warning: TEXTIO function READ: line is empty
Time: 193084500 ns  Iteration: 1  Process: /edgefilt_tb/read_input_vector  File: E:/terme 7/FPGA/Prj1/9633022_Prj/project_2/project_2.srcs/sim_1/new/edgefilt_tb.vhd
Error: File E:\terme 7\FPGA\Prj1\B_input_vector.txt is already at the end of file, nothing to read
Time: 193085500 ns  Iteration: 1  Process: /edgefilt_tb/read_input_vector  File: E:/terme 7/FPGA/Prj1/9633022_Prj/project_2/project_2.srcs/sim_1/new/edgefilt_tb.vhd
Warning: TEXTIO function READ: line is empty
Time: 193085500 ns  Iteration: 1  Process: /edgefilt_tb/read_input_vector  File: E:/terme 7/FPGA/Prj1/9633022_Prj/project_2/project_2.srcs/sim_1/new/edgefilt_tb.vhd
Error: File E:\terme 7\FPGA\Prj1\B_input_vector.txt is already at the end of file, nothing to read
Time: 193086500 ns  Iteration: 1  Process: /edgefilt_tb/read_input_vector  File: E:/terme 7/FPGA/Prj1/9633022_Prj/project_2/project_2.srcs/sim_1/new/edgefilt_tb.vhd
Warning: TEXTIO function READ: line is empty
Time: 193086500 ns  Iteration: 1  Process: /edgefilt_tb/read_input_vector  File: E:/terme 7/FPGA/Prj1/9633022_Prj/project_2/project_2.srcs/sim_1/new/edgefilt_tb.vhd
Error: File E:\terme 7\FPGA\Prj1\B_input_vector.txt is already at the end of file, nothing to read
Time: 193087500 ns  Iteration: 1  Process: /edgefilt_tb/read_input_vector  File: E:/terme 7/FPGA/Prj1/9633022_Prj/project_2/project_2.srcs/sim_1/new/edgefilt_tb.vhd
Warning: TEXTIO function READ: line is empty
Time: 193087500 ns  Iteration: 1  Process: /edgefilt_tb/read_input_vector  File: E:/terme 7/FPGA/Prj1/9633022_Prj/project_2/project_2.srcs/sim_1/new/edgefilt_tb.vhd
Error: File E:\terme 7\FPGA\Prj1\B_input_vector.txt is already at the end of file, nothing to read
Time: 193088500 ns  Iteration: 1  Process: /edgefilt_tb/read_input_vector  File: E:/terme 7/FPGA/Prj1/9633022_Prj/project_2/project_2.srcs/sim_1/new/edgefilt_tb.vhd
Warning: TEXTIO function READ: line is empty
Time: 193088500 ns  Iteration: 1  Process: /edgefilt_tb/read_input_vector  File: E:/terme 7/FPGA/Prj1/9633022_Prj/project_2/project_2.srcs/sim_1/new/edgefilt_tb.vhd
Error: File E:\terme 7\FPGA\Prj1\B_input_vector.txt is already at the end of file, nothing to read
Time: 193089500 ns  Iteration: 1  Process: /edgefilt_tb/read_input_vector  File: E:/terme 7/FPGA/Prj1/9633022_Prj/project_2/project_2.srcs/sim_1/new/edgefilt_tb.vhd
Warning: TEXTIO function READ: line is empty
Time: 193089500 ns  Iteration: 1  Process: /edgefilt_tb/read_input_vector  File: E:/terme 7/FPGA/Prj1/9633022_Prj/project_2/project_2.srcs/sim_1/new/edgefilt_tb.vhd
Error: File E:\terme 7\FPGA\Prj1\B_input_vector.txt is already at the end of file, nothing to read
Time: 193090500 ns  Iteration: 1  Process: /edgefilt_tb/read_input_vector  File: E:/terme 7/FPGA/Prj1/9633022_Prj/project_2/project_2.srcs/sim_1/new/edgefilt_tb.vhd
Warning: TEXTIO function READ: line is empty
Time: 193090500 ns  Iteration: 1  Process: /edgefilt_tb/read_input_vector  File: E:/terme 7/FPGA/Prj1/9633022_Prj/project_2/project_2.srcs/sim_1/new/edgefilt_tb.vhd
Error: File E:\terme 7\FPGA\Prj1\B_input_vector.txt is already at the end of file, nothing to read
Time: 193091500 ns  Iteration: 1  Process: /edgefilt_tb/read_input_vector  File: E:/terme 7/FPGA/Prj1/9633022_Prj/project_2/project_2.srcs/sim_1/new/edgefilt_tb.vhd
Warning: TEXTIO function READ: line is empty
Time: 193091500 ns  Iteration: 1  Process: /edgefilt_tb/read_input_vector  File: E:/terme 7/FPGA/Prj1/9633022_Prj/project_2/project_2.srcs/sim_1/new/edgefilt_tb.vhd
Error: File E:\terme 7\FPGA\Prj1\B_input_vector.txt is already at the end of file, nothing to read
Time: 193092500 ns  Iteration: 1  Process: /edgefilt_tb/read_input_vector  File: E:/terme 7/FPGA/Prj1/9633022_Prj/project_2/project_2.srcs/sim_1/new/edgefilt_tb.vhd
Warning: TEXTIO function READ: line is empty
Time: 193092500 ns  Iteration: 1  Process: /edgefilt_tb/read_input_vector  File: E:/terme 7/FPGA/Prj1/9633022_Prj/project_2/project_2.srcs/sim_1/new/edgefilt_tb.vhd
Error: File E:\terme 7\FPGA\Prj1\B_input_vector.txt is already at the end of file, nothing to read
Time: 193093500 ns  Iteration: 1  Process: /edgefilt_tb/read_input_vector  File: E:/terme 7/FPGA/Prj1/9633022_Prj/project_2/project_2.srcs/sim_1/new/edgefilt_tb.vhd
Warning: TEXTIO function READ: line is empty
Time: 193093500 ns  Iteration: 1  Process: /edgefilt_tb/read_input_vector  File: E:/terme 7/FPGA/Prj1/9633022_Prj/project_2/project_2.srcs/sim_1/new/edgefilt_tb.vhd
Error: File E:\terme 7\FPGA\Prj1\B_input_vector.txt is already at the end of file, nothing to read
Time: 193094500 ns  Iteration: 1  Process: /edgefilt_tb/read_input_vector  File: E:/terme 7/FPGA/Prj1/9633022_Prj/project_2/project_2.srcs/sim_1/new/edgefilt_tb.vhd
Warning: TEXTIO function READ: line is empty
Time: 193094500 ns  Iteration: 1  Process: /edgefilt_tb/read_input_vector  File: E:/terme 7/FPGA/Prj1/9633022_Prj/project_2/project_2.srcs/sim_1/new/edgefilt_tb.vhd
Error: File E:\terme 7\FPGA\Prj1\B_input_vector.txt is already at the end of file, nothing to read
Time: 193095500 ns  Iteration: 1  Process: /edgefilt_tb/read_input_vector  File: E:/terme 7/FPGA/Prj1/9633022_Prj/project_2/project_2.srcs/sim_1/new/edgefilt_tb.vhd
Warning: TEXTIO function READ: line is empty
Time: 193095500 ns  Iteration: 1  Process: /edgefilt_tb/read_input_vector  File: E:/terme 7/FPGA/Prj1/9633022_Prj/project_2/project_2.srcs/sim_1/new/edgefilt_tb.vhd
Error: File E:\terme 7\FPGA\Prj1\B_input_vector.txt is already at the end of file, nothing to read
Time: 193096500 ns  Iteration: 1  Process: /edgefilt_tb/read_input_vector  File: E:/terme 7/FPGA/Prj1/9633022_Prj/project_2/project_2.srcs/sim_1/new/edgefilt_tb.vhd
Warning: TEXTIO function READ: line is empty
Time: 193096500 ns  Iteration: 1  Process: /edgefilt_tb/read_input_vector  File: E:/terme 7/FPGA/Prj1/9633022_Prj/project_2/project_2.srcs/sim_1/new/edgefilt_tb.vhd
Error: File E:\terme 7\FPGA\Prj1\B_input_vector.txt is already at the end of file, nothing to read
Time: 193097500 ns  Iteration: 1  Process: /edgefilt_tb/read_input_vector  File: E:/terme 7/FPGA/Prj1/9633022_Prj/project_2/project_2.srcs/sim_1/new/edgefilt_tb.vhd
Warning: TEXTIO function READ: line is empty
Time: 193097500 ns  Iteration: 1  Process: /edgefilt_tb/read_input_vector  File: E:/terme 7/FPGA/Prj1/9633022_Prj/project_2/project_2.srcs/sim_1/new/edgefilt_tb.vhd
Error: File E:\terme 7\FPGA\Prj1\B_input_vector.txt is already at the end of file, nothing to read
Time: 193098500 ns  Iteration: 1  Process: /edgefilt_tb/read_input_vector  File: E:/terme 7/FPGA/Prj1/9633022_Prj/project_2/project_2.srcs/sim_1/new/edgefilt_tb.vhd
Warning: TEXTIO function READ: line is empty
Time: 193098500 ns  Iteration: 1  Process: /edgefilt_tb/read_input_vector  File: E:/terme 7/FPGA/Prj1/9633022_Prj/project_2/project_2.srcs/sim_1/new/edgefilt_tb.vhd
Error: File E:\terme 7\FPGA\Prj1\B_input_vector.txt is already at the end of file, nothing to read
Time: 193099500 ns  Iteration: 1  Process: /edgefilt_tb/read_input_vector  File: E:/terme 7/FPGA/Prj1/9633022_Prj/project_2/project_2.srcs/sim_1/new/edgefilt_tb.vhd
Warning: TEXTIO function READ: line is empty
Time: 193099500 ns  Iteration: 1  Process: /edgefilt_tb/read_input_vector  File: E:/terme 7/FPGA/Prj1/9633022_Prj/project_2/project_2.srcs/sim_1/new/edgefilt_tb.vhd
Error: File E:\terme 7\FPGA\Prj1\B_input_vector.txt is already at the end of file, nothing to read
Time: 193100500 ns  Iteration: 1  Process: /edgefilt_tb/read_input_vector  File: E:/terme 7/FPGA/Prj1/9633022_Prj/project_2/project_2.srcs/sim_1/new/edgefilt_tb.vhd
Warning: TEXTIO function READ: line is empty
Time: 193100500 ns  Iteration: 1  Process: /edgefilt_tb/read_input_vector  File: E:/terme 7/FPGA/Prj1/9633022_Prj/project_2/project_2.srcs/sim_1/new/edgefilt_tb.vhd
Error: File E:\terme 7\FPGA\Prj1\B_input_vector.txt is already at the end of file, nothing to read
Time: 193101500 ns  Iteration: 1  Process: /edgefilt_tb/read_input_vector  File: E:/terme 7/FPGA/Prj1/9633022_Prj/project_2/project_2.srcs/sim_1/new/edgefilt_tb.vhd
Warning: TEXTIO function READ: line is empty
Time: 193101500 ns  Iteration: 1  Process: /edgefilt_tb/read_input_vector  File: E:/terme 7/FPGA/Prj1/9633022_Prj/project_2/project_2.srcs/sim_1/new/edgefilt_tb.vhd
Error: File E:\terme 7\FPGA\Prj1\B_input_vector.txt is already at the end of file, nothing to read
Time: 193102500 ns  Iteration: 1  Process: /edgefilt_tb/read_input_vector  File: E:/terme 7/FPGA/Prj1/9633022_Prj/project_2/project_2.srcs/sim_1/new/edgefilt_tb.vhd
Warning: TEXTIO function READ: line is empty
Time: 193102500 ns  Iteration: 1  Process: /edgefilt_tb/read_input_vector  File: E:/terme 7/FPGA/Prj1/9633022_Prj/project_2/project_2.srcs/sim_1/new/edgefilt_tb.vhd
Error: File E:\terme 7\FPGA\Prj1\B_input_vector.txt is already at the end of file, nothing to read
Time: 193103500 ns  Iteration: 1  Process: /edgefilt_tb/read_input_vector  File: E:/terme 7/FPGA/Prj1/9633022_Prj/project_2/project_2.srcs/sim_1/new/edgefilt_tb.vhd
Warning: TEXTIO function READ: line is empty
Time: 193103500 ns  Iteration: 1  Process: /edgefilt_tb/read_input_vector  File: E:/terme 7/FPGA/Prj1/9633022_Prj/project_2/project_2.srcs/sim_1/new/edgefilt_tb.vhd
Error: File E:\terme 7\FPGA\Prj1\B_input_vector.txt is already at the end of file, nothing to read
Time: 193104500 ns  Iteration: 1  Process: /edgefilt_tb/read_input_vector  File: E:/terme 7/FPGA/Prj1/9633022_Prj/project_2/project_2.srcs/sim_1/new/edgefilt_tb.vhd
Warning: TEXTIO function READ: line is empty
Time: 193104500 ns  Iteration: 1  Process: /edgefilt_tb/read_input_vector  File: E:/terme 7/FPGA/Prj1/9633022_Prj/project_2/project_2.srcs/sim_1/new/edgefilt_tb.vhd
Error: File E:\terme 7\FPGA\Prj1\B_input_vector.txt is already at the end of file, nothing to read
Time: 193105500 ns  Iteration: 1  Process: /edgefilt_tb/read_input_vector  File: E:/terme 7/FPGA/Prj1/9633022_Prj/project_2/project_2.srcs/sim_1/new/edgefilt_tb.vhd
Warning: TEXTIO function READ: line is empty
Time: 193105500 ns  Iteration: 1  Process: /edgefilt_tb/read_input_vector  File: E:/terme 7/FPGA/Prj1/9633022_Prj/project_2/project_2.srcs/sim_1/new/edgefilt_tb.vhd
Error: File E:\terme 7\FPGA\Prj1\B_input_vector.txt is already at the end of file, nothing to read
Time: 193106500 ns  Iteration: 1  Process: /edgefilt_tb/read_input_vector  File: E:/terme 7/FPGA/Prj1/9633022_Prj/project_2/project_2.srcs/sim_1/new/edgefilt_tb.vhd
Warning: TEXTIO function READ: line is empty
Time: 193106500 ns  Iteration: 1  Process: /edgefilt_tb/read_input_vector  File: E:/terme 7/FPGA/Prj1/9633022_Prj/project_2/project_2.srcs/sim_1/new/edgefilt_tb.vhd
Error: File E:\terme 7\FPGA\Prj1\B_input_vector.txt is already at the end of file, nothing to read
Time: 193107500 ns  Iteration: 1  Process: /edgefilt_tb/read_input_vector  File: E:/terme 7/FPGA/Prj1/9633022_Prj/project_2/project_2.srcs/sim_1/new/edgefilt_tb.vhd
Warning: TEXTIO function READ: line is empty
Time: 193107500 ns  Iteration: 1  Process: /edgefilt_tb/read_input_vector  File: E:/terme 7/FPGA/Prj1/9633022_Prj/project_2/project_2.srcs/sim_1/new/edgefilt_tb.vhd
Error: File E:\terme 7\FPGA\Prj1\B_input_vector.txt is already at the end of file, nothing to read
Time: 193108500 ns  Iteration: 1  Process: /edgefilt_tb/read_input_vector  File: E:/terme 7/FPGA/Prj1/9633022_Prj/project_2/project_2.srcs/sim_1/new/edgefilt_tb.vhd
Warning: TEXTIO function READ: line is empty
Time: 193108500 ns  Iteration: 1  Process: /edgefilt_tb/read_input_vector  File: E:/terme 7/FPGA/Prj1/9633022_Prj/project_2/project_2.srcs/sim_1/new/edgefilt_tb.vhd
Error: File E:\terme 7\FPGA\Prj1\B_input_vector.txt is already at the end of file, nothing to read
Time: 193109500 ns  Iteration: 1  Process: /edgefilt_tb/read_input_vector  File: E:/terme 7/FPGA/Prj1/9633022_Prj/project_2/project_2.srcs/sim_1/new/edgefilt_tb.vhd
Warning: TEXTIO function READ: line is empty
Time: 193109500 ns  Iteration: 1  Process: /edgefilt_tb/read_input_vector  File: E:/terme 7/FPGA/Prj1/9633022_Prj/project_2/project_2.srcs/sim_1/new/edgefilt_tb.vhd
Error: File E:\terme 7\FPGA\Prj1\B_input_vector.txt is already at the end of file, nothing to read
Time: 193110500 ns  Iteration: 1  Process: /edgefilt_tb/read_input_vector  File: E:/terme 7/FPGA/Prj1/9633022_Prj/project_2/project_2.srcs/sim_1/new/edgefilt_tb.vhd
Warning: TEXTIO function READ: line is empty
Time: 193110500 ns  Iteration: 1  Process: /edgefilt_tb/read_input_vector  File: E:/terme 7/FPGA/Prj1/9633022_Prj/project_2/project_2.srcs/sim_1/new/edgefilt_tb.vhd
Error: File E:\terme 7\FPGA\Prj1\B_input_vector.txt is already at the end of file, nothing to read
Time: 193111500 ns  Iteration: 1  Process: /edgefilt_tb/read_input_vector  File: E:/terme 7/FPGA/Prj1/9633022_Prj/project_2/project_2.srcs/sim_1/new/edgefilt_tb.vhd
Warning: TEXTIO function READ: line is empty
Time: 193111500 ns  Iteration: 1  Process: /edgefilt_tb/read_input_vector  File: E:/terme 7/FPGA/Prj1/9633022_Prj/project_2/project_2.srcs/sim_1/new/edgefilt_tb.vhd
Error: File E:\terme 7\FPGA\Prj1\B_input_vector.txt is already at the end of file, nothing to read
Time: 193112500 ns  Iteration: 1  Process: /edgefilt_tb/read_input_vector  File: E:/terme 7/FPGA/Prj1/9633022_Prj/project_2/project_2.srcs/sim_1/new/edgefilt_tb.vhd
Warning: TEXTIO function READ: line is empty
Time: 193112500 ns  Iteration: 1  Process: /edgefilt_tb/read_input_vector  File: E:/terme 7/FPGA/Prj1/9633022_Prj/project_2/project_2.srcs/sim_1/new/edgefilt_tb.vhd
Error: File E:\terme 7\FPGA\Prj1\B_input_vector.txt is already at the end of file, nothing to read
Time: 193113500 ns  Iteration: 1  Process: /edgefilt_tb/read_input_vector  File: E:/terme 7/FPGA/Prj1/9633022_Prj/project_2/project_2.srcs/sim_1/new/edgefilt_tb.vhd
Warning: TEXTIO function READ: line is empty
Time: 193113500 ns  Iteration: 1  Process: /edgefilt_tb/read_input_vector  File: E:/terme 7/FPGA/Prj1/9633022_Prj/project_2/project_2.srcs/sim_1/new/edgefilt_tb.vhd
Error: File E:\terme 7\FPGA\Prj1\B_input_vector.txt is already at the end of file, nothing to read
Time: 193114500 ns  Iteration: 1  Process: /edgefilt_tb/read_input_vector  File: E:/terme 7/FPGA/Prj1/9633022_Prj/project_2/project_2.srcs/sim_1/new/edgefilt_tb.vhd
Warning: TEXTIO function READ: line is empty
Time: 193114500 ns  Iteration: 1  Process: /edgefilt_tb/read_input_vector  File: E:/terme 7/FPGA/Prj1/9633022_Prj/project_2/project_2.srcs/sim_1/new/edgefilt_tb.vhd
Error: File E:\terme 7\FPGA\Prj1\B_input_vector.txt is already at the end of file, nothing to read
Time: 193115500 ns  Iteration: 1  Process: /edgefilt_tb/read_input_vector  File: E:/terme 7/FPGA/Prj1/9633022_Prj/project_2/project_2.srcs/sim_1/new/edgefilt_tb.vhd
Warning: TEXTIO function READ: line is empty
Time: 193115500 ns  Iteration: 1  Process: /edgefilt_tb/read_input_vector  File: E:/terme 7/FPGA/Prj1/9633022_Prj/project_2/project_2.srcs/sim_1/new/edgefilt_tb.vhd
Error: File E:\terme 7\FPGA\Prj1\B_input_vector.txt is already at the end of file, nothing to read
Time: 193116500 ns  Iteration: 1  Process: /edgefilt_tb/read_input_vector  File: E:/terme 7/FPGA/Prj1/9633022_Prj/project_2/project_2.srcs/sim_1/new/edgefilt_tb.vhd
Warning: TEXTIO function READ: line is empty
Time: 193116500 ns  Iteration: 1  Process: /edgefilt_tb/read_input_vector  File: E:/terme 7/FPGA/Prj1/9633022_Prj/project_2/project_2.srcs/sim_1/new/edgefilt_tb.vhd
Error: File E:\terme 7\FPGA\Prj1\B_input_vector.txt is already at the end of file, nothing to read
Time: 193117500 ns  Iteration: 1  Process: /edgefilt_tb/read_input_vector  File: E:/terme 7/FPGA/Prj1/9633022_Prj/project_2/project_2.srcs/sim_1/new/edgefilt_tb.vhd
Warning: TEXTIO function READ: line is empty
Time: 193117500 ns  Iteration: 1  Process: /edgefilt_tb/read_input_vector  File: E:/terme 7/FPGA/Prj1/9633022_Prj/project_2/project_2.srcs/sim_1/new/edgefilt_tb.vhd
Error: File E:\terme 7\FPGA\Prj1\B_input_vector.txt is already at the end of file, nothing to read
Time: 193118500 ns  Iteration: 1  Process: /edgefilt_tb/read_input_vector  File: E:/terme 7/FPGA/Prj1/9633022_Prj/project_2/project_2.srcs/sim_1/new/edgefilt_tb.vhd
Warning: TEXTIO function READ: line is empty
Time: 193118500 ns  Iteration: 1  Process: /edgefilt_tb/read_input_vector  File: E:/terme 7/FPGA/Prj1/9633022_Prj/project_2/project_2.srcs/sim_1/new/edgefilt_tb.vhd
Error: File E:\terme 7\FPGA\Prj1\B_input_vector.txt is already at the end of file, nothing to read
Time: 193119500 ns  Iteration: 1  Process: /edgefilt_tb/read_input_vector  File: E:/terme 7/FPGA/Prj1/9633022_Prj/project_2/project_2.srcs/sim_1/new/edgefilt_tb.vhd
Warning: TEXTIO function READ: line is empty
Time: 193119500 ns  Iteration: 1  Process: /edgefilt_tb/read_input_vector  File: E:/terme 7/FPGA/Prj1/9633022_Prj/project_2/project_2.srcs/sim_1/new/edgefilt_tb.vhd
Error: File E:\terme 7\FPGA\Prj1\B_input_vector.txt is already at the end of file, nothing to read
Time: 193120500 ns  Iteration: 1  Process: /edgefilt_tb/read_input_vector  File: E:/terme 7/FPGA/Prj1/9633022_Prj/project_2/project_2.srcs/sim_1/new/edgefilt_tb.vhd
Warning: TEXTIO function READ: line is empty
Time: 193120500 ns  Iteration: 1  Process: /edgefilt_tb/read_input_vector  File: E:/terme 7/FPGA/Prj1/9633022_Prj/project_2/project_2.srcs/sim_1/new/edgefilt_tb.vhd
Error: File E:\terme 7\FPGA\Prj1\B_input_vector.txt is already at the end of file, nothing to read
Time: 193121500 ns  Iteration: 1  Process: /edgefilt_tb/read_input_vector  File: E:/terme 7/FPGA/Prj1/9633022_Prj/project_2/project_2.srcs/sim_1/new/edgefilt_tb.vhd
Warning: TEXTIO function READ: line is empty
Time: 193121500 ns  Iteration: 1  Process: /edgefilt_tb/read_input_vector  File: E:/terme 7/FPGA/Prj1/9633022_Prj/project_2/project_2.srcs/sim_1/new/edgefilt_tb.vhd
Error: File E:\terme 7\FPGA\Prj1\B_input_vector.txt is already at the end of file, nothing to read
Time: 193122500 ns  Iteration: 1  Process: /edgefilt_tb/read_input_vector  File: E:/terme 7/FPGA/Prj1/9633022_Prj/project_2/project_2.srcs/sim_1/new/edgefilt_tb.vhd
Warning: TEXTIO function READ: line is empty
Time: 193122500 ns  Iteration: 1  Process: /edgefilt_tb/read_input_vector  File: E:/terme 7/FPGA/Prj1/9633022_Prj/project_2/project_2.srcs/sim_1/new/edgefilt_tb.vhd
Error: File E:\terme 7\FPGA\Prj1\B_input_vector.txt is already at the end of file, nothing to read
Time: 193123500 ns  Iteration: 1  Process: /edgefilt_tb/read_input_vector  File: E:/terme 7/FPGA/Prj1/9633022_Prj/project_2/project_2.srcs/sim_1/new/edgefilt_tb.vhd
Warning: TEXTIO function READ: line is empty
Time: 193123500 ns  Iteration: 1  Process: /edgefilt_tb/read_input_vector  File: E:/terme 7/FPGA/Prj1/9633022_Prj/project_2/project_2.srcs/sim_1/new/edgefilt_tb.vhd
Error: File E:\terme 7\FPGA\Prj1\B_input_vector.txt is already at the end of file, nothing to read
Time: 193124500 ns  Iteration: 1  Process: /edgefilt_tb/read_input_vector  File: E:/terme 7/FPGA/Prj1/9633022_Prj/project_2/project_2.srcs/sim_1/new/edgefilt_tb.vhd
Warning: TEXTIO function READ: line is empty
Time: 193124500 ns  Iteration: 1  Process: /edgefilt_tb/read_input_vector  File: E:/terme 7/FPGA/Prj1/9633022_Prj/project_2/project_2.srcs/sim_1/new/edgefilt_tb.vhd
Error: File E:\terme 7\FPGA\Prj1\B_input_vector.txt is already at the end of file, nothing to read
Time: 193125500 ns  Iteration: 1  Process: /edgefilt_tb/read_input_vector  File: E:/terme 7/FPGA/Prj1/9633022_Prj/project_2/project_2.srcs/sim_1/new/edgefilt_tb.vhd
Warning: TEXTIO function READ: line is empty
Time: 193125500 ns  Iteration: 1  Process: /edgefilt_tb/read_input_vector  File: E:/terme 7/FPGA/Prj1/9633022_Prj/project_2/project_2.srcs/sim_1/new/edgefilt_tb.vhd
Error: File E:\terme 7\FPGA\Prj1\B_input_vector.txt is already at the end of file, nothing to read
Time: 193126500 ns  Iteration: 1  Process: /edgefilt_tb/read_input_vector  File: E:/terme 7/FPGA/Prj1/9633022_Prj/project_2/project_2.srcs/sim_1/new/edgefilt_tb.vhd
Warning: TEXTIO function READ: line is empty
Time: 193126500 ns  Iteration: 1  Process: /edgefilt_tb/read_input_vector  File: E:/terme 7/FPGA/Prj1/9633022_Prj/project_2/project_2.srcs/sim_1/new/edgefilt_tb.vhd
Error: File E:\terme 7\FPGA\Prj1\B_input_vector.txt is already at the end of file, nothing to read
Time: 193127500 ns  Iteration: 1  Process: /edgefilt_tb/read_input_vector  File: E:/terme 7/FPGA/Prj1/9633022_Prj/project_2/project_2.srcs/sim_1/new/edgefilt_tb.vhd
Warning: TEXTIO function READ: line is empty
Time: 193127500 ns  Iteration: 1  Process: /edgefilt_tb/read_input_vector  File: E:/terme 7/FPGA/Prj1/9633022_Prj/project_2/project_2.srcs/sim_1/new/edgefilt_tb.vhd
Error: File E:\terme 7\FPGA\Prj1\B_input_vector.txt is already at the end of file, nothing to read
Time: 193128500 ns  Iteration: 1  Process: /edgefilt_tb/read_input_vector  File: E:/terme 7/FPGA/Prj1/9633022_Prj/project_2/project_2.srcs/sim_1/new/edgefilt_tb.vhd
Warning: TEXTIO function READ: line is empty
Time: 193128500 ns  Iteration: 1  Process: /edgefilt_tb/read_input_vector  File: E:/terme 7/FPGA/Prj1/9633022_Prj/project_2/project_2.srcs/sim_1/new/edgefilt_tb.vhd
Error: File E:\terme 7\FPGA\Prj1\B_input_vector.txt is already at the end of file, nothing to read
Time: 193129500 ns  Iteration: 1  Process: /edgefilt_tb/read_input_vector  File: E:/terme 7/FPGA/Prj1/9633022_Prj/project_2/project_2.srcs/sim_1/new/edgefilt_tb.vhd
Warning: TEXTIO function READ: line is empty
Time: 193129500 ns  Iteration: 1  Process: /edgefilt_tb/read_input_vector  File: E:/terme 7/FPGA/Prj1/9633022_Prj/project_2/project_2.srcs/sim_1/new/edgefilt_tb.vhd
Error: File E:\terme 7\FPGA\Prj1\B_input_vector.txt is already at the end of file, nothing to read
Time: 193130500 ns  Iteration: 1  Process: /edgefilt_tb/read_input_vector  File: E:/terme 7/FPGA/Prj1/9633022_Prj/project_2/project_2.srcs/sim_1/new/edgefilt_tb.vhd
Warning: TEXTIO function READ: line is empty
Time: 193130500 ns  Iteration: 1  Process: /edgefilt_tb/read_input_vector  File: E:/terme 7/FPGA/Prj1/9633022_Prj/project_2/project_2.srcs/sim_1/new/edgefilt_tb.vhd
Error: File E:\terme 7\FPGA\Prj1\B_input_vector.txt is already at the end of file, nothing to read
Time: 193131500 ns  Iteration: 1  Process: /edgefilt_tb/read_input_vector  File: E:/terme 7/FPGA/Prj1/9633022_Prj/project_2/project_2.srcs/sim_1/new/edgefilt_tb.vhd
Warning: TEXTIO function READ: line is empty
Time: 193131500 ns  Iteration: 1  Process: /edgefilt_tb/read_input_vector  File: E:/terme 7/FPGA/Prj1/9633022_Prj/project_2/project_2.srcs/sim_1/new/edgefilt_tb.vhd
Error: File E:\terme 7\FPGA\Prj1\B_input_vector.txt is already at the end of file, nothing to read
Time: 193132500 ns  Iteration: 1  Process: /edgefilt_tb/read_input_vector  File: E:/terme 7/FPGA/Prj1/9633022_Prj/project_2/project_2.srcs/sim_1/new/edgefilt_tb.vhd
Warning: TEXTIO function READ: line is empty
Time: 193132500 ns  Iteration: 1  Process: /edgefilt_tb/read_input_vector  File: E:/terme 7/FPGA/Prj1/9633022_Prj/project_2/project_2.srcs/sim_1/new/edgefilt_tb.vhd
Error: File E:\terme 7\FPGA\Prj1\B_input_vector.txt is already at the end of file, nothing to read
Time: 193133500 ns  Iteration: 1  Process: /edgefilt_tb/read_input_vector  File: E:/terme 7/FPGA/Prj1/9633022_Prj/project_2/project_2.srcs/sim_1/new/edgefilt_tb.vhd
Warning: TEXTIO function READ: line is empty
Time: 193133500 ns  Iteration: 1  Process: /edgefilt_tb/read_input_vector  File: E:/terme 7/FPGA/Prj1/9633022_Prj/project_2/project_2.srcs/sim_1/new/edgefilt_tb.vhd
Error: File E:\terme 7\FPGA\Prj1\B_input_vector.txt is already at the end of file, nothing to read
Time: 193134500 ns  Iteration: 1  Process: /edgefilt_tb/read_input_vector  File: E:/terme 7/FPGA/Prj1/9633022_Prj/project_2/project_2.srcs/sim_1/new/edgefilt_tb.vhd
Warning: TEXTIO function READ: line is empty
Time: 193134500 ns  Iteration: 1  Process: /edgefilt_tb/read_input_vector  File: E:/terme 7/FPGA/Prj1/9633022_Prj/project_2/project_2.srcs/sim_1/new/edgefilt_tb.vhd
Error: File E:\terme 7\FPGA\Prj1\B_input_vector.txt is already at the end of file, nothing to read
Time: 193135500 ns  Iteration: 1  Process: /edgefilt_tb/read_input_vector  File: E:/terme 7/FPGA/Prj1/9633022_Prj/project_2/project_2.srcs/sim_1/new/edgefilt_tb.vhd
Warning: TEXTIO function READ: line is empty
Time: 193135500 ns  Iteration: 1  Process: /edgefilt_tb/read_input_vector  File: E:/terme 7/FPGA/Prj1/9633022_Prj/project_2/project_2.srcs/sim_1/new/edgefilt_tb.vhd
Error: File E:\terme 7\FPGA\Prj1\B_input_vector.txt is already at the end of file, nothing to read
Time: 193136500 ns  Iteration: 1  Process: /edgefilt_tb/read_input_vector  File: E:/terme 7/FPGA/Prj1/9633022_Prj/project_2/project_2.srcs/sim_1/new/edgefilt_tb.vhd
Warning: TEXTIO function READ: line is empty
Time: 193136500 ns  Iteration: 1  Process: /edgefilt_tb/read_input_vector  File: E:/terme 7/FPGA/Prj1/9633022_Prj/project_2/project_2.srcs/sim_1/new/edgefilt_tb.vhd
Error: File E:\terme 7\FPGA\Prj1\B_input_vector.txt is already at the end of file, nothing to read
Time: 193137500 ns  Iteration: 1  Process: /edgefilt_tb/read_input_vector  File: E:/terme 7/FPGA/Prj1/9633022_Prj/project_2/project_2.srcs/sim_1/new/edgefilt_tb.vhd
Warning: TEXTIO function READ: line is empty
Time: 193137500 ns  Iteration: 1  Process: /edgefilt_tb/read_input_vector  File: E:/terme 7/FPGA/Prj1/9633022_Prj/project_2/project_2.srcs/sim_1/new/edgefilt_tb.vhd
Error: File E:\terme 7\FPGA\Prj1\B_input_vector.txt is already at the end of file, nothing to read
Time: 193138500 ns  Iteration: 1  Process: /edgefilt_tb/read_input_vector  File: E:/terme 7/FPGA/Prj1/9633022_Prj/project_2/project_2.srcs/sim_1/new/edgefilt_tb.vhd
Warning: TEXTIO function READ: line is empty
Time: 193138500 ns  Iteration: 1  Process: /edgefilt_tb/read_input_vector  File: E:/terme 7/FPGA/Prj1/9633022_Prj/project_2/project_2.srcs/sim_1/new/edgefilt_tb.vhd
Error: File E:\terme 7\FPGA\Prj1\B_input_vector.txt is already at the end of file, nothing to read
Time: 193139500 ns  Iteration: 1  Process: /edgefilt_tb/read_input_vector  File: E:/terme 7/FPGA/Prj1/9633022_Prj/project_2/project_2.srcs/sim_1/new/edgefilt_tb.vhd
Warning: TEXTIO function READ: line is empty
Time: 193139500 ns  Iteration: 1  Process: /edgefilt_tb/read_input_vector  File: E:/terme 7/FPGA/Prj1/9633022_Prj/project_2/project_2.srcs/sim_1/new/edgefilt_tb.vhd
Error: File E:\terme 7\FPGA\Prj1\B_input_vector.txt is already at the end of file, nothing to read
Time: 193140500 ns  Iteration: 1  Process: /edgefilt_tb/read_input_vector  File: E:/terme 7/FPGA/Prj1/9633022_Prj/project_2/project_2.srcs/sim_1/new/edgefilt_tb.vhd
Warning: TEXTIO function READ: line is empty
Time: 193140500 ns  Iteration: 1  Process: /edgefilt_tb/read_input_vector  File: E:/terme 7/FPGA/Prj1/9633022_Prj/project_2/project_2.srcs/sim_1/new/edgefilt_tb.vhd
Error: File E:\terme 7\FPGA\Prj1\B_input_vector.txt is already at the end of file, nothing to read
Time: 193141500 ns  Iteration: 1  Process: /edgefilt_tb/read_input_vector  File: E:/terme 7/FPGA/Prj1/9633022_Prj/project_2/project_2.srcs/sim_1/new/edgefilt_tb.vhd
Warning: TEXTIO function READ: line is empty
Time: 193141500 ns  Iteration: 1  Process: /edgefilt_tb/read_input_vector  File: E:/terme 7/FPGA/Prj1/9633022_Prj/project_2/project_2.srcs/sim_1/new/edgefilt_tb.vhd
Error: File E:\terme 7\FPGA\Prj1\B_input_vector.txt is already at the end of file, nothing to read
Time: 193142500 ns  Iteration: 1  Process: /edgefilt_tb/read_input_vector  File: E:/terme 7/FPGA/Prj1/9633022_Prj/project_2/project_2.srcs/sim_1/new/edgefilt_tb.vhd
Warning: TEXTIO function READ: line is empty
Time: 193142500 ns  Iteration: 1  Process: /edgefilt_tb/read_input_vector  File: E:/terme 7/FPGA/Prj1/9633022_Prj/project_2/project_2.srcs/sim_1/new/edgefilt_tb.vhd
Error: File E:\terme 7\FPGA\Prj1\B_input_vector.txt is already at the end of file, nothing to read
Time: 193143500 ns  Iteration: 1  Process: /edgefilt_tb/read_input_vector  File: E:/terme 7/FPGA/Prj1/9633022_Prj/project_2/project_2.srcs/sim_1/new/edgefilt_tb.vhd
Warning: TEXTIO function READ: line is empty
Time: 193143500 ns  Iteration: 1  Process: /edgefilt_tb/read_input_vector  File: E:/terme 7/FPGA/Prj1/9633022_Prj/project_2/project_2.srcs/sim_1/new/edgefilt_tb.vhd
Error: File E:\terme 7\FPGA\Prj1\B_input_vector.txt is already at the end of file, nothing to read
Time: 193144500 ns  Iteration: 1  Process: /edgefilt_tb/read_input_vector  File: E:/terme 7/FPGA/Prj1/9633022_Prj/project_2/project_2.srcs/sim_1/new/edgefilt_tb.vhd
Warning: TEXTIO function READ: line is empty
Time: 193144500 ns  Iteration: 1  Process: /edgefilt_tb/read_input_vector  File: E:/terme 7/FPGA/Prj1/9633022_Prj/project_2/project_2.srcs/sim_1/new/edgefilt_tb.vhd
Error: File E:\terme 7\FPGA\Prj1\B_input_vector.txt is already at the end of file, nothing to read
Time: 193145500 ns  Iteration: 1  Process: /edgefilt_tb/read_input_vector  File: E:/terme 7/FPGA/Prj1/9633022_Prj/project_2/project_2.srcs/sim_1/new/edgefilt_tb.vhd
Warning: TEXTIO function READ: line is empty
Time: 193145500 ns  Iteration: 1  Process: /edgefilt_tb/read_input_vector  File: E:/terme 7/FPGA/Prj1/9633022_Prj/project_2/project_2.srcs/sim_1/new/edgefilt_tb.vhd
Error: File E:\terme 7\FPGA\Prj1\B_input_vector.txt is already at the end of file, nothing to read
Time: 193146500 ns  Iteration: 1  Process: /edgefilt_tb/read_input_vector  File: E:/terme 7/FPGA/Prj1/9633022_Prj/project_2/project_2.srcs/sim_1/new/edgefilt_tb.vhd
Warning: TEXTIO function READ: line is empty
Time: 193146500 ns  Iteration: 1  Process: /edgefilt_tb/read_input_vector  File: E:/terme 7/FPGA/Prj1/9633022_Prj/project_2/project_2.srcs/sim_1/new/edgefilt_tb.vhd
Error: File E:\terme 7\FPGA\Prj1\B_input_vector.txt is already at the end of file, nothing to read
Time: 193147500 ns  Iteration: 1  Process: /edgefilt_tb/read_input_vector  File: E:/terme 7/FPGA/Prj1/9633022_Prj/project_2/project_2.srcs/sim_1/new/edgefilt_tb.vhd
Warning: TEXTIO function READ: line is empty
Time: 193147500 ns  Iteration: 1  Process: /edgefilt_tb/read_input_vector  File: E:/terme 7/FPGA/Prj1/9633022_Prj/project_2/project_2.srcs/sim_1/new/edgefilt_tb.vhd
Error: File E:\terme 7\FPGA\Prj1\B_input_vector.txt is already at the end of file, nothing to read
Time: 193148500 ns  Iteration: 1  Process: /edgefilt_tb/read_input_vector  File: E:/terme 7/FPGA/Prj1/9633022_Prj/project_2/project_2.srcs/sim_1/new/edgefilt_tb.vhd
Warning: TEXTIO function READ: line is empty
Time: 193148500 ns  Iteration: 1  Process: /edgefilt_tb/read_input_vector  File: E:/terme 7/FPGA/Prj1/9633022_Prj/project_2/project_2.srcs/sim_1/new/edgefilt_tb.vhd
Error: File E:\terme 7\FPGA\Prj1\B_input_vector.txt is already at the end of file, nothing to read
Time: 193149500 ns  Iteration: 1  Process: /edgefilt_tb/read_input_vector  File: E:/terme 7/FPGA/Prj1/9633022_Prj/project_2/project_2.srcs/sim_1/new/edgefilt_tb.vhd
Warning: TEXTIO function READ: line is empty
Time: 193149500 ns  Iteration: 1  Process: /edgefilt_tb/read_input_vector  File: E:/terme 7/FPGA/Prj1/9633022_Prj/project_2/project_2.srcs/sim_1/new/edgefilt_tb.vhd
Error: File E:\terme 7\FPGA\Prj1\B_input_vector.txt is already at the end of file, nothing to read
Time: 193150500 ns  Iteration: 1  Process: /edgefilt_tb/read_input_vector  File: E:/terme 7/FPGA/Prj1/9633022_Prj/project_2/project_2.srcs/sim_1/new/edgefilt_tb.vhd
Warning: TEXTIO function READ: line is empty
Time: 193150500 ns  Iteration: 1  Process: /edgefilt_tb/read_input_vector  File: E:/terme 7/FPGA/Prj1/9633022_Prj/project_2/project_2.srcs/sim_1/new/edgefilt_tb.vhd
Error: File E:\terme 7\FPGA\Prj1\B_input_vector.txt is already at the end of file, nothing to read
Time: 193151500 ns  Iteration: 1  Process: /edgefilt_tb/read_input_vector  File: E:/terme 7/FPGA/Prj1/9633022_Prj/project_2/project_2.srcs/sim_1/new/edgefilt_tb.vhd
Warning: TEXTIO function READ: line is empty
Time: 193151500 ns  Iteration: 1  Process: /edgefilt_tb/read_input_vector  File: E:/terme 7/FPGA/Prj1/9633022_Prj/project_2/project_2.srcs/sim_1/new/edgefilt_tb.vhd
Error: File E:\terme 7\FPGA\Prj1\B_input_vector.txt is already at the end of file, nothing to read
Time: 193152500 ns  Iteration: 1  Process: /edgefilt_tb/read_input_vector  File: E:/terme 7/FPGA/Prj1/9633022_Prj/project_2/project_2.srcs/sim_1/new/edgefilt_tb.vhd
Warning: TEXTIO function READ: line is empty
Time: 193152500 ns  Iteration: 1  Process: /edgefilt_tb/read_input_vector  File: E:/terme 7/FPGA/Prj1/9633022_Prj/project_2/project_2.srcs/sim_1/new/edgefilt_tb.vhd
Error: File E:\terme 7\FPGA\Prj1\B_input_vector.txt is already at the end of file, nothing to read
Time: 193153500 ns  Iteration: 1  Process: /edgefilt_tb/read_input_vector  File: E:/terme 7/FPGA/Prj1/9633022_Prj/project_2/project_2.srcs/sim_1/new/edgefilt_tb.vhd
Warning: TEXTIO function READ: line is empty
Time: 193153500 ns  Iteration: 1  Process: /edgefilt_tb/read_input_vector  File: E:/terme 7/FPGA/Prj1/9633022_Prj/project_2/project_2.srcs/sim_1/new/edgefilt_tb.vhd
Error: File E:\terme 7\FPGA\Prj1\B_input_vector.txt is already at the end of file, nothing to read
Time: 193154500 ns  Iteration: 1  Process: /edgefilt_tb/read_input_vector  File: E:/terme 7/FPGA/Prj1/9633022_Prj/project_2/project_2.srcs/sim_1/new/edgefilt_tb.vhd
Warning: TEXTIO function READ: line is empty
Time: 193154500 ns  Iteration: 1  Process: /edgefilt_tb/read_input_vector  File: E:/terme 7/FPGA/Prj1/9633022_Prj/project_2/project_2.srcs/sim_1/new/edgefilt_tb.vhd
Error: File E:\terme 7\FPGA\Prj1\B_input_vector.txt is already at the end of file, nothing to read
Time: 193155500 ns  Iteration: 1  Process: /edgefilt_tb/read_input_vector  File: E:/terme 7/FPGA/Prj1/9633022_Prj/project_2/project_2.srcs/sim_1/new/edgefilt_tb.vhd
Warning: TEXTIO function READ: line is empty
Time: 193155500 ns  Iteration: 1  Process: /edgefilt_tb/read_input_vector  File: E:/terme 7/FPGA/Prj1/9633022_Prj/project_2/project_2.srcs/sim_1/new/edgefilt_tb.vhd
Error: File E:\terme 7\FPGA\Prj1\B_input_vector.txt is already at the end of file, nothing to read
Time: 193156500 ns  Iteration: 1  Process: /edgefilt_tb/read_input_vector  File: E:/terme 7/FPGA/Prj1/9633022_Prj/project_2/project_2.srcs/sim_1/new/edgefilt_tb.vhd
Warning: TEXTIO function READ: line is empty
Time: 193156500 ns  Iteration: 1  Process: /edgefilt_tb/read_input_vector  File: E:/terme 7/FPGA/Prj1/9633022_Prj/project_2/project_2.srcs/sim_1/new/edgefilt_tb.vhd
Error: File E:\terme 7\FPGA\Prj1\B_input_vector.txt is already at the end of file, nothing to read
Time: 193157500 ns  Iteration: 1  Process: /edgefilt_tb/read_input_vector  File: E:/terme 7/FPGA/Prj1/9633022_Prj/project_2/project_2.srcs/sim_1/new/edgefilt_tb.vhd
Warning: TEXTIO function READ: line is empty
Time: 193157500 ns  Iteration: 1  Process: /edgefilt_tb/read_input_vector  File: E:/terme 7/FPGA/Prj1/9633022_Prj/project_2/project_2.srcs/sim_1/new/edgefilt_tb.vhd
Error: File E:\terme 7\FPGA\Prj1\B_input_vector.txt is already at the end of file, nothing to read
Time: 193158500 ns  Iteration: 1  Process: /edgefilt_tb/read_input_vector  File: E:/terme 7/FPGA/Prj1/9633022_Prj/project_2/project_2.srcs/sim_1/new/edgefilt_tb.vhd
Warning: TEXTIO function READ: line is empty
Time: 193158500 ns  Iteration: 1  Process: /edgefilt_tb/read_input_vector  File: E:/terme 7/FPGA/Prj1/9633022_Prj/project_2/project_2.srcs/sim_1/new/edgefilt_tb.vhd
Error: File E:\terme 7\FPGA\Prj1\B_input_vector.txt is already at the end of file, nothing to read
Time: 193159500 ns  Iteration: 1  Process: /edgefilt_tb/read_input_vector  File: E:/terme 7/FPGA/Prj1/9633022_Prj/project_2/project_2.srcs/sim_1/new/edgefilt_tb.vhd
Warning: TEXTIO function READ: line is empty
Time: 193159500 ns  Iteration: 1  Process: /edgefilt_tb/read_input_vector  File: E:/terme 7/FPGA/Prj1/9633022_Prj/project_2/project_2.srcs/sim_1/new/edgefilt_tb.vhd
Error: File E:\terme 7\FPGA\Prj1\B_input_vector.txt is already at the end of file, nothing to read
Time: 193160500 ns  Iteration: 1  Process: /edgefilt_tb/read_input_vector  File: E:/terme 7/FPGA/Prj1/9633022_Prj/project_2/project_2.srcs/sim_1/new/edgefilt_tb.vhd
Warning: TEXTIO function READ: line is empty
Time: 193160500 ns  Iteration: 1  Process: /edgefilt_tb/read_input_vector  File: E:/terme 7/FPGA/Prj1/9633022_Prj/project_2/project_2.srcs/sim_1/new/edgefilt_tb.vhd
Error: File E:\terme 7\FPGA\Prj1\B_input_vector.txt is already at the end of file, nothing to read
Time: 193161500 ns  Iteration: 1  Process: /edgefilt_tb/read_input_vector  File: E:/terme 7/FPGA/Prj1/9633022_Prj/project_2/project_2.srcs/sim_1/new/edgefilt_tb.vhd
Warning: TEXTIO function READ: line is empty
Time: 193161500 ns  Iteration: 1  Process: /edgefilt_tb/read_input_vector  File: E:/terme 7/FPGA/Prj1/9633022_Prj/project_2/project_2.srcs/sim_1/new/edgefilt_tb.vhd
Error: File E:\terme 7\FPGA\Prj1\B_input_vector.txt is already at the end of file, nothing to read
Time: 193162500 ns  Iteration: 1  Process: /edgefilt_tb/read_input_vector  File: E:/terme 7/FPGA/Prj1/9633022_Prj/project_2/project_2.srcs/sim_1/new/edgefilt_tb.vhd
Warning: TEXTIO function READ: line is empty
Time: 193162500 ns  Iteration: 1  Process: /edgefilt_tb/read_input_vector  File: E:/terme 7/FPGA/Prj1/9633022_Prj/project_2/project_2.srcs/sim_1/new/edgefilt_tb.vhd
Error: File E:\terme 7\FPGA\Prj1\B_input_vector.txt is already at the end of file, nothing to read
Time: 193163500 ns  Iteration: 1  Process: /edgefilt_tb/read_input_vector  File: E:/terme 7/FPGA/Prj1/9633022_Prj/project_2/project_2.srcs/sim_1/new/edgefilt_tb.vhd
Warning: TEXTIO function READ: line is empty
Time: 193163500 ns  Iteration: 1  Process: /edgefilt_tb/read_input_vector  File: E:/terme 7/FPGA/Prj1/9633022_Prj/project_2/project_2.srcs/sim_1/new/edgefilt_tb.vhd
Error: File E:\terme 7\FPGA\Prj1\B_input_vector.txt is already at the end of file, nothing to read
Time: 193164500 ns  Iteration: 1  Process: /edgefilt_tb/read_input_vector  File: E:/terme 7/FPGA/Prj1/9633022_Prj/project_2/project_2.srcs/sim_1/new/edgefilt_tb.vhd
Warning: TEXTIO function READ: line is empty
Time: 193164500 ns  Iteration: 1  Process: /edgefilt_tb/read_input_vector  File: E:/terme 7/FPGA/Prj1/9633022_Prj/project_2/project_2.srcs/sim_1/new/edgefilt_tb.vhd
Error: File E:\terme 7\FPGA\Prj1\B_input_vector.txt is already at the end of file, nothing to read
Time: 193165500 ns  Iteration: 1  Process: /edgefilt_tb/read_input_vector  File: E:/terme 7/FPGA/Prj1/9633022_Prj/project_2/project_2.srcs/sim_1/new/edgefilt_tb.vhd
Warning: TEXTIO function READ: line is empty
Time: 193165500 ns  Iteration: 1  Process: /edgefilt_tb/read_input_vector  File: E:/terme 7/FPGA/Prj1/9633022_Prj/project_2/project_2.srcs/sim_1/new/edgefilt_tb.vhd
Error: File E:\terme 7\FPGA\Prj1\B_input_vector.txt is already at the end of file, nothing to read
Time: 193166500 ns  Iteration: 1  Process: /edgefilt_tb/read_input_vector  File: E:/terme 7/FPGA/Prj1/9633022_Prj/project_2/project_2.srcs/sim_1/new/edgefilt_tb.vhd
Warning: TEXTIO function READ: line is empty
Time: 193166500 ns  Iteration: 1  Process: /edgefilt_tb/read_input_vector  File: E:/terme 7/FPGA/Prj1/9633022_Prj/project_2/project_2.srcs/sim_1/new/edgefilt_tb.vhd
Error: File E:\terme 7\FPGA\Prj1\B_input_vector.txt is already at the end of file, nothing to read
Time: 193167500 ns  Iteration: 1  Process: /edgefilt_tb/read_input_vector  File: E:/terme 7/FPGA/Prj1/9633022_Prj/project_2/project_2.srcs/sim_1/new/edgefilt_tb.vhd
Warning: TEXTIO function READ: line is empty
Time: 193167500 ns  Iteration: 1  Process: /edgefilt_tb/read_input_vector  File: E:/terme 7/FPGA/Prj1/9633022_Prj/project_2/project_2.srcs/sim_1/new/edgefilt_tb.vhd
Error: File E:\terme 7\FPGA\Prj1\B_input_vector.txt is already at the end of file, nothing to read
Time: 193168500 ns  Iteration: 1  Process: /edgefilt_tb/read_input_vector  File: E:/terme 7/FPGA/Prj1/9633022_Prj/project_2/project_2.srcs/sim_1/new/edgefilt_tb.vhd
Warning: TEXTIO function READ: line is empty
Time: 193168500 ns  Iteration: 1  Process: /edgefilt_tb/read_input_vector  File: E:/terme 7/FPGA/Prj1/9633022_Prj/project_2/project_2.srcs/sim_1/new/edgefilt_tb.vhd
Error: File E:\terme 7\FPGA\Prj1\B_input_vector.txt is already at the end of file, nothing to read
Time: 193169500 ns  Iteration: 1  Process: /edgefilt_tb/read_input_vector  File: E:/terme 7/FPGA/Prj1/9633022_Prj/project_2/project_2.srcs/sim_1/new/edgefilt_tb.vhd
Warning: TEXTIO function READ: line is empty
Time: 193169500 ns  Iteration: 1  Process: /edgefilt_tb/read_input_vector  File: E:/terme 7/FPGA/Prj1/9633022_Prj/project_2/project_2.srcs/sim_1/new/edgefilt_tb.vhd
Error: File E:\terme 7\FPGA\Prj1\B_input_vector.txt is already at the end of file, nothing to read
Time: 193170500 ns  Iteration: 1  Process: /edgefilt_tb/read_input_vector  File: E:/terme 7/FPGA/Prj1/9633022_Prj/project_2/project_2.srcs/sim_1/new/edgefilt_tb.vhd
Warning: TEXTIO function READ: line is empty
Time: 193170500 ns  Iteration: 1  Process: /edgefilt_tb/read_input_vector  File: E:/terme 7/FPGA/Prj1/9633022_Prj/project_2/project_2.srcs/sim_1/new/edgefilt_tb.vhd
Error: File E:\terme 7\FPGA\Prj1\B_input_vector.txt is already at the end of file, nothing to read
Time: 193171500 ns  Iteration: 1  Process: /edgefilt_tb/read_input_vector  File: E:/terme 7/FPGA/Prj1/9633022_Prj/project_2/project_2.srcs/sim_1/new/edgefilt_tb.vhd
Warning: TEXTIO function READ: line is empty
Time: 193171500 ns  Iteration: 1  Process: /edgefilt_tb/read_input_vector  File: E:/terme 7/FPGA/Prj1/9633022_Prj/project_2/project_2.srcs/sim_1/new/edgefilt_tb.vhd
Error: File E:\terme 7\FPGA\Prj1\B_input_vector.txt is already at the end of file, nothing to read
Time: 193172500 ns  Iteration: 1  Process: /edgefilt_tb/read_input_vector  File: E:/terme 7/FPGA/Prj1/9633022_Prj/project_2/project_2.srcs/sim_1/new/edgefilt_tb.vhd
Warning: TEXTIO function READ: line is empty
Time: 193172500 ns  Iteration: 1  Process: /edgefilt_tb/read_input_vector  File: E:/terme 7/FPGA/Prj1/9633022_Prj/project_2/project_2.srcs/sim_1/new/edgefilt_tb.vhd
Error: File E:\terme 7\FPGA\Prj1\B_input_vector.txt is already at the end of file, nothing to read
Time: 193173500 ns  Iteration: 1  Process: /edgefilt_tb/read_input_vector  File: E:/terme 7/FPGA/Prj1/9633022_Prj/project_2/project_2.srcs/sim_1/new/edgefilt_tb.vhd
Warning: TEXTIO function READ: line is empty
Time: 193173500 ns  Iteration: 1  Process: /edgefilt_tb/read_input_vector  File: E:/terme 7/FPGA/Prj1/9633022_Prj/project_2/project_2.srcs/sim_1/new/edgefilt_tb.vhd
Error: File E:\terme 7\FPGA\Prj1\B_input_vector.txt is already at the end of file, nothing to read
Time: 193174500 ns  Iteration: 1  Process: /edgefilt_tb/read_input_vector  File: E:/terme 7/FPGA/Prj1/9633022_Prj/project_2/project_2.srcs/sim_1/new/edgefilt_tb.vhd
Warning: TEXTIO function READ: line is empty
Time: 193174500 ns  Iteration: 1  Process: /edgefilt_tb/read_input_vector  File: E:/terme 7/FPGA/Prj1/9633022_Prj/project_2/project_2.srcs/sim_1/new/edgefilt_tb.vhd
Error: File E:\terme 7\FPGA\Prj1\B_input_vector.txt is already at the end of file, nothing to read
Time: 193175500 ns  Iteration: 1  Process: /edgefilt_tb/read_input_vector  File: E:/terme 7/FPGA/Prj1/9633022_Prj/project_2/project_2.srcs/sim_1/new/edgefilt_tb.vhd
Warning: TEXTIO function READ: line is empty
Time: 193175500 ns  Iteration: 1  Process: /edgefilt_tb/read_input_vector  File: E:/terme 7/FPGA/Prj1/9633022_Prj/project_2/project_2.srcs/sim_1/new/edgefilt_tb.vhd
Error: File E:\terme 7\FPGA\Prj1\B_input_vector.txt is already at the end of file, nothing to read
Time: 193176500 ns  Iteration: 1  Process: /edgefilt_tb/read_input_vector  File: E:/terme 7/FPGA/Prj1/9633022_Prj/project_2/project_2.srcs/sim_1/new/edgefilt_tb.vhd
Warning: TEXTIO function READ: line is empty
Time: 193176500 ns  Iteration: 1  Process: /edgefilt_tb/read_input_vector  File: E:/terme 7/FPGA/Prj1/9633022_Prj/project_2/project_2.srcs/sim_1/new/edgefilt_tb.vhd
Error: File E:\terme 7\FPGA\Prj1\B_input_vector.txt is already at the end of file, nothing to read
Time: 193177500 ns  Iteration: 1  Process: /edgefilt_tb/read_input_vector  File: E:/terme 7/FPGA/Prj1/9633022_Prj/project_2/project_2.srcs/sim_1/new/edgefilt_tb.vhd
Warning: TEXTIO function READ: line is empty
Time: 193177500 ns  Iteration: 1  Process: /edgefilt_tb/read_input_vector  File: E:/terme 7/FPGA/Prj1/9633022_Prj/project_2/project_2.srcs/sim_1/new/edgefilt_tb.vhd
Error: File E:\terme 7\FPGA\Prj1\B_input_vector.txt is already at the end of file, nothing to read
Time: 193178500 ns  Iteration: 1  Process: /edgefilt_tb/read_input_vector  File: E:/terme 7/FPGA/Prj1/9633022_Prj/project_2/project_2.srcs/sim_1/new/edgefilt_tb.vhd
Warning: TEXTIO function READ: line is empty
Time: 193178500 ns  Iteration: 1  Process: /edgefilt_tb/read_input_vector  File: E:/terme 7/FPGA/Prj1/9633022_Prj/project_2/project_2.srcs/sim_1/new/edgefilt_tb.vhd
Error: File E:\terme 7\FPGA\Prj1\B_input_vector.txt is already at the end of file, nothing to read
Time: 193179500 ns  Iteration: 1  Process: /edgefilt_tb/read_input_vector  File: E:/terme 7/FPGA/Prj1/9633022_Prj/project_2/project_2.srcs/sim_1/new/edgefilt_tb.vhd
Warning: TEXTIO function READ: line is empty
Time: 193179500 ns  Iteration: 1  Process: /edgefilt_tb/read_input_vector  File: E:/terme 7/FPGA/Prj1/9633022_Prj/project_2/project_2.srcs/sim_1/new/edgefilt_tb.vhd
Error: File E:\terme 7\FPGA\Prj1\B_input_vector.txt is already at the end of file, nothing to read
Time: 193180500 ns  Iteration: 1  Process: /edgefilt_tb/read_input_vector  File: E:/terme 7/FPGA/Prj1/9633022_Prj/project_2/project_2.srcs/sim_1/new/edgefilt_tb.vhd
Warning: TEXTIO function READ: line is empty
Time: 193180500 ns  Iteration: 1  Process: /edgefilt_tb/read_input_vector  File: E:/terme 7/FPGA/Prj1/9633022_Prj/project_2/project_2.srcs/sim_1/new/edgefilt_tb.vhd
Error: File E:\terme 7\FPGA\Prj1\B_input_vector.txt is already at the end of file, nothing to read
Time: 193181500 ns  Iteration: 1  Process: /edgefilt_tb/read_input_vector  File: E:/terme 7/FPGA/Prj1/9633022_Prj/project_2/project_2.srcs/sim_1/new/edgefilt_tb.vhd
Warning: TEXTIO function READ: line is empty
Time: 193181500 ns  Iteration: 1  Process: /edgefilt_tb/read_input_vector  File: E:/terme 7/FPGA/Prj1/9633022_Prj/project_2/project_2.srcs/sim_1/new/edgefilt_tb.vhd
Error: File E:\terme 7\FPGA\Prj1\B_input_vector.txt is already at the end of file, nothing to read
Time: 193182500 ns  Iteration: 1  Process: /edgefilt_tb/read_input_vector  File: E:/terme 7/FPGA/Prj1/9633022_Prj/project_2/project_2.srcs/sim_1/new/edgefilt_tb.vhd
Warning: TEXTIO function READ: line is empty
Time: 193182500 ns  Iteration: 1  Process: /edgefilt_tb/read_input_vector  File: E:/terme 7/FPGA/Prj1/9633022_Prj/project_2/project_2.srcs/sim_1/new/edgefilt_tb.vhd
Error: File E:\terme 7\FPGA\Prj1\B_input_vector.txt is already at the end of file, nothing to read
Time: 193183500 ns  Iteration: 1  Process: /edgefilt_tb/read_input_vector  File: E:/terme 7/FPGA/Prj1/9633022_Prj/project_2/project_2.srcs/sim_1/new/edgefilt_tb.vhd
Warning: TEXTIO function READ: line is empty
Time: 193183500 ns  Iteration: 1  Process: /edgefilt_tb/read_input_vector  File: E:/terme 7/FPGA/Prj1/9633022_Prj/project_2/project_2.srcs/sim_1/new/edgefilt_tb.vhd
Error: File E:\terme 7\FPGA\Prj1\B_input_vector.txt is already at the end of file, nothing to read
Time: 193184500 ns  Iteration: 1  Process: /edgefilt_tb/read_input_vector  File: E:/terme 7/FPGA/Prj1/9633022_Prj/project_2/project_2.srcs/sim_1/new/edgefilt_tb.vhd
Warning: TEXTIO function READ: line is empty
Time: 193184500 ns  Iteration: 1  Process: /edgefilt_tb/read_input_vector  File: E:/terme 7/FPGA/Prj1/9633022_Prj/project_2/project_2.srcs/sim_1/new/edgefilt_tb.vhd
Error: File E:\terme 7\FPGA\Prj1\B_input_vector.txt is already at the end of file, nothing to read
Time: 193185500 ns  Iteration: 1  Process: /edgefilt_tb/read_input_vector  File: E:/terme 7/FPGA/Prj1/9633022_Prj/project_2/project_2.srcs/sim_1/new/edgefilt_tb.vhd
Warning: TEXTIO function READ: line is empty
Time: 193185500 ns  Iteration: 1  Process: /edgefilt_tb/read_input_vector  File: E:/terme 7/FPGA/Prj1/9633022_Prj/project_2/project_2.srcs/sim_1/new/edgefilt_tb.vhd
Error: File E:\terme 7\FPGA\Prj1\B_input_vector.txt is already at the end of file, nothing to read
Time: 193186500 ns  Iteration: 1  Process: /edgefilt_tb/read_input_vector  File: E:/terme 7/FPGA/Prj1/9633022_Prj/project_2/project_2.srcs/sim_1/new/edgefilt_tb.vhd
Warning: TEXTIO function READ: line is empty
Time: 193186500 ns  Iteration: 1  Process: /edgefilt_tb/read_input_vector  File: E:/terme 7/FPGA/Prj1/9633022_Prj/project_2/project_2.srcs/sim_1/new/edgefilt_tb.vhd
Error: File E:\terme 7\FPGA\Prj1\B_input_vector.txt is already at the end of file, nothing to read
Time: 193187500 ns  Iteration: 1  Process: /edgefilt_tb/read_input_vector  File: E:/terme 7/FPGA/Prj1/9633022_Prj/project_2/project_2.srcs/sim_1/new/edgefilt_tb.vhd
Warning: TEXTIO function READ: line is empty
Time: 193187500 ns  Iteration: 1  Process: /edgefilt_tb/read_input_vector  File: E:/terme 7/FPGA/Prj1/9633022_Prj/project_2/project_2.srcs/sim_1/new/edgefilt_tb.vhd
Error: File E:\terme 7\FPGA\Prj1\B_input_vector.txt is already at the end of file, nothing to read
Time: 193188500 ns  Iteration: 1  Process: /edgefilt_tb/read_input_vector  File: E:/terme 7/FPGA/Prj1/9633022_Prj/project_2/project_2.srcs/sim_1/new/edgefilt_tb.vhd
Warning: TEXTIO function READ: line is empty
Time: 193188500 ns  Iteration: 1  Process: /edgefilt_tb/read_input_vector  File: E:/terme 7/FPGA/Prj1/9633022_Prj/project_2/project_2.srcs/sim_1/new/edgefilt_tb.vhd
Error: File E:\terme 7\FPGA\Prj1\B_input_vector.txt is already at the end of file, nothing to read
Time: 193189500 ns  Iteration: 1  Process: /edgefilt_tb/read_input_vector  File: E:/terme 7/FPGA/Prj1/9633022_Prj/project_2/project_2.srcs/sim_1/new/edgefilt_tb.vhd
Warning: TEXTIO function READ: line is empty
Time: 193189500 ns  Iteration: 1  Process: /edgefilt_tb/read_input_vector  File: E:/terme 7/FPGA/Prj1/9633022_Prj/project_2/project_2.srcs/sim_1/new/edgefilt_tb.vhd
Error: File E:\terme 7\FPGA\Prj1\B_input_vector.txt is already at the end of file, nothing to read
Time: 193190500 ns  Iteration: 1  Process: /edgefilt_tb/read_input_vector  File: E:/terme 7/FPGA/Prj1/9633022_Prj/project_2/project_2.srcs/sim_1/new/edgefilt_tb.vhd
Warning: TEXTIO function READ: line is empty
Time: 193190500 ns  Iteration: 1  Process: /edgefilt_tb/read_input_vector  File: E:/terme 7/FPGA/Prj1/9633022_Prj/project_2/project_2.srcs/sim_1/new/edgefilt_tb.vhd
Error: File E:\terme 7\FPGA\Prj1\B_input_vector.txt is already at the end of file, nothing to read
Time: 193191500 ns  Iteration: 1  Process: /edgefilt_tb/read_input_vector  File: E:/terme 7/FPGA/Prj1/9633022_Prj/project_2/project_2.srcs/sim_1/new/edgefilt_tb.vhd
Warning: TEXTIO function READ: line is empty
Time: 193191500 ns  Iteration: 1  Process: /edgefilt_tb/read_input_vector  File: E:/terme 7/FPGA/Prj1/9633022_Prj/project_2/project_2.srcs/sim_1/new/edgefilt_tb.vhd
Error: File E:\terme 7\FPGA\Prj1\B_input_vector.txt is already at the end of file, nothing to read
Time: 193192500 ns  Iteration: 1  Process: /edgefilt_tb/read_input_vector  File: E:/terme 7/FPGA/Prj1/9633022_Prj/project_2/project_2.srcs/sim_1/new/edgefilt_tb.vhd
Warning: TEXTIO function READ: line is empty
Time: 193192500 ns  Iteration: 1  Process: /edgefilt_tb/read_input_vector  File: E:/terme 7/FPGA/Prj1/9633022_Prj/project_2/project_2.srcs/sim_1/new/edgefilt_tb.vhd
Error: File E:\terme 7\FPGA\Prj1\B_input_vector.txt is already at the end of file, nothing to read
Time: 193193500 ns  Iteration: 1  Process: /edgefilt_tb/read_input_vector  File: E:/terme 7/FPGA/Prj1/9633022_Prj/project_2/project_2.srcs/sim_1/new/edgefilt_tb.vhd
Warning: TEXTIO function READ: line is empty
Time: 193193500 ns  Iteration: 1  Process: /edgefilt_tb/read_input_vector  File: E:/terme 7/FPGA/Prj1/9633022_Prj/project_2/project_2.srcs/sim_1/new/edgefilt_tb.vhd
Error: File E:\terme 7\FPGA\Prj1\B_input_vector.txt is already at the end of file, nothing to read
Time: 193194500 ns  Iteration: 1  Process: /edgefilt_tb/read_input_vector  File: E:/terme 7/FPGA/Prj1/9633022_Prj/project_2/project_2.srcs/sim_1/new/edgefilt_tb.vhd
Warning: TEXTIO function READ: line is empty
Time: 193194500 ns  Iteration: 1  Process: /edgefilt_tb/read_input_vector  File: E:/terme 7/FPGA/Prj1/9633022_Prj/project_2/project_2.srcs/sim_1/new/edgefilt_tb.vhd
Error: File E:\terme 7\FPGA\Prj1\B_input_vector.txt is already at the end of file, nothing to read
Time: 193195500 ns  Iteration: 1  Process: /edgefilt_tb/read_input_vector  File: E:/terme 7/FPGA/Prj1/9633022_Prj/project_2/project_2.srcs/sim_1/new/edgefilt_tb.vhd
Warning: TEXTIO function READ: line is empty
Time: 193195500 ns  Iteration: 1  Process: /edgefilt_tb/read_input_vector  File: E:/terme 7/FPGA/Prj1/9633022_Prj/project_2/project_2.srcs/sim_1/new/edgefilt_tb.vhd
Error: File E:\terme 7\FPGA\Prj1\B_input_vector.txt is already at the end of file, nothing to read
Time: 193196500 ns  Iteration: 1  Process: /edgefilt_tb/read_input_vector  File: E:/terme 7/FPGA/Prj1/9633022_Prj/project_2/project_2.srcs/sim_1/new/edgefilt_tb.vhd
Warning: TEXTIO function READ: line is empty
Time: 193196500 ns  Iteration: 1  Process: /edgefilt_tb/read_input_vector  File: E:/terme 7/FPGA/Prj1/9633022_Prj/project_2/project_2.srcs/sim_1/new/edgefilt_tb.vhd
Error: File E:\terme 7\FPGA\Prj1\B_input_vector.txt is already at the end of file, nothing to read
Time: 193197500 ns  Iteration: 1  Process: /edgefilt_tb/read_input_vector  File: E:/terme 7/FPGA/Prj1/9633022_Prj/project_2/project_2.srcs/sim_1/new/edgefilt_tb.vhd
Warning: TEXTIO function READ: line is empty
Time: 193197500 ns  Iteration: 1  Process: /edgefilt_tb/read_input_vector  File: E:/terme 7/FPGA/Prj1/9633022_Prj/project_2/project_2.srcs/sim_1/new/edgefilt_tb.vhd
Error: File E:\terme 7\FPGA\Prj1\B_input_vector.txt is already at the end of file, nothing to read
Time: 193198500 ns  Iteration: 1  Process: /edgefilt_tb/read_input_vector  File: E:/terme 7/FPGA/Prj1/9633022_Prj/project_2/project_2.srcs/sim_1/new/edgefilt_tb.vhd
Warning: TEXTIO function READ: line is empty
Time: 193198500 ns  Iteration: 1  Process: /edgefilt_tb/read_input_vector  File: E:/terme 7/FPGA/Prj1/9633022_Prj/project_2/project_2.srcs/sim_1/new/edgefilt_tb.vhd
Error: File E:\terme 7\FPGA\Prj1\B_input_vector.txt is already at the end of file, nothing to read
Time: 193199500 ns  Iteration: 1  Process: /edgefilt_tb/read_input_vector  File: E:/terme 7/FPGA/Prj1/9633022_Prj/project_2/project_2.srcs/sim_1/new/edgefilt_tb.vhd
Warning: TEXTIO function READ: line is empty
Time: 193199500 ns  Iteration: 1  Process: /edgefilt_tb/read_input_vector  File: E:/terme 7/FPGA/Prj1/9633022_Prj/project_2/project_2.srcs/sim_1/new/edgefilt_tb.vhd
Error: File E:\terme 7\FPGA\Prj1\B_input_vector.txt is already at the end of file, nothing to read
Time: 193200500 ns  Iteration: 1  Process: /edgefilt_tb/read_input_vector  File: E:/terme 7/FPGA/Prj1/9633022_Prj/project_2/project_2.srcs/sim_1/new/edgefilt_tb.vhd
Warning: TEXTIO function READ: line is empty
Time: 193200500 ns  Iteration: 1  Process: /edgefilt_tb/read_input_vector  File: E:/terme 7/FPGA/Prj1/9633022_Prj/project_2/project_2.srcs/sim_1/new/edgefilt_tb.vhd
Error: File E:\terme 7\FPGA\Prj1\B_input_vector.txt is already at the end of file, nothing to read
Time: 193201500 ns  Iteration: 1  Process: /edgefilt_tb/read_input_vector  File: E:/terme 7/FPGA/Prj1/9633022_Prj/project_2/project_2.srcs/sim_1/new/edgefilt_tb.vhd
Warning: TEXTIO function READ: line is empty
Time: 193201500 ns  Iteration: 1  Process: /edgefilt_tb/read_input_vector  File: E:/terme 7/FPGA/Prj1/9633022_Prj/project_2/project_2.srcs/sim_1/new/edgefilt_tb.vhd
Error: File E:\terme 7\FPGA\Prj1\B_input_vector.txt is already at the end of file, nothing to read
Time: 193202500 ns  Iteration: 1  Process: /edgefilt_tb/read_input_vector  File: E:/terme 7/FPGA/Prj1/9633022_Prj/project_2/project_2.srcs/sim_1/new/edgefilt_tb.vhd
Warning: TEXTIO function READ: line is empty
Time: 193202500 ns  Iteration: 1  Process: /edgefilt_tb/read_input_vector  File: E:/terme 7/FPGA/Prj1/9633022_Prj/project_2/project_2.srcs/sim_1/new/edgefilt_tb.vhd
Error: File E:\terme 7\FPGA\Prj1\B_input_vector.txt is already at the end of file, nothing to read
Time: 193203500 ns  Iteration: 1  Process: /edgefilt_tb/read_input_vector  File: E:/terme 7/FPGA/Prj1/9633022_Prj/project_2/project_2.srcs/sim_1/new/edgefilt_tb.vhd
Warning: TEXTIO function READ: line is empty
Time: 193203500 ns  Iteration: 1  Process: /edgefilt_tb/read_input_vector  File: E:/terme 7/FPGA/Prj1/9633022_Prj/project_2/project_2.srcs/sim_1/new/edgefilt_tb.vhd
Error: File E:\terme 7\FPGA\Prj1\B_input_vector.txt is already at the end of file, nothing to read
Time: 193204500 ns  Iteration: 1  Process: /edgefilt_tb/read_input_vector  File: E:/terme 7/FPGA/Prj1/9633022_Prj/project_2/project_2.srcs/sim_1/new/edgefilt_tb.vhd
Warning: TEXTIO function READ: line is empty
Time: 193204500 ns  Iteration: 1  Process: /edgefilt_tb/read_input_vector  File: E:/terme 7/FPGA/Prj1/9633022_Prj/project_2/project_2.srcs/sim_1/new/edgefilt_tb.vhd
Error: File E:\terme 7\FPGA\Prj1\B_input_vector.txt is already at the end of file, nothing to read
Time: 193205500 ns  Iteration: 1  Process: /edgefilt_tb/read_input_vector  File: E:/terme 7/FPGA/Prj1/9633022_Prj/project_2/project_2.srcs/sim_1/new/edgefilt_tb.vhd
Warning: TEXTIO function READ: line is empty
Time: 193205500 ns  Iteration: 1  Process: /edgefilt_tb/read_input_vector  File: E:/terme 7/FPGA/Prj1/9633022_Prj/project_2/project_2.srcs/sim_1/new/edgefilt_tb.vhd
Error: File E:\terme 7\FPGA\Prj1\B_input_vector.txt is already at the end of file, nothing to read
Time: 193206500 ns  Iteration: 1  Process: /edgefilt_tb/read_input_vector  File: E:/terme 7/FPGA/Prj1/9633022_Prj/project_2/project_2.srcs/sim_1/new/edgefilt_tb.vhd
Warning: TEXTIO function READ: line is empty
Time: 193206500 ns  Iteration: 1  Process: /edgefilt_tb/read_input_vector  File: E:/terme 7/FPGA/Prj1/9633022_Prj/project_2/project_2.srcs/sim_1/new/edgefilt_tb.vhd
Error: File E:\terme 7\FPGA\Prj1\B_input_vector.txt is already at the end of file, nothing to read
Time: 193207500 ns  Iteration: 1  Process: /edgefilt_tb/read_input_vector  File: E:/terme 7/FPGA/Prj1/9633022_Prj/project_2/project_2.srcs/sim_1/new/edgefilt_tb.vhd
Warning: TEXTIO function READ: line is empty
Time: 193207500 ns  Iteration: 1  Process: /edgefilt_tb/read_input_vector  File: E:/terme 7/FPGA/Prj1/9633022_Prj/project_2/project_2.srcs/sim_1/new/edgefilt_tb.vhd
Error: File E:\terme 7\FPGA\Prj1\B_input_vector.txt is already at the end of file, nothing to read
Time: 193208500 ns  Iteration: 1  Process: /edgefilt_tb/read_input_vector  File: E:/terme 7/FPGA/Prj1/9633022_Prj/project_2/project_2.srcs/sim_1/new/edgefilt_tb.vhd
Warning: TEXTIO function READ: line is empty
Time: 193208500 ns  Iteration: 1  Process: /edgefilt_tb/read_input_vector  File: E:/terme 7/FPGA/Prj1/9633022_Prj/project_2/project_2.srcs/sim_1/new/edgefilt_tb.vhd
Error: File E:\terme 7\FPGA\Prj1\B_input_vector.txt is already at the end of file, nothing to read
Time: 193209500 ns  Iteration: 1  Process: /edgefilt_tb/read_input_vector  File: E:/terme 7/FPGA/Prj1/9633022_Prj/project_2/project_2.srcs/sim_1/new/edgefilt_tb.vhd
Warning: TEXTIO function READ: line is empty
Time: 193209500 ns  Iteration: 1  Process: /edgefilt_tb/read_input_vector  File: E:/terme 7/FPGA/Prj1/9633022_Prj/project_2/project_2.srcs/sim_1/new/edgefilt_tb.vhd
Error: File E:\terme 7\FPGA\Prj1\B_input_vector.txt is already at the end of file, nothing to read
Time: 193210500 ns  Iteration: 1  Process: /edgefilt_tb/read_input_vector  File: E:/terme 7/FPGA/Prj1/9633022_Prj/project_2/project_2.srcs/sim_1/new/edgefilt_tb.vhd
Warning: TEXTIO function READ: line is empty
Time: 193210500 ns  Iteration: 1  Process: /edgefilt_tb/read_input_vector  File: E:/terme 7/FPGA/Prj1/9633022_Prj/project_2/project_2.srcs/sim_1/new/edgefilt_tb.vhd
Error: File E:\terme 7\FPGA\Prj1\B_input_vector.txt is already at the end of file, nothing to read
Time: 193211500 ns  Iteration: 1  Process: /edgefilt_tb/read_input_vector  File: E:/terme 7/FPGA/Prj1/9633022_Prj/project_2/project_2.srcs/sim_1/new/edgefilt_tb.vhd
Warning: TEXTIO function READ: line is empty
Time: 193211500 ns  Iteration: 1  Process: /edgefilt_tb/read_input_vector  File: E:/terme 7/FPGA/Prj1/9633022_Prj/project_2/project_2.srcs/sim_1/new/edgefilt_tb.vhd
Error: File E:\terme 7\FPGA\Prj1\B_input_vector.txt is already at the end of file, nothing to read
Time: 193212500 ns  Iteration: 1  Process: /edgefilt_tb/read_input_vector  File: E:/terme 7/FPGA/Prj1/9633022_Prj/project_2/project_2.srcs/sim_1/new/edgefilt_tb.vhd
Warning: TEXTIO function READ: line is empty
Time: 193212500 ns  Iteration: 1  Process: /edgefilt_tb/read_input_vector  File: E:/terme 7/FPGA/Prj1/9633022_Prj/project_2/project_2.srcs/sim_1/new/edgefilt_tb.vhd
Error: File E:\terme 7\FPGA\Prj1\B_input_vector.txt is already at the end of file, nothing to read
Time: 193213500 ns  Iteration: 1  Process: /edgefilt_tb/read_input_vector  File: E:/terme 7/FPGA/Prj1/9633022_Prj/project_2/project_2.srcs/sim_1/new/edgefilt_tb.vhd
Warning: TEXTIO function READ: line is empty
Time: 193213500 ns  Iteration: 1  Process: /edgefilt_tb/read_input_vector  File: E:/terme 7/FPGA/Prj1/9633022_Prj/project_2/project_2.srcs/sim_1/new/edgefilt_tb.vhd
Error: File E:\terme 7\FPGA\Prj1\B_input_vector.txt is already at the end of file, nothing to read
Time: 193214500 ns  Iteration: 1  Process: /edgefilt_tb/read_input_vector  File: E:/terme 7/FPGA/Prj1/9633022_Prj/project_2/project_2.srcs/sim_1/new/edgefilt_tb.vhd
Warning: TEXTIO function READ: line is empty
Time: 193214500 ns  Iteration: 1  Process: /edgefilt_tb/read_input_vector  File: E:/terme 7/FPGA/Prj1/9633022_Prj/project_2/project_2.srcs/sim_1/new/edgefilt_tb.vhd
Error: File E:\terme 7\FPGA\Prj1\B_input_vector.txt is already at the end of file, nothing to read
Time: 193215500 ns  Iteration: 1  Process: /edgefilt_tb/read_input_vector  File: E:/terme 7/FPGA/Prj1/9633022_Prj/project_2/project_2.srcs/sim_1/new/edgefilt_tb.vhd
Warning: TEXTIO function READ: line is empty
Time: 193215500 ns  Iteration: 1  Process: /edgefilt_tb/read_input_vector  File: E:/terme 7/FPGA/Prj1/9633022_Prj/project_2/project_2.srcs/sim_1/new/edgefilt_tb.vhd
Error: File E:\terme 7\FPGA\Prj1\B_input_vector.txt is already at the end of file, nothing to read
Time: 193216500 ns  Iteration: 1  Process: /edgefilt_tb/read_input_vector  File: E:/terme 7/FPGA/Prj1/9633022_Prj/project_2/project_2.srcs/sim_1/new/edgefilt_tb.vhd
Warning: TEXTIO function READ: line is empty
Time: 193216500 ns  Iteration: 1  Process: /edgefilt_tb/read_input_vector  File: E:/terme 7/FPGA/Prj1/9633022_Prj/project_2/project_2.srcs/sim_1/new/edgefilt_tb.vhd
Error: File E:\terme 7\FPGA\Prj1\B_input_vector.txt is already at the end of file, nothing to read
Time: 193217500 ns  Iteration: 1  Process: /edgefilt_tb/read_input_vector  File: E:/terme 7/FPGA/Prj1/9633022_Prj/project_2/project_2.srcs/sim_1/new/edgefilt_tb.vhd
Warning: TEXTIO function READ: line is empty
Time: 193217500 ns  Iteration: 1  Process: /edgefilt_tb/read_input_vector  File: E:/terme 7/FPGA/Prj1/9633022_Prj/project_2/project_2.srcs/sim_1/new/edgefilt_tb.vhd
Error: File E:\terme 7\FPGA\Prj1\B_input_vector.txt is already at the end of file, nothing to read
Time: 193218500 ns  Iteration: 1  Process: /edgefilt_tb/read_input_vector  File: E:/terme 7/FPGA/Prj1/9633022_Prj/project_2/project_2.srcs/sim_1/new/edgefilt_tb.vhd
Warning: TEXTIO function READ: line is empty
Time: 193218500 ns  Iteration: 1  Process: /edgefilt_tb/read_input_vector  File: E:/terme 7/FPGA/Prj1/9633022_Prj/project_2/project_2.srcs/sim_1/new/edgefilt_tb.vhd
Error: File E:\terme 7\FPGA\Prj1\B_input_vector.txt is already at the end of file, nothing to read
Time: 193219500 ns  Iteration: 1  Process: /edgefilt_tb/read_input_vector  File: E:/terme 7/FPGA/Prj1/9633022_Prj/project_2/project_2.srcs/sim_1/new/edgefilt_tb.vhd
Warning: TEXTIO function READ: line is empty
Time: 193219500 ns  Iteration: 1  Process: /edgefilt_tb/read_input_vector  File: E:/terme 7/FPGA/Prj1/9633022_Prj/project_2/project_2.srcs/sim_1/new/edgefilt_tb.vhd
Error: File E:\terme 7\FPGA\Prj1\B_input_vector.txt is already at the end of file, nothing to read
Time: 193220500 ns  Iteration: 1  Process: /edgefilt_tb/read_input_vector  File: E:/terme 7/FPGA/Prj1/9633022_Prj/project_2/project_2.srcs/sim_1/new/edgefilt_tb.vhd
Warning: TEXTIO function READ: line is empty
Time: 193220500 ns  Iteration: 1  Process: /edgefilt_tb/read_input_vector  File: E:/terme 7/FPGA/Prj1/9633022_Prj/project_2/project_2.srcs/sim_1/new/edgefilt_tb.vhd
Error: File E:\terme 7\FPGA\Prj1\B_input_vector.txt is already at the end of file, nothing to read
Time: 193221500 ns  Iteration: 1  Process: /edgefilt_tb/read_input_vector  File: E:/terme 7/FPGA/Prj1/9633022_Prj/project_2/project_2.srcs/sim_1/new/edgefilt_tb.vhd
Warning: TEXTIO function READ: line is empty
Time: 193221500 ns  Iteration: 1  Process: /edgefilt_tb/read_input_vector  File: E:/terme 7/FPGA/Prj1/9633022_Prj/project_2/project_2.srcs/sim_1/new/edgefilt_tb.vhd
Error: File E:\terme 7\FPGA\Prj1\B_input_vector.txt is already at the end of file, nothing to read
Time: 193222500 ns  Iteration: 1  Process: /edgefilt_tb/read_input_vector  File: E:/terme 7/FPGA/Prj1/9633022_Prj/project_2/project_2.srcs/sim_1/new/edgefilt_tb.vhd
Warning: TEXTIO function READ: line is empty
Time: 193222500 ns  Iteration: 1  Process: /edgefilt_tb/read_input_vector  File: E:/terme 7/FPGA/Prj1/9633022_Prj/project_2/project_2.srcs/sim_1/new/edgefilt_tb.vhd
Error: File E:\terme 7\FPGA\Prj1\B_input_vector.txt is already at the end of file, nothing to read
Time: 193223500 ns  Iteration: 1  Process: /edgefilt_tb/read_input_vector  File: E:/terme 7/FPGA/Prj1/9633022_Prj/project_2/project_2.srcs/sim_1/new/edgefilt_tb.vhd
Warning: TEXTIO function READ: line is empty
Time: 193223500 ns  Iteration: 1  Process: /edgefilt_tb/read_input_vector  File: E:/terme 7/FPGA/Prj1/9633022_Prj/project_2/project_2.srcs/sim_1/new/edgefilt_tb.vhd
Error: File E:\terme 7\FPGA\Prj1\B_input_vector.txt is already at the end of file, nothing to read
Time: 193224500 ns  Iteration: 1  Process: /edgefilt_tb/read_input_vector  File: E:/terme 7/FPGA/Prj1/9633022_Prj/project_2/project_2.srcs/sim_1/new/edgefilt_tb.vhd
Warning: TEXTIO function READ: line is empty
Time: 193224500 ns  Iteration: 1  Process: /edgefilt_tb/read_input_vector  File: E:/terme 7/FPGA/Prj1/9633022_Prj/project_2/project_2.srcs/sim_1/new/edgefilt_tb.vhd
Error: File E:\terme 7\FPGA\Prj1\B_input_vector.txt is already at the end of file, nothing to read
Time: 193225500 ns  Iteration: 1  Process: /edgefilt_tb/read_input_vector  File: E:/terme 7/FPGA/Prj1/9633022_Prj/project_2/project_2.srcs/sim_1/new/edgefilt_tb.vhd
Warning: TEXTIO function READ: line is empty
Time: 193225500 ns  Iteration: 1  Process: /edgefilt_tb/read_input_vector  File: E:/terme 7/FPGA/Prj1/9633022_Prj/project_2/project_2.srcs/sim_1/new/edgefilt_tb.vhd
Error: File E:\terme 7\FPGA\Prj1\B_input_vector.txt is already at the end of file, nothing to read
Time: 193226500 ns  Iteration: 1  Process: /edgefilt_tb/read_input_vector  File: E:/terme 7/FPGA/Prj1/9633022_Prj/project_2/project_2.srcs/sim_1/new/edgefilt_tb.vhd
Warning: TEXTIO function READ: line is empty
Time: 193226500 ns  Iteration: 1  Process: /edgefilt_tb/read_input_vector  File: E:/terme 7/FPGA/Prj1/9633022_Prj/project_2/project_2.srcs/sim_1/new/edgefilt_tb.vhd
Error: File E:\terme 7\FPGA\Prj1\B_input_vector.txt is already at the end of file, nothing to read
Time: 193227500 ns  Iteration: 1  Process: /edgefilt_tb/read_input_vector  File: E:/terme 7/FPGA/Prj1/9633022_Prj/project_2/project_2.srcs/sim_1/new/edgefilt_tb.vhd
Warning: TEXTIO function READ: line is empty
Time: 193227500 ns  Iteration: 1  Process: /edgefilt_tb/read_input_vector  File: E:/terme 7/FPGA/Prj1/9633022_Prj/project_2/project_2.srcs/sim_1/new/edgefilt_tb.vhd
Error: File E:\terme 7\FPGA\Prj1\B_input_vector.txt is already at the end of file, nothing to read
Time: 193228500 ns  Iteration: 1  Process: /edgefilt_tb/read_input_vector  File: E:/terme 7/FPGA/Prj1/9633022_Prj/project_2/project_2.srcs/sim_1/new/edgefilt_tb.vhd
Warning: TEXTIO function READ: line is empty
Time: 193228500 ns  Iteration: 1  Process: /edgefilt_tb/read_input_vector  File: E:/terme 7/FPGA/Prj1/9633022_Prj/project_2/project_2.srcs/sim_1/new/edgefilt_tb.vhd
Error: File E:\terme 7\FPGA\Prj1\B_input_vector.txt is already at the end of file, nothing to read
Time: 193229500 ns  Iteration: 1  Process: /edgefilt_tb/read_input_vector  File: E:/terme 7/FPGA/Prj1/9633022_Prj/project_2/project_2.srcs/sim_1/new/edgefilt_tb.vhd
Warning: TEXTIO function READ: line is empty
Time: 193229500 ns  Iteration: 1  Process: /edgefilt_tb/read_input_vector  File: E:/terme 7/FPGA/Prj1/9633022_Prj/project_2/project_2.srcs/sim_1/new/edgefilt_tb.vhd
Error: File E:\terme 7\FPGA\Prj1\B_input_vector.txt is already at the end of file, nothing to read
Time: 193230500 ns  Iteration: 1  Process: /edgefilt_tb/read_input_vector  File: E:/terme 7/FPGA/Prj1/9633022_Prj/project_2/project_2.srcs/sim_1/new/edgefilt_tb.vhd
Warning: TEXTIO function READ: line is empty
Time: 193230500 ns  Iteration: 1  Process: /edgefilt_tb/read_input_vector  File: E:/terme 7/FPGA/Prj1/9633022_Prj/project_2/project_2.srcs/sim_1/new/edgefilt_tb.vhd
Error: File E:\terme 7\FPGA\Prj1\B_input_vector.txt is already at the end of file, nothing to read
Time: 193231500 ns  Iteration: 1  Process: /edgefilt_tb/read_input_vector  File: E:/terme 7/FPGA/Prj1/9633022_Prj/project_2/project_2.srcs/sim_1/new/edgefilt_tb.vhd
Warning: TEXTIO function READ: line is empty
Time: 193231500 ns  Iteration: 1  Process: /edgefilt_tb/read_input_vector  File: E:/terme 7/FPGA/Prj1/9633022_Prj/project_2/project_2.srcs/sim_1/new/edgefilt_tb.vhd
Error: File E:\terme 7\FPGA\Prj1\B_input_vector.txt is already at the end of file, nothing to read
Time: 193232500 ns  Iteration: 1  Process: /edgefilt_tb/read_input_vector  File: E:/terme 7/FPGA/Prj1/9633022_Prj/project_2/project_2.srcs/sim_1/new/edgefilt_tb.vhd
Warning: TEXTIO function READ: line is empty
Time: 193232500 ns  Iteration: 1  Process: /edgefilt_tb/read_input_vector  File: E:/terme 7/FPGA/Prj1/9633022_Prj/project_2/project_2.srcs/sim_1/new/edgefilt_tb.vhd
Error: File E:\terme 7\FPGA\Prj1\B_input_vector.txt is already at the end of file, nothing to read
Time: 193233500 ns  Iteration: 1  Process: /edgefilt_tb/read_input_vector  File: E:/terme 7/FPGA/Prj1/9633022_Prj/project_2/project_2.srcs/sim_1/new/edgefilt_tb.vhd
Warning: TEXTIO function READ: line is empty
Time: 193233500 ns  Iteration: 1  Process: /edgefilt_tb/read_input_vector  File: E:/terme 7/FPGA/Prj1/9633022_Prj/project_2/project_2.srcs/sim_1/new/edgefilt_tb.vhd
Error: File E:\terme 7\FPGA\Prj1\B_input_vector.txt is already at the end of file, nothing to read
Time: 193234500 ns  Iteration: 1  Process: /edgefilt_tb/read_input_vector  File: E:/terme 7/FPGA/Prj1/9633022_Prj/project_2/project_2.srcs/sim_1/new/edgefilt_tb.vhd
Warning: TEXTIO function READ: line is empty
Time: 193234500 ns  Iteration: 1  Process: /edgefilt_tb/read_input_vector  File: E:/terme 7/FPGA/Prj1/9633022_Prj/project_2/project_2.srcs/sim_1/new/edgefilt_tb.vhd
Error: File E:\terme 7\FPGA\Prj1\B_input_vector.txt is already at the end of file, nothing to read
Time: 193235500 ns  Iteration: 1  Process: /edgefilt_tb/read_input_vector  File: E:/terme 7/FPGA/Prj1/9633022_Prj/project_2/project_2.srcs/sim_1/new/edgefilt_tb.vhd
Warning: TEXTIO function READ: line is empty
Time: 193235500 ns  Iteration: 1  Process: /edgefilt_tb/read_input_vector  File: E:/terme 7/FPGA/Prj1/9633022_Prj/project_2/project_2.srcs/sim_1/new/edgefilt_tb.vhd
Error: File E:\terme 7\FPGA\Prj1\B_input_vector.txt is already at the end of file, nothing to read
Time: 193236500 ns  Iteration: 1  Process: /edgefilt_tb/read_input_vector  File: E:/terme 7/FPGA/Prj1/9633022_Prj/project_2/project_2.srcs/sim_1/new/edgefilt_tb.vhd
Warning: TEXTIO function READ: line is empty
Time: 193236500 ns  Iteration: 1  Process: /edgefilt_tb/read_input_vector  File: E:/terme 7/FPGA/Prj1/9633022_Prj/project_2/project_2.srcs/sim_1/new/edgefilt_tb.vhd
Error: File E:\terme 7\FPGA\Prj1\B_input_vector.txt is already at the end of file, nothing to read
Time: 193237500 ns  Iteration: 1  Process: /edgefilt_tb/read_input_vector  File: E:/terme 7/FPGA/Prj1/9633022_Prj/project_2/project_2.srcs/sim_1/new/edgefilt_tb.vhd
Warning: TEXTIO function READ: line is empty
Time: 193237500 ns  Iteration: 1  Process: /edgefilt_tb/read_input_vector  File: E:/terme 7/FPGA/Prj1/9633022_Prj/project_2/project_2.srcs/sim_1/new/edgefilt_tb.vhd
Error: File E:\terme 7\FPGA\Prj1\B_input_vector.txt is already at the end of file, nothing to read
Time: 193238500 ns  Iteration: 1  Process: /edgefilt_tb/read_input_vector  File: E:/terme 7/FPGA/Prj1/9633022_Prj/project_2/project_2.srcs/sim_1/new/edgefilt_tb.vhd
Warning: TEXTIO function READ: line is empty
Time: 193238500 ns  Iteration: 1  Process: /edgefilt_tb/read_input_vector  File: E:/terme 7/FPGA/Prj1/9633022_Prj/project_2/project_2.srcs/sim_1/new/edgefilt_tb.vhd
Error: File E:\terme 7\FPGA\Prj1\B_input_vector.txt is already at the end of file, nothing to read
Time: 193239500 ns  Iteration: 1  Process: /edgefilt_tb/read_input_vector  File: E:/terme 7/FPGA/Prj1/9633022_Prj/project_2/project_2.srcs/sim_1/new/edgefilt_tb.vhd
Warning: TEXTIO function READ: line is empty
Time: 193239500 ns  Iteration: 1  Process: /edgefilt_tb/read_input_vector  File: E:/terme 7/FPGA/Prj1/9633022_Prj/project_2/project_2.srcs/sim_1/new/edgefilt_tb.vhd
Error: File E:\terme 7\FPGA\Prj1\B_input_vector.txt is already at the end of file, nothing to read
Time: 193240500 ns  Iteration: 1  Process: /edgefilt_tb/read_input_vector  File: E:/terme 7/FPGA/Prj1/9633022_Prj/project_2/project_2.srcs/sim_1/new/edgefilt_tb.vhd
Warning: TEXTIO function READ: line is empty
Time: 193240500 ns  Iteration: 1  Process: /edgefilt_tb/read_input_vector  File: E:/terme 7/FPGA/Prj1/9633022_Prj/project_2/project_2.srcs/sim_1/new/edgefilt_tb.vhd
Error: File E:\terme 7\FPGA\Prj1\B_input_vector.txt is already at the end of file, nothing to read
Time: 193241500 ns  Iteration: 1  Process: /edgefilt_tb/read_input_vector  File: E:/terme 7/FPGA/Prj1/9633022_Prj/project_2/project_2.srcs/sim_1/new/edgefilt_tb.vhd
Warning: TEXTIO function READ: line is empty
Time: 193241500 ns  Iteration: 1  Process: /edgefilt_tb/read_input_vector  File: E:/terme 7/FPGA/Prj1/9633022_Prj/project_2/project_2.srcs/sim_1/new/edgefilt_tb.vhd
Error: File E:\terme 7\FPGA\Prj1\B_input_vector.txt is already at the end of file, nothing to read
Time: 193242500 ns  Iteration: 1  Process: /edgefilt_tb/read_input_vector  File: E:/terme 7/FPGA/Prj1/9633022_Prj/project_2/project_2.srcs/sim_1/new/edgefilt_tb.vhd
Warning: TEXTIO function READ: line is empty
Time: 193242500 ns  Iteration: 1  Process: /edgefilt_tb/read_input_vector  File: E:/terme 7/FPGA/Prj1/9633022_Prj/project_2/project_2.srcs/sim_1/new/edgefilt_tb.vhd
Error: File E:\terme 7\FPGA\Prj1\B_input_vector.txt is already at the end of file, nothing to read
Time: 193243500 ns  Iteration: 1  Process: /edgefilt_tb/read_input_vector  File: E:/terme 7/FPGA/Prj1/9633022_Prj/project_2/project_2.srcs/sim_1/new/edgefilt_tb.vhd
Warning: TEXTIO function READ: line is empty
Time: 193243500 ns  Iteration: 1  Process: /edgefilt_tb/read_input_vector  File: E:/terme 7/FPGA/Prj1/9633022_Prj/project_2/project_2.srcs/sim_1/new/edgefilt_tb.vhd
Error: File E:\terme 7\FPGA\Prj1\B_input_vector.txt is already at the end of file, nothing to read
Time: 193244500 ns  Iteration: 1  Process: /edgefilt_tb/read_input_vector  File: E:/terme 7/FPGA/Prj1/9633022_Prj/project_2/project_2.srcs/sim_1/new/edgefilt_tb.vhd
Warning: TEXTIO function READ: line is empty
Time: 193244500 ns  Iteration: 1  Process: /edgefilt_tb/read_input_vector  File: E:/terme 7/FPGA/Prj1/9633022_Prj/project_2/project_2.srcs/sim_1/new/edgefilt_tb.vhd
Error: File E:\terme 7\FPGA\Prj1\B_input_vector.txt is already at the end of file, nothing to read
Time: 193245500 ns  Iteration: 1  Process: /edgefilt_tb/read_input_vector  File: E:/terme 7/FPGA/Prj1/9633022_Prj/project_2/project_2.srcs/sim_1/new/edgefilt_tb.vhd
Warning: TEXTIO function READ: line is empty
Time: 193245500 ns  Iteration: 1  Process: /edgefilt_tb/read_input_vector  File: E:/terme 7/FPGA/Prj1/9633022_Prj/project_2/project_2.srcs/sim_1/new/edgefilt_tb.vhd
Error: File E:\terme 7\FPGA\Prj1\B_input_vector.txt is already at the end of file, nothing to read
Time: 193246500 ns  Iteration: 1  Process: /edgefilt_tb/read_input_vector  File: E:/terme 7/FPGA/Prj1/9633022_Prj/project_2/project_2.srcs/sim_1/new/edgefilt_tb.vhd
Warning: TEXTIO function READ: line is empty
Time: 193246500 ns  Iteration: 1  Process: /edgefilt_tb/read_input_vector  File: E:/terme 7/FPGA/Prj1/9633022_Prj/project_2/project_2.srcs/sim_1/new/edgefilt_tb.vhd
Error: File E:\terme 7\FPGA\Prj1\B_input_vector.txt is already at the end of file, nothing to read
Time: 193247500 ns  Iteration: 1  Process: /edgefilt_tb/read_input_vector  File: E:/terme 7/FPGA/Prj1/9633022_Prj/project_2/project_2.srcs/sim_1/new/edgefilt_tb.vhd
Warning: TEXTIO function READ: line is empty
Time: 193247500 ns  Iteration: 1  Process: /edgefilt_tb/read_input_vector  File: E:/terme 7/FPGA/Prj1/9633022_Prj/project_2/project_2.srcs/sim_1/new/edgefilt_tb.vhd
Error: File E:\terme 7\FPGA\Prj1\B_input_vector.txt is already at the end of file, nothing to read
Time: 193248500 ns  Iteration: 1  Process: /edgefilt_tb/read_input_vector  File: E:/terme 7/FPGA/Prj1/9633022_Prj/project_2/project_2.srcs/sim_1/new/edgefilt_tb.vhd
Warning: TEXTIO function READ: line is empty
Time: 193248500 ns  Iteration: 1  Process: /edgefilt_tb/read_input_vector  File: E:/terme 7/FPGA/Prj1/9633022_Prj/project_2/project_2.srcs/sim_1/new/edgefilt_tb.vhd
Error: File E:\terme 7\FPGA\Prj1\B_input_vector.txt is already at the end of file, nothing to read
Time: 193249500 ns  Iteration: 1  Process: /edgefilt_tb/read_input_vector  File: E:/terme 7/FPGA/Prj1/9633022_Prj/project_2/project_2.srcs/sim_1/new/edgefilt_tb.vhd
Warning: TEXTIO function READ: line is empty
Time: 193249500 ns  Iteration: 1  Process: /edgefilt_tb/read_input_vector  File: E:/terme 7/FPGA/Prj1/9633022_Prj/project_2/project_2.srcs/sim_1/new/edgefilt_tb.vhd
Error: File E:\terme 7\FPGA\Prj1\B_input_vector.txt is already at the end of file, nothing to read
Time: 193250500 ns  Iteration: 1  Process: /edgefilt_tb/read_input_vector  File: E:/terme 7/FPGA/Prj1/9633022_Prj/project_2/project_2.srcs/sim_1/new/edgefilt_tb.vhd
Warning: TEXTIO function READ: line is empty
Time: 193250500 ns  Iteration: 1  Process: /edgefilt_tb/read_input_vector  File: E:/terme 7/FPGA/Prj1/9633022_Prj/project_2/project_2.srcs/sim_1/new/edgefilt_tb.vhd
Error: File E:\terme 7\FPGA\Prj1\B_input_vector.txt is already at the end of file, nothing to read
Time: 193251500 ns  Iteration: 1  Process: /edgefilt_tb/read_input_vector  File: E:/terme 7/FPGA/Prj1/9633022_Prj/project_2/project_2.srcs/sim_1/new/edgefilt_tb.vhd
Warning: TEXTIO function READ: line is empty
Time: 193251500 ns  Iteration: 1  Process: /edgefilt_tb/read_input_vector  File: E:/terme 7/FPGA/Prj1/9633022_Prj/project_2/project_2.srcs/sim_1/new/edgefilt_tb.vhd
Error: File E:\terme 7\FPGA\Prj1\B_input_vector.txt is already at the end of file, nothing to read
Time: 193252500 ns  Iteration: 1  Process: /edgefilt_tb/read_input_vector  File: E:/terme 7/FPGA/Prj1/9633022_Prj/project_2/project_2.srcs/sim_1/new/edgefilt_tb.vhd
Warning: TEXTIO function READ: line is empty
Time: 193252500 ns  Iteration: 1  Process: /edgefilt_tb/read_input_vector  File: E:/terme 7/FPGA/Prj1/9633022_Prj/project_2/project_2.srcs/sim_1/new/edgefilt_tb.vhd
Error: File E:\terme 7\FPGA\Prj1\B_input_vector.txt is already at the end of file, nothing to read
Time: 193253500 ns  Iteration: 1  Process: /edgefilt_tb/read_input_vector  File: E:/terme 7/FPGA/Prj1/9633022_Prj/project_2/project_2.srcs/sim_1/new/edgefilt_tb.vhd
Warning: TEXTIO function READ: line is empty
Time: 193253500 ns  Iteration: 1  Process: /edgefilt_tb/read_input_vector  File: E:/terme 7/FPGA/Prj1/9633022_Prj/project_2/project_2.srcs/sim_1/new/edgefilt_tb.vhd
Error: File E:\terme 7\FPGA\Prj1\B_input_vector.txt is already at the end of file, nothing to read
Time: 193254500 ns  Iteration: 1  Process: /edgefilt_tb/read_input_vector  File: E:/terme 7/FPGA/Prj1/9633022_Prj/project_2/project_2.srcs/sim_1/new/edgefilt_tb.vhd
Warning: TEXTIO function READ: line is empty
Time: 193254500 ns  Iteration: 1  Process: /edgefilt_tb/read_input_vector  File: E:/terme 7/FPGA/Prj1/9633022_Prj/project_2/project_2.srcs/sim_1/new/edgefilt_tb.vhd
Error: File E:\terme 7\FPGA\Prj1\B_input_vector.txt is already at the end of file, nothing to read
Time: 193255500 ns  Iteration: 1  Process: /edgefilt_tb/read_input_vector  File: E:/terme 7/FPGA/Prj1/9633022_Prj/project_2/project_2.srcs/sim_1/new/edgefilt_tb.vhd
Warning: TEXTIO function READ: line is empty
Time: 193255500 ns  Iteration: 1  Process: /edgefilt_tb/read_input_vector  File: E:/terme 7/FPGA/Prj1/9633022_Prj/project_2/project_2.srcs/sim_1/new/edgefilt_tb.vhd
Error: File E:\terme 7\FPGA\Prj1\B_input_vector.txt is already at the end of file, nothing to read
Time: 193256500 ns  Iteration: 1  Process: /edgefilt_tb/read_input_vector  File: E:/terme 7/FPGA/Prj1/9633022_Prj/project_2/project_2.srcs/sim_1/new/edgefilt_tb.vhd
Warning: TEXTIO function READ: line is empty
Time: 193256500 ns  Iteration: 1  Process: /edgefilt_tb/read_input_vector  File: E:/terme 7/FPGA/Prj1/9633022_Prj/project_2/project_2.srcs/sim_1/new/edgefilt_tb.vhd
Error: File E:\terme 7\FPGA\Prj1\B_input_vector.txt is already at the end of file, nothing to read
Time: 193257500 ns  Iteration: 1  Process: /edgefilt_tb/read_input_vector  File: E:/terme 7/FPGA/Prj1/9633022_Prj/project_2/project_2.srcs/sim_1/new/edgefilt_tb.vhd
Warning: TEXTIO function READ: line is empty
Time: 193257500 ns  Iteration: 1  Process: /edgefilt_tb/read_input_vector  File: E:/terme 7/FPGA/Prj1/9633022_Prj/project_2/project_2.srcs/sim_1/new/edgefilt_tb.vhd
Error: File E:\terme 7\FPGA\Prj1\B_input_vector.txt is already at the end of file, nothing to read
Time: 193258500 ns  Iteration: 1  Process: /edgefilt_tb/read_input_vector  File: E:/terme 7/FPGA/Prj1/9633022_Prj/project_2/project_2.srcs/sim_1/new/edgefilt_tb.vhd
Warning: TEXTIO function READ: line is empty
Time: 193258500 ns  Iteration: 1  Process: /edgefilt_tb/read_input_vector  File: E:/terme 7/FPGA/Prj1/9633022_Prj/project_2/project_2.srcs/sim_1/new/edgefilt_tb.vhd
Error: File E:\terme 7\FPGA\Prj1\B_input_vector.txt is already at the end of file, nothing to read
Time: 193259500 ns  Iteration: 1  Process: /edgefilt_tb/read_input_vector  File: E:/terme 7/FPGA/Prj1/9633022_Prj/project_2/project_2.srcs/sim_1/new/edgefilt_tb.vhd
Warning: TEXTIO function READ: line is empty
Time: 193259500 ns  Iteration: 1  Process: /edgefilt_tb/read_input_vector  File: E:/terme 7/FPGA/Prj1/9633022_Prj/project_2/project_2.srcs/sim_1/new/edgefilt_tb.vhd
Error: File E:\terme 7\FPGA\Prj1\B_input_vector.txt is already at the end of file, nothing to read
Time: 193260500 ns  Iteration: 1  Process: /edgefilt_tb/read_input_vector  File: E:/terme 7/FPGA/Prj1/9633022_Prj/project_2/project_2.srcs/sim_1/new/edgefilt_tb.vhd
Warning: TEXTIO function READ: line is empty
Time: 193260500 ns  Iteration: 1  Process: /edgefilt_tb/read_input_vector  File: E:/terme 7/FPGA/Prj1/9633022_Prj/project_2/project_2.srcs/sim_1/new/edgefilt_tb.vhd
Error: File E:\terme 7\FPGA\Prj1\B_input_vector.txt is already at the end of file, nothing to read
Time: 193261500 ns  Iteration: 1  Process: /edgefilt_tb/read_input_vector  File: E:/terme 7/FPGA/Prj1/9633022_Prj/project_2/project_2.srcs/sim_1/new/edgefilt_tb.vhd
Warning: TEXTIO function READ: line is empty
Time: 193261500 ns  Iteration: 1  Process: /edgefilt_tb/read_input_vector  File: E:/terme 7/FPGA/Prj1/9633022_Prj/project_2/project_2.srcs/sim_1/new/edgefilt_tb.vhd
Error: File E:\terme 7\FPGA\Prj1\B_input_vector.txt is already at the end of file, nothing to read
Time: 193262500 ns  Iteration: 1  Process: /edgefilt_tb/read_input_vector  File: E:/terme 7/FPGA/Prj1/9633022_Prj/project_2/project_2.srcs/sim_1/new/edgefilt_tb.vhd
Warning: TEXTIO function READ: line is empty
Time: 193262500 ns  Iteration: 1  Process: /edgefilt_tb/read_input_vector  File: E:/terme 7/FPGA/Prj1/9633022_Prj/project_2/project_2.srcs/sim_1/new/edgefilt_tb.vhd
Error: File E:\terme 7\FPGA\Prj1\B_input_vector.txt is already at the end of file, nothing to read
Time: 193263500 ns  Iteration: 1  Process: /edgefilt_tb/read_input_vector  File: E:/terme 7/FPGA/Prj1/9633022_Prj/project_2/project_2.srcs/sim_1/new/edgefilt_tb.vhd
Warning: TEXTIO function READ: line is empty
Time: 193263500 ns  Iteration: 1  Process: /edgefilt_tb/read_input_vector  File: E:/terme 7/FPGA/Prj1/9633022_Prj/project_2/project_2.srcs/sim_1/new/edgefilt_tb.vhd
Error: File E:\terme 7\FPGA\Prj1\B_input_vector.txt is already at the end of file, nothing to read
Time: 193264500 ns  Iteration: 1  Process: /edgefilt_tb/read_input_vector  File: E:/terme 7/FPGA/Prj1/9633022_Prj/project_2/project_2.srcs/sim_1/new/edgefilt_tb.vhd
Warning: TEXTIO function READ: line is empty
Time: 193264500 ns  Iteration: 1  Process: /edgefilt_tb/read_input_vector  File: E:/terme 7/FPGA/Prj1/9633022_Prj/project_2/project_2.srcs/sim_1/new/edgefilt_tb.vhd
Error: File E:\terme 7\FPGA\Prj1\B_input_vector.txt is already at the end of file, nothing to read
Time: 193265500 ns  Iteration: 1  Process: /edgefilt_tb/read_input_vector  File: E:/terme 7/FPGA/Prj1/9633022_Prj/project_2/project_2.srcs/sim_1/new/edgefilt_tb.vhd
Warning: TEXTIO function READ: line is empty
Time: 193265500 ns  Iteration: 1  Process: /edgefilt_tb/read_input_vector  File: E:/terme 7/FPGA/Prj1/9633022_Prj/project_2/project_2.srcs/sim_1/new/edgefilt_tb.vhd
Error: File E:\terme 7\FPGA\Prj1\B_input_vector.txt is already at the end of file, nothing to read
Time: 193266500 ns  Iteration: 1  Process: /edgefilt_tb/read_input_vector  File: E:/terme 7/FPGA/Prj1/9633022_Prj/project_2/project_2.srcs/sim_1/new/edgefilt_tb.vhd
Warning: TEXTIO function READ: line is empty
Time: 193266500 ns  Iteration: 1  Process: /edgefilt_tb/read_input_vector  File: E:/terme 7/FPGA/Prj1/9633022_Prj/project_2/project_2.srcs/sim_1/new/edgefilt_tb.vhd
Error: File E:\terme 7\FPGA\Prj1\B_input_vector.txt is already at the end of file, nothing to read
Time: 193267500 ns  Iteration: 1  Process: /edgefilt_tb/read_input_vector  File: E:/terme 7/FPGA/Prj1/9633022_Prj/project_2/project_2.srcs/sim_1/new/edgefilt_tb.vhd
Warning: TEXTIO function READ: line is empty
Time: 193267500 ns  Iteration: 1  Process: /edgefilt_tb/read_input_vector  File: E:/terme 7/FPGA/Prj1/9633022_Prj/project_2/project_2.srcs/sim_1/new/edgefilt_tb.vhd
Error: File E:\terme 7\FPGA\Prj1\B_input_vector.txt is already at the end of file, nothing to read
Time: 193268500 ns  Iteration: 1  Process: /edgefilt_tb/read_input_vector  File: E:/terme 7/FPGA/Prj1/9633022_Prj/project_2/project_2.srcs/sim_1/new/edgefilt_tb.vhd
Warning: TEXTIO function READ: line is empty
Time: 193268500 ns  Iteration: 1  Process: /edgefilt_tb/read_input_vector  File: E:/terme 7/FPGA/Prj1/9633022_Prj/project_2/project_2.srcs/sim_1/new/edgefilt_tb.vhd
Error: File E:\terme 7\FPGA\Prj1\B_input_vector.txt is already at the end of file, nothing to read
Time: 193269500 ns  Iteration: 1  Process: /edgefilt_tb/read_input_vector  File: E:/terme 7/FPGA/Prj1/9633022_Prj/project_2/project_2.srcs/sim_1/new/edgefilt_tb.vhd
Warning: TEXTIO function READ: line is empty
Time: 193269500 ns  Iteration: 1  Process: /edgefilt_tb/read_input_vector  File: E:/terme 7/FPGA/Prj1/9633022_Prj/project_2/project_2.srcs/sim_1/new/edgefilt_tb.vhd
Error: File E:\terme 7\FPGA\Prj1\B_input_vector.txt is already at the end of file, nothing to read
Time: 193270500 ns  Iteration: 1  Process: /edgefilt_tb/read_input_vector  File: E:/terme 7/FPGA/Prj1/9633022_Prj/project_2/project_2.srcs/sim_1/new/edgefilt_tb.vhd
Warning: TEXTIO function READ: line is empty
Time: 193270500 ns  Iteration: 1  Process: /edgefilt_tb/read_input_vector  File: E:/terme 7/FPGA/Prj1/9633022_Prj/project_2/project_2.srcs/sim_1/new/edgefilt_tb.vhd
Error: File E:\terme 7\FPGA\Prj1\B_input_vector.txt is already at the end of file, nothing to read
Time: 193271500 ns  Iteration: 1  Process: /edgefilt_tb/read_input_vector  File: E:/terme 7/FPGA/Prj1/9633022_Prj/project_2/project_2.srcs/sim_1/new/edgefilt_tb.vhd
Warning: TEXTIO function READ: line is empty
Time: 193271500 ns  Iteration: 1  Process: /edgefilt_tb/read_input_vector  File: E:/terme 7/FPGA/Prj1/9633022_Prj/project_2/project_2.srcs/sim_1/new/edgefilt_tb.vhd
Error: File E:\terme 7\FPGA\Prj1\B_input_vector.txt is already at the end of file, nothing to read
Time: 193272500 ns  Iteration: 1  Process: /edgefilt_tb/read_input_vector  File: E:/terme 7/FPGA/Prj1/9633022_Prj/project_2/project_2.srcs/sim_1/new/edgefilt_tb.vhd
Warning: TEXTIO function READ: line is empty
Time: 193272500 ns  Iteration: 1  Process: /edgefilt_tb/read_input_vector  File: E:/terme 7/FPGA/Prj1/9633022_Prj/project_2/project_2.srcs/sim_1/new/edgefilt_tb.vhd
Error: File E:\terme 7\FPGA\Prj1\B_input_vector.txt is already at the end of file, nothing to read
Time: 193273500 ns  Iteration: 1  Process: /edgefilt_tb/read_input_vector  File: E:/terme 7/FPGA/Prj1/9633022_Prj/project_2/project_2.srcs/sim_1/new/edgefilt_tb.vhd
Warning: TEXTIO function READ: line is empty
Time: 193273500 ns  Iteration: 1  Process: /edgefilt_tb/read_input_vector  File: E:/terme 7/FPGA/Prj1/9633022_Prj/project_2/project_2.srcs/sim_1/new/edgefilt_tb.vhd
Error: File E:\terme 7\FPGA\Prj1\B_input_vector.txt is already at the end of file, nothing to read
Time: 193274500 ns  Iteration: 1  Process: /edgefilt_tb/read_input_vector  File: E:/terme 7/FPGA/Prj1/9633022_Prj/project_2/project_2.srcs/sim_1/new/edgefilt_tb.vhd
Warning: TEXTIO function READ: line is empty
Time: 193274500 ns  Iteration: 1  Process: /edgefilt_tb/read_input_vector  File: E:/terme 7/FPGA/Prj1/9633022_Prj/project_2/project_2.srcs/sim_1/new/edgefilt_tb.vhd
Error: File E:\terme 7\FPGA\Prj1\B_input_vector.txt is already at the end of file, nothing to read
Time: 193275500 ns  Iteration: 1  Process: /edgefilt_tb/read_input_vector  File: E:/terme 7/FPGA/Prj1/9633022_Prj/project_2/project_2.srcs/sim_1/new/edgefilt_tb.vhd
Warning: TEXTIO function READ: line is empty
Time: 193275500 ns  Iteration: 1  Process: /edgefilt_tb/read_input_vector  File: E:/terme 7/FPGA/Prj1/9633022_Prj/project_2/project_2.srcs/sim_1/new/edgefilt_tb.vhd
Error: File E:\terme 7\FPGA\Prj1\B_input_vector.txt is already at the end of file, nothing to read
Time: 193276500 ns  Iteration: 1  Process: /edgefilt_tb/read_input_vector  File: E:/terme 7/FPGA/Prj1/9633022_Prj/project_2/project_2.srcs/sim_1/new/edgefilt_tb.vhd
Warning: TEXTIO function READ: line is empty
Time: 193276500 ns  Iteration: 1  Process: /edgefilt_tb/read_input_vector  File: E:/terme 7/FPGA/Prj1/9633022_Prj/project_2/project_2.srcs/sim_1/new/edgefilt_tb.vhd
Error: File E:\terme 7\FPGA\Prj1\B_input_vector.txt is already at the end of file, nothing to read
Time: 193277500 ns  Iteration: 1  Process: /edgefilt_tb/read_input_vector  File: E:/terme 7/FPGA/Prj1/9633022_Prj/project_2/project_2.srcs/sim_1/new/edgefilt_tb.vhd
Warning: TEXTIO function READ: line is empty
Time: 193277500 ns  Iteration: 1  Process: /edgefilt_tb/read_input_vector  File: E:/terme 7/FPGA/Prj1/9633022_Prj/project_2/project_2.srcs/sim_1/new/edgefilt_tb.vhd
Error: File E:\terme 7\FPGA\Prj1\B_input_vector.txt is already at the end of file, nothing to read
Time: 193278500 ns  Iteration: 1  Process: /edgefilt_tb/read_input_vector  File: E:/terme 7/FPGA/Prj1/9633022_Prj/project_2/project_2.srcs/sim_1/new/edgefilt_tb.vhd
Warning: TEXTIO function READ: line is empty
Time: 193278500 ns  Iteration: 1  Process: /edgefilt_tb/read_input_vector  File: E:/terme 7/FPGA/Prj1/9633022_Prj/project_2/project_2.srcs/sim_1/new/edgefilt_tb.vhd
Error: File E:\terme 7\FPGA\Prj1\B_input_vector.txt is already at the end of file, nothing to read
Time: 193279500 ns  Iteration: 1  Process: /edgefilt_tb/read_input_vector  File: E:/terme 7/FPGA/Prj1/9633022_Prj/project_2/project_2.srcs/sim_1/new/edgefilt_tb.vhd
Warning: TEXTIO function READ: line is empty
Time: 193279500 ns  Iteration: 1  Process: /edgefilt_tb/read_input_vector  File: E:/terme 7/FPGA/Prj1/9633022_Prj/project_2/project_2.srcs/sim_1/new/edgefilt_tb.vhd
Error: File E:\terme 7\FPGA\Prj1\B_input_vector.txt is already at the end of file, nothing to read
Time: 193280500 ns  Iteration: 1  Process: /edgefilt_tb/read_input_vector  File: E:/terme 7/FPGA/Prj1/9633022_Prj/project_2/project_2.srcs/sim_1/new/edgefilt_tb.vhd
Warning: TEXTIO function READ: line is empty
Time: 193280500 ns  Iteration: 1  Process: /edgefilt_tb/read_input_vector  File: E:/terme 7/FPGA/Prj1/9633022_Prj/project_2/project_2.srcs/sim_1/new/edgefilt_tb.vhd
Error: File E:\terme 7\FPGA\Prj1\B_input_vector.txt is already at the end of file, nothing to read
Time: 193281500 ns  Iteration: 1  Process: /edgefilt_tb/read_input_vector  File: E:/terme 7/FPGA/Prj1/9633022_Prj/project_2/project_2.srcs/sim_1/new/edgefilt_tb.vhd
Warning: TEXTIO function READ: line is empty
Time: 193281500 ns  Iteration: 1  Process: /edgefilt_tb/read_input_vector  File: E:/terme 7/FPGA/Prj1/9633022_Prj/project_2/project_2.srcs/sim_1/new/edgefilt_tb.vhd
Error: File E:\terme 7\FPGA\Prj1\B_input_vector.txt is already at the end of file, nothing to read
Time: 193282500 ns  Iteration: 1  Process: /edgefilt_tb/read_input_vector  File: E:/terme 7/FPGA/Prj1/9633022_Prj/project_2/project_2.srcs/sim_1/new/edgefilt_tb.vhd
Warning: TEXTIO function READ: line is empty
Time: 193282500 ns  Iteration: 1  Process: /edgefilt_tb/read_input_vector  File: E:/terme 7/FPGA/Prj1/9633022_Prj/project_2/project_2.srcs/sim_1/new/edgefilt_tb.vhd
Error: File E:\terme 7\FPGA\Prj1\B_input_vector.txt is already at the end of file, nothing to read
Time: 193283500 ns  Iteration: 1  Process: /edgefilt_tb/read_input_vector  File: E:/terme 7/FPGA/Prj1/9633022_Prj/project_2/project_2.srcs/sim_1/new/edgefilt_tb.vhd
Warning: TEXTIO function READ: line is empty
Time: 193283500 ns  Iteration: 1  Process: /edgefilt_tb/read_input_vector  File: E:/terme 7/FPGA/Prj1/9633022_Prj/project_2/project_2.srcs/sim_1/new/edgefilt_tb.vhd
Error: File E:\terme 7\FPGA\Prj1\B_input_vector.txt is already at the end of file, nothing to read
Time: 193284500 ns  Iteration: 1  Process: /edgefilt_tb/read_input_vector  File: E:/terme 7/FPGA/Prj1/9633022_Prj/project_2/project_2.srcs/sim_1/new/edgefilt_tb.vhd
Warning: TEXTIO function READ: line is empty
Time: 193284500 ns  Iteration: 1  Process: /edgefilt_tb/read_input_vector  File: E:/terme 7/FPGA/Prj1/9633022_Prj/project_2/project_2.srcs/sim_1/new/edgefilt_tb.vhd
Error: File E:\terme 7\FPGA\Prj1\B_input_vector.txt is already at the end of file, nothing to read
Time: 193285500 ns  Iteration: 1  Process: /edgefilt_tb/read_input_vector  File: E:/terme 7/FPGA/Prj1/9633022_Prj/project_2/project_2.srcs/sim_1/new/edgefilt_tb.vhd
Warning: TEXTIO function READ: line is empty
Time: 193285500 ns  Iteration: 1  Process: /edgefilt_tb/read_input_vector  File: E:/terme 7/FPGA/Prj1/9633022_Prj/project_2/project_2.srcs/sim_1/new/edgefilt_tb.vhd
Error: File E:\terme 7\FPGA\Prj1\B_input_vector.txt is already at the end of file, nothing to read
Time: 193286500 ns  Iteration: 1  Process: /edgefilt_tb/read_input_vector  File: E:/terme 7/FPGA/Prj1/9633022_Prj/project_2/project_2.srcs/sim_1/new/edgefilt_tb.vhd
Warning: TEXTIO function READ: line is empty
Time: 193286500 ns  Iteration: 1  Process: /edgefilt_tb/read_input_vector  File: E:/terme 7/FPGA/Prj1/9633022_Prj/project_2/project_2.srcs/sim_1/new/edgefilt_tb.vhd
Error: File E:\terme 7\FPGA\Prj1\B_input_vector.txt is already at the end of file, nothing to read
Time: 193287500 ns  Iteration: 1  Process: /edgefilt_tb/read_input_vector  File: E:/terme 7/FPGA/Prj1/9633022_Prj/project_2/project_2.srcs/sim_1/new/edgefilt_tb.vhd
Warning: TEXTIO function READ: line is empty
Time: 193287500 ns  Iteration: 1  Process: /edgefilt_tb/read_input_vector  File: E:/terme 7/FPGA/Prj1/9633022_Prj/project_2/project_2.srcs/sim_1/new/edgefilt_tb.vhd
Error: File E:\terme 7\FPGA\Prj1\B_input_vector.txt is already at the end of file, nothing to read
Time: 193288500 ns  Iteration: 1  Process: /edgefilt_tb/read_input_vector  File: E:/terme 7/FPGA/Prj1/9633022_Prj/project_2/project_2.srcs/sim_1/new/edgefilt_tb.vhd
Warning: TEXTIO function READ: line is empty
Time: 193288500 ns  Iteration: 1  Process: /edgefilt_tb/read_input_vector  File: E:/terme 7/FPGA/Prj1/9633022_Prj/project_2/project_2.srcs/sim_1/new/edgefilt_tb.vhd
Error: File E:\terme 7\FPGA\Prj1\B_input_vector.txt is already at the end of file, nothing to read
Time: 193289500 ns  Iteration: 1  Process: /edgefilt_tb/read_input_vector  File: E:/terme 7/FPGA/Prj1/9633022_Prj/project_2/project_2.srcs/sim_1/new/edgefilt_tb.vhd
Warning: TEXTIO function READ: line is empty
Time: 193289500 ns  Iteration: 1  Process: /edgefilt_tb/read_input_vector  File: E:/terme 7/FPGA/Prj1/9633022_Prj/project_2/project_2.srcs/sim_1/new/edgefilt_tb.vhd
Error: File E:\terme 7\FPGA\Prj1\B_input_vector.txt is already at the end of file, nothing to read
Time: 193290500 ns  Iteration: 1  Process: /edgefilt_tb/read_input_vector  File: E:/terme 7/FPGA/Prj1/9633022_Prj/project_2/project_2.srcs/sim_1/new/edgefilt_tb.vhd
Warning: TEXTIO function READ: line is empty
Time: 193290500 ns  Iteration: 1  Process: /edgefilt_tb/read_input_vector  File: E:/terme 7/FPGA/Prj1/9633022_Prj/project_2/project_2.srcs/sim_1/new/edgefilt_tb.vhd
Error: File E:\terme 7\FPGA\Prj1\B_input_vector.txt is already at the end of file, nothing to read
Time: 193291500 ns  Iteration: 1  Process: /edgefilt_tb/read_input_vector  File: E:/terme 7/FPGA/Prj1/9633022_Prj/project_2/project_2.srcs/sim_1/new/edgefilt_tb.vhd
Warning: TEXTIO function READ: line is empty
Time: 193291500 ns  Iteration: 1  Process: /edgefilt_tb/read_input_vector  File: E:/terme 7/FPGA/Prj1/9633022_Prj/project_2/project_2.srcs/sim_1/new/edgefilt_tb.vhd
Error: File E:\terme 7\FPGA\Prj1\B_input_vector.txt is already at the end of file, nothing to read
Time: 193292500 ns  Iteration: 1  Process: /edgefilt_tb/read_input_vector  File: E:/terme 7/FPGA/Prj1/9633022_Prj/project_2/project_2.srcs/sim_1/new/edgefilt_tb.vhd
Warning: TEXTIO function READ: line is empty
Time: 193292500 ns  Iteration: 1  Process: /edgefilt_tb/read_input_vector  File: E:/terme 7/FPGA/Prj1/9633022_Prj/project_2/project_2.srcs/sim_1/new/edgefilt_tb.vhd
Error: File E:\terme 7\FPGA\Prj1\B_input_vector.txt is already at the end of file, nothing to read
Time: 193293500 ns  Iteration: 1  Process: /edgefilt_tb/read_input_vector  File: E:/terme 7/FPGA/Prj1/9633022_Prj/project_2/project_2.srcs/sim_1/new/edgefilt_tb.vhd
Warning: TEXTIO function READ: line is empty
Time: 193293500 ns  Iteration: 1  Process: /edgefilt_tb/read_input_vector  File: E:/terme 7/FPGA/Prj1/9633022_Prj/project_2/project_2.srcs/sim_1/new/edgefilt_tb.vhd
Error: File E:\terme 7\FPGA\Prj1\B_input_vector.txt is already at the end of file, nothing to read
Time: 193294500 ns  Iteration: 1  Process: /edgefilt_tb/read_input_vector  File: E:/terme 7/FPGA/Prj1/9633022_Prj/project_2/project_2.srcs/sim_1/new/edgefilt_tb.vhd
Warning: TEXTIO function READ: line is empty
Time: 193294500 ns  Iteration: 1  Process: /edgefilt_tb/read_input_vector  File: E:/terme 7/FPGA/Prj1/9633022_Prj/project_2/project_2.srcs/sim_1/new/edgefilt_tb.vhd
Error: File E:\terme 7\FPGA\Prj1\B_input_vector.txt is already at the end of file, nothing to read
Time: 193295500 ns  Iteration: 1  Process: /edgefilt_tb/read_input_vector  File: E:/terme 7/FPGA/Prj1/9633022_Prj/project_2/project_2.srcs/sim_1/new/edgefilt_tb.vhd
Warning: TEXTIO function READ: line is empty
Time: 193295500 ns  Iteration: 1  Process: /edgefilt_tb/read_input_vector  File: E:/terme 7/FPGA/Prj1/9633022_Prj/project_2/project_2.srcs/sim_1/new/edgefilt_tb.vhd
Error: File E:\terme 7\FPGA\Prj1\B_input_vector.txt is already at the end of file, nothing to read
Time: 193296500 ns  Iteration: 1  Process: /edgefilt_tb/read_input_vector  File: E:/terme 7/FPGA/Prj1/9633022_Prj/project_2/project_2.srcs/sim_1/new/edgefilt_tb.vhd
Warning: TEXTIO function READ: line is empty
Time: 193296500 ns  Iteration: 1  Process: /edgefilt_tb/read_input_vector  File: E:/terme 7/FPGA/Prj1/9633022_Prj/project_2/project_2.srcs/sim_1/new/edgefilt_tb.vhd
Error: File E:\terme 7\FPGA\Prj1\B_input_vector.txt is already at the end of file, nothing to read
Time: 193297500 ns  Iteration: 1  Process: /edgefilt_tb/read_input_vector  File: E:/terme 7/FPGA/Prj1/9633022_Prj/project_2/project_2.srcs/sim_1/new/edgefilt_tb.vhd
Warning: TEXTIO function READ: line is empty
Time: 193297500 ns  Iteration: 1  Process: /edgefilt_tb/read_input_vector  File: E:/terme 7/FPGA/Prj1/9633022_Prj/project_2/project_2.srcs/sim_1/new/edgefilt_tb.vhd
Error: File E:\terme 7\FPGA\Prj1\B_input_vector.txt is already at the end of file, nothing to read
Time: 193298500 ns  Iteration: 1  Process: /edgefilt_tb/read_input_vector  File: E:/terme 7/FPGA/Prj1/9633022_Prj/project_2/project_2.srcs/sim_1/new/edgefilt_tb.vhd
Warning: TEXTIO function READ: line is empty
Time: 193298500 ns  Iteration: 1  Process: /edgefilt_tb/read_input_vector  File: E:/terme 7/FPGA/Prj1/9633022_Prj/project_2/project_2.srcs/sim_1/new/edgefilt_tb.vhd
Error: File E:\terme 7\FPGA\Prj1\B_input_vector.txt is already at the end of file, nothing to read
Time: 193299500 ns  Iteration: 1  Process: /edgefilt_tb/read_input_vector  File: E:/terme 7/FPGA/Prj1/9633022_Prj/project_2/project_2.srcs/sim_1/new/edgefilt_tb.vhd
Warning: TEXTIO function READ: line is empty
Time: 193299500 ns  Iteration: 1  Process: /edgefilt_tb/read_input_vector  File: E:/terme 7/FPGA/Prj1/9633022_Prj/project_2/project_2.srcs/sim_1/new/edgefilt_tb.vhd
Error: File E:\terme 7\FPGA\Prj1\B_input_vector.txt is already at the end of file, nothing to read
Time: 193300500 ns  Iteration: 1  Process: /edgefilt_tb/read_input_vector  File: E:/terme 7/FPGA/Prj1/9633022_Prj/project_2/project_2.srcs/sim_1/new/edgefilt_tb.vhd
Warning: TEXTIO function READ: line is empty
Time: 193300500 ns  Iteration: 1  Process: /edgefilt_tb/read_input_vector  File: E:/terme 7/FPGA/Prj1/9633022_Prj/project_2/project_2.srcs/sim_1/new/edgefilt_tb.vhd
Error: File E:\terme 7\FPGA\Prj1\B_input_vector.txt is already at the end of file, nothing to read
Time: 193301500 ns  Iteration: 1  Process: /edgefilt_tb/read_input_vector  File: E:/terme 7/FPGA/Prj1/9633022_Prj/project_2/project_2.srcs/sim_1/new/edgefilt_tb.vhd
Warning: TEXTIO function READ: line is empty
Time: 193301500 ns  Iteration: 1  Process: /edgefilt_tb/read_input_vector  File: E:/terme 7/FPGA/Prj1/9633022_Prj/project_2/project_2.srcs/sim_1/new/edgefilt_tb.vhd
Error: File E:\terme 7\FPGA\Prj1\B_input_vector.txt is already at the end of file, nothing to read
Time: 193302500 ns  Iteration: 1  Process: /edgefilt_tb/read_input_vector  File: E:/terme 7/FPGA/Prj1/9633022_Prj/project_2/project_2.srcs/sim_1/new/edgefilt_tb.vhd
Warning: TEXTIO function READ: line is empty
Time: 193302500 ns  Iteration: 1  Process: /edgefilt_tb/read_input_vector  File: E:/terme 7/FPGA/Prj1/9633022_Prj/project_2/project_2.srcs/sim_1/new/edgefilt_tb.vhd
Error: File E:\terme 7\FPGA\Prj1\B_input_vector.txt is already at the end of file, nothing to read
Time: 193303500 ns  Iteration: 1  Process: /edgefilt_tb/read_input_vector  File: E:/terme 7/FPGA/Prj1/9633022_Prj/project_2/project_2.srcs/sim_1/new/edgefilt_tb.vhd
Warning: TEXTIO function READ: line is empty
Time: 193303500 ns  Iteration: 1  Process: /edgefilt_tb/read_input_vector  File: E:/terme 7/FPGA/Prj1/9633022_Prj/project_2/project_2.srcs/sim_1/new/edgefilt_tb.vhd
Error: File E:\terme 7\FPGA\Prj1\B_input_vector.txt is already at the end of file, nothing to read
Time: 193304500 ns  Iteration: 1  Process: /edgefilt_tb/read_input_vector  File: E:/terme 7/FPGA/Prj1/9633022_Prj/project_2/project_2.srcs/sim_1/new/edgefilt_tb.vhd
Warning: TEXTIO function READ: line is empty
Time: 193304500 ns  Iteration: 1  Process: /edgefilt_tb/read_input_vector  File: E:/terme 7/FPGA/Prj1/9633022_Prj/project_2/project_2.srcs/sim_1/new/edgefilt_tb.vhd
Error: File E:\terme 7\FPGA\Prj1\B_input_vector.txt is already at the end of file, nothing to read
Time: 193305500 ns  Iteration: 1  Process: /edgefilt_tb/read_input_vector  File: E:/terme 7/FPGA/Prj1/9633022_Prj/project_2/project_2.srcs/sim_1/new/edgefilt_tb.vhd
Warning: TEXTIO function READ: line is empty
Time: 193305500 ns  Iteration: 1  Process: /edgefilt_tb/read_input_vector  File: E:/terme 7/FPGA/Prj1/9633022_Prj/project_2/project_2.srcs/sim_1/new/edgefilt_tb.vhd
Error: File E:\terme 7\FPGA\Prj1\B_input_vector.txt is already at the end of file, nothing to read
Time: 193306500 ns  Iteration: 1  Process: /edgefilt_tb/read_input_vector  File: E:/terme 7/FPGA/Prj1/9633022_Prj/project_2/project_2.srcs/sim_1/new/edgefilt_tb.vhd
Warning: TEXTIO function READ: line is empty
Time: 193306500 ns  Iteration: 1  Process: /edgefilt_tb/read_input_vector  File: E:/terme 7/FPGA/Prj1/9633022_Prj/project_2/project_2.srcs/sim_1/new/edgefilt_tb.vhd
Error: File E:\terme 7\FPGA\Prj1\B_input_vector.txt is already at the end of file, nothing to read
Time: 193307500 ns  Iteration: 1  Process: /edgefilt_tb/read_input_vector  File: E:/terme 7/FPGA/Prj1/9633022_Prj/project_2/project_2.srcs/sim_1/new/edgefilt_tb.vhd
Warning: TEXTIO function READ: line is empty
Time: 193307500 ns  Iteration: 1  Process: /edgefilt_tb/read_input_vector  File: E:/terme 7/FPGA/Prj1/9633022_Prj/project_2/project_2.srcs/sim_1/new/edgefilt_tb.vhd
Error: File E:\terme 7\FPGA\Prj1\B_input_vector.txt is already at the end of file, nothing to read
Time: 193308500 ns  Iteration: 1  Process: /edgefilt_tb/read_input_vector  File: E:/terme 7/FPGA/Prj1/9633022_Prj/project_2/project_2.srcs/sim_1/new/edgefilt_tb.vhd
Warning: TEXTIO function READ: line is empty
Time: 193308500 ns  Iteration: 1  Process: /edgefilt_tb/read_input_vector  File: E:/terme 7/FPGA/Prj1/9633022_Prj/project_2/project_2.srcs/sim_1/new/edgefilt_tb.vhd
Error: File E:\terme 7\FPGA\Prj1\B_input_vector.txt is already at the end of file, nothing to read
Time: 193309500 ns  Iteration: 1  Process: /edgefilt_tb/read_input_vector  File: E:/terme 7/FPGA/Prj1/9633022_Prj/project_2/project_2.srcs/sim_1/new/edgefilt_tb.vhd
Warning: TEXTIO function READ: line is empty
Time: 193309500 ns  Iteration: 1  Process: /edgefilt_tb/read_input_vector  File: E:/terme 7/FPGA/Prj1/9633022_Prj/project_2/project_2.srcs/sim_1/new/edgefilt_tb.vhd
Error: File E:\terme 7\FPGA\Prj1\B_input_vector.txt is already at the end of file, nothing to read
Time: 193310500 ns  Iteration: 1  Process: /edgefilt_tb/read_input_vector  File: E:/terme 7/FPGA/Prj1/9633022_Prj/project_2/project_2.srcs/sim_1/new/edgefilt_tb.vhd
Warning: TEXTIO function READ: line is empty
Time: 193310500 ns  Iteration: 1  Process: /edgefilt_tb/read_input_vector  File: E:/terme 7/FPGA/Prj1/9633022_Prj/project_2/project_2.srcs/sim_1/new/edgefilt_tb.vhd
Error: File E:\terme 7\FPGA\Prj1\B_input_vector.txt is already at the end of file, nothing to read
Time: 193311500 ns  Iteration: 1  Process: /edgefilt_tb/read_input_vector  File: E:/terme 7/FPGA/Prj1/9633022_Prj/project_2/project_2.srcs/sim_1/new/edgefilt_tb.vhd
Warning: TEXTIO function READ: line is empty
Time: 193311500 ns  Iteration: 1  Process: /edgefilt_tb/read_input_vector  File: E:/terme 7/FPGA/Prj1/9633022_Prj/project_2/project_2.srcs/sim_1/new/edgefilt_tb.vhd
Error: File E:\terme 7\FPGA\Prj1\B_input_vector.txt is already at the end of file, nothing to read
Time: 193312500 ns  Iteration: 1  Process: /edgefilt_tb/read_input_vector  File: E:/terme 7/FPGA/Prj1/9633022_Prj/project_2/project_2.srcs/sim_1/new/edgefilt_tb.vhd
Warning: TEXTIO function READ: line is empty
Time: 193312500 ns  Iteration: 1  Process: /edgefilt_tb/read_input_vector  File: E:/terme 7/FPGA/Prj1/9633022_Prj/project_2/project_2.srcs/sim_1/new/edgefilt_tb.vhd
Error: File E:\terme 7\FPGA\Prj1\B_input_vector.txt is already at the end of file, nothing to read
Time: 193313500 ns  Iteration: 1  Process: /edgefilt_tb/read_input_vector  File: E:/terme 7/FPGA/Prj1/9633022_Prj/project_2/project_2.srcs/sim_1/new/edgefilt_tb.vhd
Warning: TEXTIO function READ: line is empty
Time: 193313500 ns  Iteration: 1  Process: /edgefilt_tb/read_input_vector  File: E:/terme 7/FPGA/Prj1/9633022_Prj/project_2/project_2.srcs/sim_1/new/edgefilt_tb.vhd
Error: File E:\terme 7\FPGA\Prj1\B_input_vector.txt is already at the end of file, nothing to read
Time: 193314500 ns  Iteration: 1  Process: /edgefilt_tb/read_input_vector  File: E:/terme 7/FPGA/Prj1/9633022_Prj/project_2/project_2.srcs/sim_1/new/edgefilt_tb.vhd
Warning: TEXTIO function READ: line is empty
Time: 193314500 ns  Iteration: 1  Process: /edgefilt_tb/read_input_vector  File: E:/terme 7/FPGA/Prj1/9633022_Prj/project_2/project_2.srcs/sim_1/new/edgefilt_tb.vhd
Error: File E:\terme 7\FPGA\Prj1\B_input_vector.txt is already at the end of file, nothing to read
Time: 193315500 ns  Iteration: 1  Process: /edgefilt_tb/read_input_vector  File: E:/terme 7/FPGA/Prj1/9633022_Prj/project_2/project_2.srcs/sim_1/new/edgefilt_tb.vhd
Warning: TEXTIO function READ: line is empty
Time: 193315500 ns  Iteration: 1  Process: /edgefilt_tb/read_input_vector  File: E:/terme 7/FPGA/Prj1/9633022_Prj/project_2/project_2.srcs/sim_1/new/edgefilt_tb.vhd
Error: File E:\terme 7\FPGA\Prj1\B_input_vector.txt is already at the end of file, nothing to read
Time: 193316500 ns  Iteration: 1  Process: /edgefilt_tb/read_input_vector  File: E:/terme 7/FPGA/Prj1/9633022_Prj/project_2/project_2.srcs/sim_1/new/edgefilt_tb.vhd
Warning: TEXTIO function READ: line is empty
Time: 193316500 ns  Iteration: 1  Process: /edgefilt_tb/read_input_vector  File: E:/terme 7/FPGA/Prj1/9633022_Prj/project_2/project_2.srcs/sim_1/new/edgefilt_tb.vhd
Error: File E:\terme 7\FPGA\Prj1\B_input_vector.txt is already at the end of file, nothing to read
Time: 193317500 ns  Iteration: 1  Process: /edgefilt_tb/read_input_vector  File: E:/terme 7/FPGA/Prj1/9633022_Prj/project_2/project_2.srcs/sim_1/new/edgefilt_tb.vhd
Warning: TEXTIO function READ: line is empty
Time: 193317500 ns  Iteration: 1  Process: /edgefilt_tb/read_input_vector  File: E:/terme 7/FPGA/Prj1/9633022_Prj/project_2/project_2.srcs/sim_1/new/edgefilt_tb.vhd
Error: File E:\terme 7\FPGA\Prj1\B_input_vector.txt is already at the end of file, nothing to read
Time: 193318500 ns  Iteration: 1  Process: /edgefilt_tb/read_input_vector  File: E:/terme 7/FPGA/Prj1/9633022_Prj/project_2/project_2.srcs/sim_1/new/edgefilt_tb.vhd
Warning: TEXTIO function READ: line is empty
Time: 193318500 ns  Iteration: 1  Process: /edgefilt_tb/read_input_vector  File: E:/terme 7/FPGA/Prj1/9633022_Prj/project_2/project_2.srcs/sim_1/new/edgefilt_tb.vhd
Error: File E:\terme 7\FPGA\Prj1\B_input_vector.txt is already at the end of file, nothing to read
Time: 193319500 ns  Iteration: 1  Process: /edgefilt_tb/read_input_vector  File: E:/terme 7/FPGA/Prj1/9633022_Prj/project_2/project_2.srcs/sim_1/new/edgefilt_tb.vhd
Warning: TEXTIO function READ: line is empty
Time: 193319500 ns  Iteration: 1  Process: /edgefilt_tb/read_input_vector  File: E:/terme 7/FPGA/Prj1/9633022_Prj/project_2/project_2.srcs/sim_1/new/edgefilt_tb.vhd
Error: File E:\terme 7\FPGA\Prj1\B_input_vector.txt is already at the end of file, nothing to read
Time: 193320500 ns  Iteration: 1  Process: /edgefilt_tb/read_input_vector  File: E:/terme 7/FPGA/Prj1/9633022_Prj/project_2/project_2.srcs/sim_1/new/edgefilt_tb.vhd
Warning: TEXTIO function READ: line is empty
Time: 193320500 ns  Iteration: 1  Process: /edgefilt_tb/read_input_vector  File: E:/terme 7/FPGA/Prj1/9633022_Prj/project_2/project_2.srcs/sim_1/new/edgefilt_tb.vhd
Error: File E:\terme 7\FPGA\Prj1\B_input_vector.txt is already at the end of file, nothing to read
Time: 193321500 ns  Iteration: 1  Process: /edgefilt_tb/read_input_vector  File: E:/terme 7/FPGA/Prj1/9633022_Prj/project_2/project_2.srcs/sim_1/new/edgefilt_tb.vhd
Warning: TEXTIO function READ: line is empty
Time: 193321500 ns  Iteration: 1  Process: /edgefilt_tb/read_input_vector  File: E:/terme 7/FPGA/Prj1/9633022_Prj/project_2/project_2.srcs/sim_1/new/edgefilt_tb.vhd
Error: File E:\terme 7\FPGA\Prj1\B_input_vector.txt is already at the end of file, nothing to read
Time: 193322500 ns  Iteration: 1  Process: /edgefilt_tb/read_input_vector  File: E:/terme 7/FPGA/Prj1/9633022_Prj/project_2/project_2.srcs/sim_1/new/edgefilt_tb.vhd
Warning: TEXTIO function READ: line is empty
Time: 193322500 ns  Iteration: 1  Process: /edgefilt_tb/read_input_vector  File: E:/terme 7/FPGA/Prj1/9633022_Prj/project_2/project_2.srcs/sim_1/new/edgefilt_tb.vhd
Error: File E:\terme 7\FPGA\Prj1\B_input_vector.txt is already at the end of file, nothing to read
Time: 193323500 ns  Iteration: 1  Process: /edgefilt_tb/read_input_vector  File: E:/terme 7/FPGA/Prj1/9633022_Prj/project_2/project_2.srcs/sim_1/new/edgefilt_tb.vhd
Warning: TEXTIO function READ: line is empty
Time: 193323500 ns  Iteration: 1  Process: /edgefilt_tb/read_input_vector  File: E:/terme 7/FPGA/Prj1/9633022_Prj/project_2/project_2.srcs/sim_1/new/edgefilt_tb.vhd
Error: File E:\terme 7\FPGA\Prj1\B_input_vector.txt is already at the end of file, nothing to read
Time: 193324500 ns  Iteration: 1  Process: /edgefilt_tb/read_input_vector  File: E:/terme 7/FPGA/Prj1/9633022_Prj/project_2/project_2.srcs/sim_1/new/edgefilt_tb.vhd
Warning: TEXTIO function READ: line is empty
Time: 193324500 ns  Iteration: 1  Process: /edgefilt_tb/read_input_vector  File: E:/terme 7/FPGA/Prj1/9633022_Prj/project_2/project_2.srcs/sim_1/new/edgefilt_tb.vhd
Error: File E:\terme 7\FPGA\Prj1\B_input_vector.txt is already at the end of file, nothing to read
Time: 193325500 ns  Iteration: 1  Process: /edgefilt_tb/read_input_vector  File: E:/terme 7/FPGA/Prj1/9633022_Prj/project_2/project_2.srcs/sim_1/new/edgefilt_tb.vhd
Warning: TEXTIO function READ: line is empty
Time: 193325500 ns  Iteration: 1  Process: /edgefilt_tb/read_input_vector  File: E:/terme 7/FPGA/Prj1/9633022_Prj/project_2/project_2.srcs/sim_1/new/edgefilt_tb.vhd
Error: File E:\terme 7\FPGA\Prj1\B_input_vector.txt is already at the end of file, nothing to read
Time: 193326500 ns  Iteration: 1  Process: /edgefilt_tb/read_input_vector  File: E:/terme 7/FPGA/Prj1/9633022_Prj/project_2/project_2.srcs/sim_1/new/edgefilt_tb.vhd
Warning: TEXTIO function READ: line is empty
Time: 193326500 ns  Iteration: 1  Process: /edgefilt_tb/read_input_vector  File: E:/terme 7/FPGA/Prj1/9633022_Prj/project_2/project_2.srcs/sim_1/new/edgefilt_tb.vhd
Error: File E:\terme 7\FPGA\Prj1\B_input_vector.txt is already at the end of file, nothing to read
Time: 193327500 ns  Iteration: 1  Process: /edgefilt_tb/read_input_vector  File: E:/terme 7/FPGA/Prj1/9633022_Prj/project_2/project_2.srcs/sim_1/new/edgefilt_tb.vhd
Warning: TEXTIO function READ: line is empty
Time: 193327500 ns  Iteration: 1  Process: /edgefilt_tb/read_input_vector  File: E:/terme 7/FPGA/Prj1/9633022_Prj/project_2/project_2.srcs/sim_1/new/edgefilt_tb.vhd
Error: File E:\terme 7\FPGA\Prj1\B_input_vector.txt is already at the end of file, nothing to read
Time: 193328500 ns  Iteration: 1  Process: /edgefilt_tb/read_input_vector  File: E:/terme 7/FPGA/Prj1/9633022_Prj/project_2/project_2.srcs/sim_1/new/edgefilt_tb.vhd
Warning: TEXTIO function READ: line is empty
Time: 193328500 ns  Iteration: 1  Process: /edgefilt_tb/read_input_vector  File: E:/terme 7/FPGA/Prj1/9633022_Prj/project_2/project_2.srcs/sim_1/new/edgefilt_tb.vhd
Error: File E:\terme 7\FPGA\Prj1\B_input_vector.txt is already at the end of file, nothing to read
Time: 193329500 ns  Iteration: 1  Process: /edgefilt_tb/read_input_vector  File: E:/terme 7/FPGA/Prj1/9633022_Prj/project_2/project_2.srcs/sim_1/new/edgefilt_tb.vhd
Warning: TEXTIO function READ: line is empty
Time: 193329500 ns  Iteration: 1  Process: /edgefilt_tb/read_input_vector  File: E:/terme 7/FPGA/Prj1/9633022_Prj/project_2/project_2.srcs/sim_1/new/edgefilt_tb.vhd
Error: File E:\terme 7\FPGA\Prj1\B_input_vector.txt is already at the end of file, nothing to read
Time: 193330500 ns  Iteration: 1  Process: /edgefilt_tb/read_input_vector  File: E:/terme 7/FPGA/Prj1/9633022_Prj/project_2/project_2.srcs/sim_1/new/edgefilt_tb.vhd
Warning: TEXTIO function READ: line is empty
Time: 193330500 ns  Iteration: 1  Process: /edgefilt_tb/read_input_vector  File: E:/terme 7/FPGA/Prj1/9633022_Prj/project_2/project_2.srcs/sim_1/new/edgefilt_tb.vhd
Error: File E:\terme 7\FPGA\Prj1\B_input_vector.txt is already at the end of file, nothing to read
Time: 193331500 ns  Iteration: 1  Process: /edgefilt_tb/read_input_vector  File: E:/terme 7/FPGA/Prj1/9633022_Prj/project_2/project_2.srcs/sim_1/new/edgefilt_tb.vhd
Warning: TEXTIO function READ: line is empty
Time: 193331500 ns  Iteration: 1  Process: /edgefilt_tb/read_input_vector  File: E:/terme 7/FPGA/Prj1/9633022_Prj/project_2/project_2.srcs/sim_1/new/edgefilt_tb.vhd
Error: File E:\terme 7\FPGA\Prj1\B_input_vector.txt is already at the end of file, nothing to read
Time: 193332500 ns  Iteration: 1  Process: /edgefilt_tb/read_input_vector  File: E:/terme 7/FPGA/Prj1/9633022_Prj/project_2/project_2.srcs/sim_1/new/edgefilt_tb.vhd
Warning: TEXTIO function READ: line is empty
Time: 193332500 ns  Iteration: 1  Process: /edgefilt_tb/read_input_vector  File: E:/terme 7/FPGA/Prj1/9633022_Prj/project_2/project_2.srcs/sim_1/new/edgefilt_tb.vhd
Error: File E:\terme 7\FPGA\Prj1\B_input_vector.txt is already at the end of file, nothing to read
Time: 193333500 ns  Iteration: 1  Process: /edgefilt_tb/read_input_vector  File: E:/terme 7/FPGA/Prj1/9633022_Prj/project_2/project_2.srcs/sim_1/new/edgefilt_tb.vhd
Warning: TEXTIO function READ: line is empty
Time: 193333500 ns  Iteration: 1  Process: /edgefilt_tb/read_input_vector  File: E:/terme 7/FPGA/Prj1/9633022_Prj/project_2/project_2.srcs/sim_1/new/edgefilt_tb.vhd
Error: File E:\terme 7\FPGA\Prj1\B_input_vector.txt is already at the end of file, nothing to read
Time: 193334500 ns  Iteration: 1  Process: /edgefilt_tb/read_input_vector  File: E:/terme 7/FPGA/Prj1/9633022_Prj/project_2/project_2.srcs/sim_1/new/edgefilt_tb.vhd
Warning: TEXTIO function READ: line is empty
Time: 193334500 ns  Iteration: 1  Process: /edgefilt_tb/read_input_vector  File: E:/terme 7/FPGA/Prj1/9633022_Prj/project_2/project_2.srcs/sim_1/new/edgefilt_tb.vhd
Error: File E:\terme 7\FPGA\Prj1\B_input_vector.txt is already at the end of file, nothing to read
Time: 193335500 ns  Iteration: 1  Process: /edgefilt_tb/read_input_vector  File: E:/terme 7/FPGA/Prj1/9633022_Prj/project_2/project_2.srcs/sim_1/new/edgefilt_tb.vhd
Warning: TEXTIO function READ: line is empty
Time: 193335500 ns  Iteration: 1  Process: /edgefilt_tb/read_input_vector  File: E:/terme 7/FPGA/Prj1/9633022_Prj/project_2/project_2.srcs/sim_1/new/edgefilt_tb.vhd
Error: File E:\terme 7\FPGA\Prj1\B_input_vector.txt is already at the end of file, nothing to read
Time: 193336500 ns  Iteration: 1  Process: /edgefilt_tb/read_input_vector  File: E:/terme 7/FPGA/Prj1/9633022_Prj/project_2/project_2.srcs/sim_1/new/edgefilt_tb.vhd
Warning: TEXTIO function READ: line is empty
Time: 193336500 ns  Iteration: 1  Process: /edgefilt_tb/read_input_vector  File: E:/terme 7/FPGA/Prj1/9633022_Prj/project_2/project_2.srcs/sim_1/new/edgefilt_tb.vhd
Error: File E:\terme 7\FPGA\Prj1\B_input_vector.txt is already at the end of file, nothing to read
Time: 193337500 ns  Iteration: 1  Process: /edgefilt_tb/read_input_vector  File: E:/terme 7/FPGA/Prj1/9633022_Prj/project_2/project_2.srcs/sim_1/new/edgefilt_tb.vhd
Warning: TEXTIO function READ: line is empty
Time: 193337500 ns  Iteration: 1  Process: /edgefilt_tb/read_input_vector  File: E:/terme 7/FPGA/Prj1/9633022_Prj/project_2/project_2.srcs/sim_1/new/edgefilt_tb.vhd
Error: File E:\terme 7\FPGA\Prj1\B_input_vector.txt is already at the end of file, nothing to read
Time: 193338500 ns  Iteration: 1  Process: /edgefilt_tb/read_input_vector  File: E:/terme 7/FPGA/Prj1/9633022_Prj/project_2/project_2.srcs/sim_1/new/edgefilt_tb.vhd
Warning: TEXTIO function READ: line is empty
Time: 193338500 ns  Iteration: 1  Process: /edgefilt_tb/read_input_vector  File: E:/terme 7/FPGA/Prj1/9633022_Prj/project_2/project_2.srcs/sim_1/new/edgefilt_tb.vhd
Error: File E:\terme 7\FPGA\Prj1\B_input_vector.txt is already at the end of file, nothing to read
Time: 193339500 ns  Iteration: 1  Process: /edgefilt_tb/read_input_vector  File: E:/terme 7/FPGA/Prj1/9633022_Prj/project_2/project_2.srcs/sim_1/new/edgefilt_tb.vhd
Warning: TEXTIO function READ: line is empty
Time: 193339500 ns  Iteration: 1  Process: /edgefilt_tb/read_input_vector  File: E:/terme 7/FPGA/Prj1/9633022_Prj/project_2/project_2.srcs/sim_1/new/edgefilt_tb.vhd
Error: File E:\terme 7\FPGA\Prj1\B_input_vector.txt is already at the end of file, nothing to read
Time: 193340500 ns  Iteration: 1  Process: /edgefilt_tb/read_input_vector  File: E:/terme 7/FPGA/Prj1/9633022_Prj/project_2/project_2.srcs/sim_1/new/edgefilt_tb.vhd
Warning: TEXTIO function READ: line is empty
Time: 193340500 ns  Iteration: 1  Process: /edgefilt_tb/read_input_vector  File: E:/terme 7/FPGA/Prj1/9633022_Prj/project_2/project_2.srcs/sim_1/new/edgefilt_tb.vhd
Error: File E:\terme 7\FPGA\Prj1\B_input_vector.txt is already at the end of file, nothing to read
Time: 193341500 ns  Iteration: 1  Process: /edgefilt_tb/read_input_vector  File: E:/terme 7/FPGA/Prj1/9633022_Prj/project_2/project_2.srcs/sim_1/new/edgefilt_tb.vhd
Warning: TEXTIO function READ: line is empty
Time: 193341500 ns  Iteration: 1  Process: /edgefilt_tb/read_input_vector  File: E:/terme 7/FPGA/Prj1/9633022_Prj/project_2/project_2.srcs/sim_1/new/edgefilt_tb.vhd
Error: File E:\terme 7\FPGA\Prj1\B_input_vector.txt is already at the end of file, nothing to read
Time: 193342500 ns  Iteration: 1  Process: /edgefilt_tb/read_input_vector  File: E:/terme 7/FPGA/Prj1/9633022_Prj/project_2/project_2.srcs/sim_1/new/edgefilt_tb.vhd
Warning: TEXTIO function READ: line is empty
Time: 193342500 ns  Iteration: 1  Process: /edgefilt_tb/read_input_vector  File: E:/terme 7/FPGA/Prj1/9633022_Prj/project_2/project_2.srcs/sim_1/new/edgefilt_tb.vhd
Error: File E:\terme 7\FPGA\Prj1\B_input_vector.txt is already at the end of file, nothing to read
Time: 193343500 ns  Iteration: 1  Process: /edgefilt_tb/read_input_vector  File: E:/terme 7/FPGA/Prj1/9633022_Prj/project_2/project_2.srcs/sim_1/new/edgefilt_tb.vhd
Warning: TEXTIO function READ: line is empty
Time: 193343500 ns  Iteration: 1  Process: /edgefilt_tb/read_input_vector  File: E:/terme 7/FPGA/Prj1/9633022_Prj/project_2/project_2.srcs/sim_1/new/edgefilt_tb.vhd
Error: File E:\terme 7\FPGA\Prj1\B_input_vector.txt is already at the end of file, nothing to read
Time: 193344500 ns  Iteration: 1  Process: /edgefilt_tb/read_input_vector  File: E:/terme 7/FPGA/Prj1/9633022_Prj/project_2/project_2.srcs/sim_1/new/edgefilt_tb.vhd
Warning: TEXTIO function READ: line is empty
Time: 193344500 ns  Iteration: 1  Process: /edgefilt_tb/read_input_vector  File: E:/terme 7/FPGA/Prj1/9633022_Prj/project_2/project_2.srcs/sim_1/new/edgefilt_tb.vhd
Error: File E:\terme 7\FPGA\Prj1\B_input_vector.txt is already at the end of file, nothing to read
Time: 193345500 ns  Iteration: 1  Process: /edgefilt_tb/read_input_vector  File: E:/terme 7/FPGA/Prj1/9633022_Prj/project_2/project_2.srcs/sim_1/new/edgefilt_tb.vhd
Warning: TEXTIO function READ: line is empty
Time: 193345500 ns  Iteration: 1  Process: /edgefilt_tb/read_input_vector  File: E:/terme 7/FPGA/Prj1/9633022_Prj/project_2/project_2.srcs/sim_1/new/edgefilt_tb.vhd
Error: File E:\terme 7\FPGA\Prj1\B_input_vector.txt is already at the end of file, nothing to read
Time: 193346500 ns  Iteration: 1  Process: /edgefilt_tb/read_input_vector  File: E:/terme 7/FPGA/Prj1/9633022_Prj/project_2/project_2.srcs/sim_1/new/edgefilt_tb.vhd
Warning: TEXTIO function READ: line is empty
Time: 193346500 ns  Iteration: 1  Process: /edgefilt_tb/read_input_vector  File: E:/terme 7/FPGA/Prj1/9633022_Prj/project_2/project_2.srcs/sim_1/new/edgefilt_tb.vhd
Error: File E:\terme 7\FPGA\Prj1\B_input_vector.txt is already at the end of file, nothing to read
Time: 193347500 ns  Iteration: 1  Process: /edgefilt_tb/read_input_vector  File: E:/terme 7/FPGA/Prj1/9633022_Prj/project_2/project_2.srcs/sim_1/new/edgefilt_tb.vhd
Warning: TEXTIO function READ: line is empty
Time: 193347500 ns  Iteration: 1  Process: /edgefilt_tb/read_input_vector  File: E:/terme 7/FPGA/Prj1/9633022_Prj/project_2/project_2.srcs/sim_1/new/edgefilt_tb.vhd
Error: File E:\terme 7\FPGA\Prj1\B_input_vector.txt is already at the end of file, nothing to read
Time: 193348500 ns  Iteration: 1  Process: /edgefilt_tb/read_input_vector  File: E:/terme 7/FPGA/Prj1/9633022_Prj/project_2/project_2.srcs/sim_1/new/edgefilt_tb.vhd
Warning: TEXTIO function READ: line is empty
Time: 193348500 ns  Iteration: 1  Process: /edgefilt_tb/read_input_vector  File: E:/terme 7/FPGA/Prj1/9633022_Prj/project_2/project_2.srcs/sim_1/new/edgefilt_tb.vhd
Error: File E:\terme 7\FPGA\Prj1\B_input_vector.txt is already at the end of file, nothing to read
Time: 193349500 ns  Iteration: 1  Process: /edgefilt_tb/read_input_vector  File: E:/terme 7/FPGA/Prj1/9633022_Prj/project_2/project_2.srcs/sim_1/new/edgefilt_tb.vhd
Warning: TEXTIO function READ: line is empty
Time: 193349500 ns  Iteration: 1  Process: /edgefilt_tb/read_input_vector  File: E:/terme 7/FPGA/Prj1/9633022_Prj/project_2/project_2.srcs/sim_1/new/edgefilt_tb.vhd
Error: File E:\terme 7\FPGA\Prj1\B_input_vector.txt is already at the end of file, nothing to read
Time: 193350500 ns  Iteration: 1  Process: /edgefilt_tb/read_input_vector  File: E:/terme 7/FPGA/Prj1/9633022_Prj/project_2/project_2.srcs/sim_1/new/edgefilt_tb.vhd
Warning: TEXTIO function READ: line is empty
Time: 193350500 ns  Iteration: 1  Process: /edgefilt_tb/read_input_vector  File: E:/terme 7/FPGA/Prj1/9633022_Prj/project_2/project_2.srcs/sim_1/new/edgefilt_tb.vhd
Error: File E:\terme 7\FPGA\Prj1\B_input_vector.txt is already at the end of file, nothing to read
Time: 193351500 ns  Iteration: 1  Process: /edgefilt_tb/read_input_vector  File: E:/terme 7/FPGA/Prj1/9633022_Prj/project_2/project_2.srcs/sim_1/new/edgefilt_tb.vhd
Warning: TEXTIO function READ: line is empty
Time: 193351500 ns  Iteration: 1  Process: /edgefilt_tb/read_input_vector  File: E:/terme 7/FPGA/Prj1/9633022_Prj/project_2/project_2.srcs/sim_1/new/edgefilt_tb.vhd
Error: File E:\terme 7\FPGA\Prj1\B_input_vector.txt is already at the end of file, nothing to read
Time: 193352500 ns  Iteration: 1  Process: /edgefilt_tb/read_input_vector  File: E:/terme 7/FPGA/Prj1/9633022_Prj/project_2/project_2.srcs/sim_1/new/edgefilt_tb.vhd
Warning: TEXTIO function READ: line is empty
Time: 193352500 ns  Iteration: 1  Process: /edgefilt_tb/read_input_vector  File: E:/terme 7/FPGA/Prj1/9633022_Prj/project_2/project_2.srcs/sim_1/new/edgefilt_tb.vhd
Error: File E:\terme 7\FPGA\Prj1\B_input_vector.txt is already at the end of file, nothing to read
Time: 193353500 ns  Iteration: 1  Process: /edgefilt_tb/read_input_vector  File: E:/terme 7/FPGA/Prj1/9633022_Prj/project_2/project_2.srcs/sim_1/new/edgefilt_tb.vhd
Warning: TEXTIO function READ: line is empty
Time: 193353500 ns  Iteration: 1  Process: /edgefilt_tb/read_input_vector  File: E:/terme 7/FPGA/Prj1/9633022_Prj/project_2/project_2.srcs/sim_1/new/edgefilt_tb.vhd
Error: File E:\terme 7\FPGA\Prj1\B_input_vector.txt is already at the end of file, nothing to read
Time: 193354500 ns  Iteration: 1  Process: /edgefilt_tb/read_input_vector  File: E:/terme 7/FPGA/Prj1/9633022_Prj/project_2/project_2.srcs/sim_1/new/edgefilt_tb.vhd
Warning: TEXTIO function READ: line is empty
Time: 193354500 ns  Iteration: 1  Process: /edgefilt_tb/read_input_vector  File: E:/terme 7/FPGA/Prj1/9633022_Prj/project_2/project_2.srcs/sim_1/new/edgefilt_tb.vhd
Error: File E:\terme 7\FPGA\Prj1\B_input_vector.txt is already at the end of file, nothing to read
Time: 193355500 ns  Iteration: 1  Process: /edgefilt_tb/read_input_vector  File: E:/terme 7/FPGA/Prj1/9633022_Prj/project_2/project_2.srcs/sim_1/new/edgefilt_tb.vhd
Warning: TEXTIO function READ: line is empty
Time: 193355500 ns  Iteration: 1  Process: /edgefilt_tb/read_input_vector  File: E:/terme 7/FPGA/Prj1/9633022_Prj/project_2/project_2.srcs/sim_1/new/edgefilt_tb.vhd
Error: File E:\terme 7\FPGA\Prj1\B_input_vector.txt is already at the end of file, nothing to read
Time: 193356500 ns  Iteration: 1  Process: /edgefilt_tb/read_input_vector  File: E:/terme 7/FPGA/Prj1/9633022_Prj/project_2/project_2.srcs/sim_1/new/edgefilt_tb.vhd
Warning: TEXTIO function READ: line is empty
Time: 193356500 ns  Iteration: 1  Process: /edgefilt_tb/read_input_vector  File: E:/terme 7/FPGA/Prj1/9633022_Prj/project_2/project_2.srcs/sim_1/new/edgefilt_tb.vhd
Error: File E:\terme 7\FPGA\Prj1\B_input_vector.txt is already at the end of file, nothing to read
Time: 193357500 ns  Iteration: 1  Process: /edgefilt_tb/read_input_vector  File: E:/terme 7/FPGA/Prj1/9633022_Prj/project_2/project_2.srcs/sim_1/new/edgefilt_tb.vhd
Warning: TEXTIO function READ: line is empty
Time: 193357500 ns  Iteration: 1  Process: /edgefilt_tb/read_input_vector  File: E:/terme 7/FPGA/Prj1/9633022_Prj/project_2/project_2.srcs/sim_1/new/edgefilt_tb.vhd
Error: File E:\terme 7\FPGA\Prj1\B_input_vector.txt is already at the end of file, nothing to read
Time: 193358500 ns  Iteration: 1  Process: /edgefilt_tb/read_input_vector  File: E:/terme 7/FPGA/Prj1/9633022_Prj/project_2/project_2.srcs/sim_1/new/edgefilt_tb.vhd
Warning: TEXTIO function READ: line is empty
Time: 193358500 ns  Iteration: 1  Process: /edgefilt_tb/read_input_vector  File: E:/terme 7/FPGA/Prj1/9633022_Prj/project_2/project_2.srcs/sim_1/new/edgefilt_tb.vhd
Error: File E:\terme 7\FPGA\Prj1\B_input_vector.txt is already at the end of file, nothing to read
Time: 193359500 ns  Iteration: 1  Process: /edgefilt_tb/read_input_vector  File: E:/terme 7/FPGA/Prj1/9633022_Prj/project_2/project_2.srcs/sim_1/new/edgefilt_tb.vhd
Warning: TEXTIO function READ: line is empty
Time: 193359500 ns  Iteration: 1  Process: /edgefilt_tb/read_input_vector  File: E:/terme 7/FPGA/Prj1/9633022_Prj/project_2/project_2.srcs/sim_1/new/edgefilt_tb.vhd
Error: File E:\terme 7\FPGA\Prj1\B_input_vector.txt is already at the end of file, nothing to read
Time: 193360500 ns  Iteration: 1  Process: /edgefilt_tb/read_input_vector  File: E:/terme 7/FPGA/Prj1/9633022_Prj/project_2/project_2.srcs/sim_1/new/edgefilt_tb.vhd
Warning: TEXTIO function READ: line is empty
Time: 193360500 ns  Iteration: 1  Process: /edgefilt_tb/read_input_vector  File: E:/terme 7/FPGA/Prj1/9633022_Prj/project_2/project_2.srcs/sim_1/new/edgefilt_tb.vhd
Error: File E:\terme 7\FPGA\Prj1\B_input_vector.txt is already at the end of file, nothing to read
Time: 193361500 ns  Iteration: 1  Process: /edgefilt_tb/read_input_vector  File: E:/terme 7/FPGA/Prj1/9633022_Prj/project_2/project_2.srcs/sim_1/new/edgefilt_tb.vhd
Warning: TEXTIO function READ: line is empty
Time: 193361500 ns  Iteration: 1  Process: /edgefilt_tb/read_input_vector  File: E:/terme 7/FPGA/Prj1/9633022_Prj/project_2/project_2.srcs/sim_1/new/edgefilt_tb.vhd
Error: File E:\terme 7\FPGA\Prj1\B_input_vector.txt is already at the end of file, nothing to read
Time: 193362500 ns  Iteration: 1  Process: /edgefilt_tb/read_input_vector  File: E:/terme 7/FPGA/Prj1/9633022_Prj/project_2/project_2.srcs/sim_1/new/edgefilt_tb.vhd
Warning: TEXTIO function READ: line is empty
Time: 193362500 ns  Iteration: 1  Process: /edgefilt_tb/read_input_vector  File: E:/terme 7/FPGA/Prj1/9633022_Prj/project_2/project_2.srcs/sim_1/new/edgefilt_tb.vhd
Error: File E:\terme 7\FPGA\Prj1\B_input_vector.txt is already at the end of file, nothing to read
Time: 193363500 ns  Iteration: 1  Process: /edgefilt_tb/read_input_vector  File: E:/terme 7/FPGA/Prj1/9633022_Prj/project_2/project_2.srcs/sim_1/new/edgefilt_tb.vhd
Warning: TEXTIO function READ: line is empty
Time: 193363500 ns  Iteration: 1  Process: /edgefilt_tb/read_input_vector  File: E:/terme 7/FPGA/Prj1/9633022_Prj/project_2/project_2.srcs/sim_1/new/edgefilt_tb.vhd
Error: File E:\terme 7\FPGA\Prj1\B_input_vector.txt is already at the end of file, nothing to read
Time: 193364500 ns  Iteration: 1  Process: /edgefilt_tb/read_input_vector  File: E:/terme 7/FPGA/Prj1/9633022_Prj/project_2/project_2.srcs/sim_1/new/edgefilt_tb.vhd
Warning: TEXTIO function READ: line is empty
Time: 193364500 ns  Iteration: 1  Process: /edgefilt_tb/read_input_vector  File: E:/terme 7/FPGA/Prj1/9633022_Prj/project_2/project_2.srcs/sim_1/new/edgefilt_tb.vhd
Error: File E:\terme 7\FPGA\Prj1\B_input_vector.txt is already at the end of file, nothing to read
Time: 193365500 ns  Iteration: 1  Process: /edgefilt_tb/read_input_vector  File: E:/terme 7/FPGA/Prj1/9633022_Prj/project_2/project_2.srcs/sim_1/new/edgefilt_tb.vhd
Warning: TEXTIO function READ: line is empty
Time: 193365500 ns  Iteration: 1  Process: /edgefilt_tb/read_input_vector  File: E:/terme 7/FPGA/Prj1/9633022_Prj/project_2/project_2.srcs/sim_1/new/edgefilt_tb.vhd
Error: File E:\terme 7\FPGA\Prj1\B_input_vector.txt is already at the end of file, nothing to read
Time: 193366500 ns  Iteration: 1  Process: /edgefilt_tb/read_input_vector  File: E:/terme 7/FPGA/Prj1/9633022_Prj/project_2/project_2.srcs/sim_1/new/edgefilt_tb.vhd
Warning: TEXTIO function READ: line is empty
Time: 193366500 ns  Iteration: 1  Process: /edgefilt_tb/read_input_vector  File: E:/terme 7/FPGA/Prj1/9633022_Prj/project_2/project_2.srcs/sim_1/new/edgefilt_tb.vhd
Error: File E:\terme 7\FPGA\Prj1\B_input_vector.txt is already at the end of file, nothing to read
Time: 193367500 ns  Iteration: 1  Process: /edgefilt_tb/read_input_vector  File: E:/terme 7/FPGA/Prj1/9633022_Prj/project_2/project_2.srcs/sim_1/new/edgefilt_tb.vhd
Warning: TEXTIO function READ: line is empty
Time: 193367500 ns  Iteration: 1  Process: /edgefilt_tb/read_input_vector  File: E:/terme 7/FPGA/Prj1/9633022_Prj/project_2/project_2.srcs/sim_1/new/edgefilt_tb.vhd
Error: File E:\terme 7\FPGA\Prj1\B_input_vector.txt is already at the end of file, nothing to read
Time: 193368500 ns  Iteration: 1  Process: /edgefilt_tb/read_input_vector  File: E:/terme 7/FPGA/Prj1/9633022_Prj/project_2/project_2.srcs/sim_1/new/edgefilt_tb.vhd
Warning: TEXTIO function READ: line is empty
Time: 193368500 ns  Iteration: 1  Process: /edgefilt_tb/read_input_vector  File: E:/terme 7/FPGA/Prj1/9633022_Prj/project_2/project_2.srcs/sim_1/new/edgefilt_tb.vhd
Error: File E:\terme 7\FPGA\Prj1\B_input_vector.txt is already at the end of file, nothing to read
Time: 193369500 ns  Iteration: 1  Process: /edgefilt_tb/read_input_vector  File: E:/terme 7/FPGA/Prj1/9633022_Prj/project_2/project_2.srcs/sim_1/new/edgefilt_tb.vhd
Warning: TEXTIO function READ: line is empty
Time: 193369500 ns  Iteration: 1  Process: /edgefilt_tb/read_input_vector  File: E:/terme 7/FPGA/Prj1/9633022_Prj/project_2/project_2.srcs/sim_1/new/edgefilt_tb.vhd
Error: File E:\terme 7\FPGA\Prj1\B_input_vector.txt is already at the end of file, nothing to read
Time: 193370500 ns  Iteration: 1  Process: /edgefilt_tb/read_input_vector  File: E:/terme 7/FPGA/Prj1/9633022_Prj/project_2/project_2.srcs/sim_1/new/edgefilt_tb.vhd
Warning: TEXTIO function READ: line is empty
Time: 193370500 ns  Iteration: 1  Process: /edgefilt_tb/read_input_vector  File: E:/terme 7/FPGA/Prj1/9633022_Prj/project_2/project_2.srcs/sim_1/new/edgefilt_tb.vhd
Error: File E:\terme 7\FPGA\Prj1\B_input_vector.txt is already at the end of file, nothing to read
Time: 193371500 ns  Iteration: 1  Process: /edgefilt_tb/read_input_vector  File: E:/terme 7/FPGA/Prj1/9633022_Prj/project_2/project_2.srcs/sim_1/new/edgefilt_tb.vhd
Warning: TEXTIO function READ: line is empty
Time: 193371500 ns  Iteration: 1  Process: /edgefilt_tb/read_input_vector  File: E:/terme 7/FPGA/Prj1/9633022_Prj/project_2/project_2.srcs/sim_1/new/edgefilt_tb.vhd
Error: File E:\terme 7\FPGA\Prj1\B_input_vector.txt is already at the end of file, nothing to read
Time: 193372500 ns  Iteration: 1  Process: /edgefilt_tb/read_input_vector  File: E:/terme 7/FPGA/Prj1/9633022_Prj/project_2/project_2.srcs/sim_1/new/edgefilt_tb.vhd
Warning: TEXTIO function READ: line is empty
Time: 193372500 ns  Iteration: 1  Process: /edgefilt_tb/read_input_vector  File: E:/terme 7/FPGA/Prj1/9633022_Prj/project_2/project_2.srcs/sim_1/new/edgefilt_tb.vhd
Error: File E:\terme 7\FPGA\Prj1\B_input_vector.txt is already at the end of file, nothing to read
Time: 193373500 ns  Iteration: 1  Process: /edgefilt_tb/read_input_vector  File: E:/terme 7/FPGA/Prj1/9633022_Prj/project_2/project_2.srcs/sim_1/new/edgefilt_tb.vhd
Warning: TEXTIO function READ: line is empty
Time: 193373500 ns  Iteration: 1  Process: /edgefilt_tb/read_input_vector  File: E:/terme 7/FPGA/Prj1/9633022_Prj/project_2/project_2.srcs/sim_1/new/edgefilt_tb.vhd
Error: File E:\terme 7\FPGA\Prj1\B_input_vector.txt is already at the end of file, nothing to read
Time: 193374500 ns  Iteration: 1  Process: /edgefilt_tb/read_input_vector  File: E:/terme 7/FPGA/Prj1/9633022_Prj/project_2/project_2.srcs/sim_1/new/edgefilt_tb.vhd
Warning: TEXTIO function READ: line is empty
Time: 193374500 ns  Iteration: 1  Process: /edgefilt_tb/read_input_vector  File: E:/terme 7/FPGA/Prj1/9633022_Prj/project_2/project_2.srcs/sim_1/new/edgefilt_tb.vhd
Error: File E:\terme 7\FPGA\Prj1\B_input_vector.txt is already at the end of file, nothing to read
Time: 193375500 ns  Iteration: 1  Process: /edgefilt_tb/read_input_vector  File: E:/terme 7/FPGA/Prj1/9633022_Prj/project_2/project_2.srcs/sim_1/new/edgefilt_tb.vhd
Warning: TEXTIO function READ: line is empty
Time: 193375500 ns  Iteration: 1  Process: /edgefilt_tb/read_input_vector  File: E:/terme 7/FPGA/Prj1/9633022_Prj/project_2/project_2.srcs/sim_1/new/edgefilt_tb.vhd
Error: File E:\terme 7\FPGA\Prj1\B_input_vector.txt is already at the end of file, nothing to read
Time: 193376500 ns  Iteration: 1  Process: /edgefilt_tb/read_input_vector  File: E:/terme 7/FPGA/Prj1/9633022_Prj/project_2/project_2.srcs/sim_1/new/edgefilt_tb.vhd
Warning: TEXTIO function READ: line is empty
Time: 193376500 ns  Iteration: 1  Process: /edgefilt_tb/read_input_vector  File: E:/terme 7/FPGA/Prj1/9633022_Prj/project_2/project_2.srcs/sim_1/new/edgefilt_tb.vhd
Error: File E:\terme 7\FPGA\Prj1\B_input_vector.txt is already at the end of file, nothing to read
Time: 193377500 ns  Iteration: 1  Process: /edgefilt_tb/read_input_vector  File: E:/terme 7/FPGA/Prj1/9633022_Prj/project_2/project_2.srcs/sim_1/new/edgefilt_tb.vhd
Warning: TEXTIO function READ: line is empty
Time: 193377500 ns  Iteration: 1  Process: /edgefilt_tb/read_input_vector  File: E:/terme 7/FPGA/Prj1/9633022_Prj/project_2/project_2.srcs/sim_1/new/edgefilt_tb.vhd
Error: File E:\terme 7\FPGA\Prj1\B_input_vector.txt is already at the end of file, nothing to read
Time: 193378500 ns  Iteration: 1  Process: /edgefilt_tb/read_input_vector  File: E:/terme 7/FPGA/Prj1/9633022_Prj/project_2/project_2.srcs/sim_1/new/edgefilt_tb.vhd
Warning: TEXTIO function READ: line is empty
Time: 193378500 ns  Iteration: 1  Process: /edgefilt_tb/read_input_vector  File: E:/terme 7/FPGA/Prj1/9633022_Prj/project_2/project_2.srcs/sim_1/new/edgefilt_tb.vhd
Error: File E:\terme 7\FPGA\Prj1\B_input_vector.txt is already at the end of file, nothing to read
Time: 193379500 ns  Iteration: 1  Process: /edgefilt_tb/read_input_vector  File: E:/terme 7/FPGA/Prj1/9633022_Prj/project_2/project_2.srcs/sim_1/new/edgefilt_tb.vhd
Warning: TEXTIO function READ: line is empty
Time: 193379500 ns  Iteration: 1  Process: /edgefilt_tb/read_input_vector  File: E:/terme 7/FPGA/Prj1/9633022_Prj/project_2/project_2.srcs/sim_1/new/edgefilt_tb.vhd
Error: File E:\terme 7\FPGA\Prj1\B_input_vector.txt is already at the end of file, nothing to read
Time: 193380500 ns  Iteration: 1  Process: /edgefilt_tb/read_input_vector  File: E:/terme 7/FPGA/Prj1/9633022_Prj/project_2/project_2.srcs/sim_1/new/edgefilt_tb.vhd
Warning: TEXTIO function READ: line is empty
Time: 193380500 ns  Iteration: 1  Process: /edgefilt_tb/read_input_vector  File: E:/terme 7/FPGA/Prj1/9633022_Prj/project_2/project_2.srcs/sim_1/new/edgefilt_tb.vhd
Error: File E:\terme 7\FPGA\Prj1\B_input_vector.txt is already at the end of file, nothing to read
Time: 193381500 ns  Iteration: 1  Process: /edgefilt_tb/read_input_vector  File: E:/terme 7/FPGA/Prj1/9633022_Prj/project_2/project_2.srcs/sim_1/new/edgefilt_tb.vhd
Warning: TEXTIO function READ: line is empty
Time: 193381500 ns  Iteration: 1  Process: /edgefilt_tb/read_input_vector  File: E:/terme 7/FPGA/Prj1/9633022_Prj/project_2/project_2.srcs/sim_1/new/edgefilt_tb.vhd
Error: File E:\terme 7\FPGA\Prj1\B_input_vector.txt is already at the end of file, nothing to read
Time: 193382500 ns  Iteration: 1  Process: /edgefilt_tb/read_input_vector  File: E:/terme 7/FPGA/Prj1/9633022_Prj/project_2/project_2.srcs/sim_1/new/edgefilt_tb.vhd
Warning: TEXTIO function READ: line is empty
Time: 193382500 ns  Iteration: 1  Process: /edgefilt_tb/read_input_vector  File: E:/terme 7/FPGA/Prj1/9633022_Prj/project_2/project_2.srcs/sim_1/new/edgefilt_tb.vhd
Error: File E:\terme 7\FPGA\Prj1\B_input_vector.txt is already at the end of file, nothing to read
Time: 193383500 ns  Iteration: 1  Process: /edgefilt_tb/read_input_vector  File: E:/terme 7/FPGA/Prj1/9633022_Prj/project_2/project_2.srcs/sim_1/new/edgefilt_tb.vhd
Warning: TEXTIO function READ: line is empty
Time: 193383500 ns  Iteration: 1  Process: /edgefilt_tb/read_input_vector  File: E:/terme 7/FPGA/Prj1/9633022_Prj/project_2/project_2.srcs/sim_1/new/edgefilt_tb.vhd
Error: File E:\terme 7\FPGA\Prj1\B_input_vector.txt is already at the end of file, nothing to read
Time: 193384500 ns  Iteration: 1  Process: /edgefilt_tb/read_input_vector  File: E:/terme 7/FPGA/Prj1/9633022_Prj/project_2/project_2.srcs/sim_1/new/edgefilt_tb.vhd
Warning: TEXTIO function READ: line is empty
Time: 193384500 ns  Iteration: 1  Process: /edgefilt_tb/read_input_vector  File: E:/terme 7/FPGA/Prj1/9633022_Prj/project_2/project_2.srcs/sim_1/new/edgefilt_tb.vhd
Error: File E:\terme 7\FPGA\Prj1\B_input_vector.txt is already at the end of file, nothing to read
Time: 193385500 ns  Iteration: 1  Process: /edgefilt_tb/read_input_vector  File: E:/terme 7/FPGA/Prj1/9633022_Prj/project_2/project_2.srcs/sim_1/new/edgefilt_tb.vhd
Warning: TEXTIO function READ: line is empty
Time: 193385500 ns  Iteration: 1  Process: /edgefilt_tb/read_input_vector  File: E:/terme 7/FPGA/Prj1/9633022_Prj/project_2/project_2.srcs/sim_1/new/edgefilt_tb.vhd
Error: File E:\terme 7\FPGA\Prj1\B_input_vector.txt is already at the end of file, nothing to read
Time: 193386500 ns  Iteration: 1  Process: /edgefilt_tb/read_input_vector  File: E:/terme 7/FPGA/Prj1/9633022_Prj/project_2/project_2.srcs/sim_1/new/edgefilt_tb.vhd
Warning: TEXTIO function READ: line is empty
Time: 193386500 ns  Iteration: 1  Process: /edgefilt_tb/read_input_vector  File: E:/terme 7/FPGA/Prj1/9633022_Prj/project_2/project_2.srcs/sim_1/new/edgefilt_tb.vhd
Error: File E:\terme 7\FPGA\Prj1\B_input_vector.txt is already at the end of file, nothing to read
Time: 193387500 ns  Iteration: 1  Process: /edgefilt_tb/read_input_vector  File: E:/terme 7/FPGA/Prj1/9633022_Prj/project_2/project_2.srcs/sim_1/new/edgefilt_tb.vhd
Warning: TEXTIO function READ: line is empty
Time: 193387500 ns  Iteration: 1  Process: /edgefilt_tb/read_input_vector  File: E:/terme 7/FPGA/Prj1/9633022_Prj/project_2/project_2.srcs/sim_1/new/edgefilt_tb.vhd
Error: File E:\terme 7\FPGA\Prj1\B_input_vector.txt is already at the end of file, nothing to read
Time: 193388500 ns  Iteration: 1  Process: /edgefilt_tb/read_input_vector  File: E:/terme 7/FPGA/Prj1/9633022_Prj/project_2/project_2.srcs/sim_1/new/edgefilt_tb.vhd
Warning: TEXTIO function READ: line is empty
Time: 193388500 ns  Iteration: 1  Process: /edgefilt_tb/read_input_vector  File: E:/terme 7/FPGA/Prj1/9633022_Prj/project_2/project_2.srcs/sim_1/new/edgefilt_tb.vhd
Error: File E:\terme 7\FPGA\Prj1\B_input_vector.txt is already at the end of file, nothing to read
Time: 193389500 ns  Iteration: 1  Process: /edgefilt_tb/read_input_vector  File: E:/terme 7/FPGA/Prj1/9633022_Prj/project_2/project_2.srcs/sim_1/new/edgefilt_tb.vhd
Warning: TEXTIO function READ: line is empty
Time: 193389500 ns  Iteration: 1  Process: /edgefilt_tb/read_input_vector  File: E:/terme 7/FPGA/Prj1/9633022_Prj/project_2/project_2.srcs/sim_1/new/edgefilt_tb.vhd
Error: File E:\terme 7\FPGA\Prj1\B_input_vector.txt is already at the end of file, nothing to read
Time: 193390500 ns  Iteration: 1  Process: /edgefilt_tb/read_input_vector  File: E:/terme 7/FPGA/Prj1/9633022_Prj/project_2/project_2.srcs/sim_1/new/edgefilt_tb.vhd
Warning: TEXTIO function READ: line is empty
Time: 193390500 ns  Iteration: 1  Process: /edgefilt_tb/read_input_vector  File: E:/terme 7/FPGA/Prj1/9633022_Prj/project_2/project_2.srcs/sim_1/new/edgefilt_tb.vhd
Error: File E:\terme 7\FPGA\Prj1\B_input_vector.txt is already at the end of file, nothing to read
Time: 193391500 ns  Iteration: 1  Process: /edgefilt_tb/read_input_vector  File: E:/terme 7/FPGA/Prj1/9633022_Prj/project_2/project_2.srcs/sim_1/new/edgefilt_tb.vhd
Warning: TEXTIO function READ: line is empty
Time: 193391500 ns  Iteration: 1  Process: /edgefilt_tb/read_input_vector  File: E:/terme 7/FPGA/Prj1/9633022_Prj/project_2/project_2.srcs/sim_1/new/edgefilt_tb.vhd
Error: File E:\terme 7\FPGA\Prj1\B_input_vector.txt is already at the end of file, nothing to read
Time: 193392500 ns  Iteration: 1  Process: /edgefilt_tb/read_input_vector  File: E:/terme 7/FPGA/Prj1/9633022_Prj/project_2/project_2.srcs/sim_1/new/edgefilt_tb.vhd
Warning: TEXTIO function READ: line is empty
Time: 193392500 ns  Iteration: 1  Process: /edgefilt_tb/read_input_vector  File: E:/terme 7/FPGA/Prj1/9633022_Prj/project_2/project_2.srcs/sim_1/new/edgefilt_tb.vhd
Error: File E:\terme 7\FPGA\Prj1\B_input_vector.txt is already at the end of file, nothing to read
Time: 193393500 ns  Iteration: 1  Process: /edgefilt_tb/read_input_vector  File: E:/terme 7/FPGA/Prj1/9633022_Prj/project_2/project_2.srcs/sim_1/new/edgefilt_tb.vhd
Warning: TEXTIO function READ: line is empty
Time: 193393500 ns  Iteration: 1  Process: /edgefilt_tb/read_input_vector  File: E:/terme 7/FPGA/Prj1/9633022_Prj/project_2/project_2.srcs/sim_1/new/edgefilt_tb.vhd
Error: File E:\terme 7\FPGA\Prj1\B_input_vector.txt is already at the end of file, nothing to read
Time: 193394500 ns  Iteration: 1  Process: /edgefilt_tb/read_input_vector  File: E:/terme 7/FPGA/Prj1/9633022_Prj/project_2/project_2.srcs/sim_1/new/edgefilt_tb.vhd
Warning: TEXTIO function READ: line is empty
Time: 193394500 ns  Iteration: 1  Process: /edgefilt_tb/read_input_vector  File: E:/terme 7/FPGA/Prj1/9633022_Prj/project_2/project_2.srcs/sim_1/new/edgefilt_tb.vhd
Error: File E:\terme 7\FPGA\Prj1\B_input_vector.txt is already at the end of file, nothing to read
Time: 193395500 ns  Iteration: 1  Process: /edgefilt_tb/read_input_vector  File: E:/terme 7/FPGA/Prj1/9633022_Prj/project_2/project_2.srcs/sim_1/new/edgefilt_tb.vhd
Warning: TEXTIO function READ: line is empty
Time: 193395500 ns  Iteration: 1  Process: /edgefilt_tb/read_input_vector  File: E:/terme 7/FPGA/Prj1/9633022_Prj/project_2/project_2.srcs/sim_1/new/edgefilt_tb.vhd
Error: File E:\terme 7\FPGA\Prj1\B_input_vector.txt is already at the end of file, nothing to read
Time: 193396500 ns  Iteration: 1  Process: /edgefilt_tb/read_input_vector  File: E:/terme 7/FPGA/Prj1/9633022_Prj/project_2/project_2.srcs/sim_1/new/edgefilt_tb.vhd
Warning: TEXTIO function READ: line is empty
Time: 193396500 ns  Iteration: 1  Process: /edgefilt_tb/read_input_vector  File: E:/terme 7/FPGA/Prj1/9633022_Prj/project_2/project_2.srcs/sim_1/new/edgefilt_tb.vhd
Error: File E:\terme 7\FPGA\Prj1\B_input_vector.txt is already at the end of file, nothing to read
Time: 193397500 ns  Iteration: 1  Process: /edgefilt_tb/read_input_vector  File: E:/terme 7/FPGA/Prj1/9633022_Prj/project_2/project_2.srcs/sim_1/new/edgefilt_tb.vhd
Warning: TEXTIO function READ: line is empty
Time: 193397500 ns  Iteration: 1  Process: /edgefilt_tb/read_input_vector  File: E:/terme 7/FPGA/Prj1/9633022_Prj/project_2/project_2.srcs/sim_1/new/edgefilt_tb.vhd
Error: File E:\terme 7\FPGA\Prj1\B_input_vector.txt is already at the end of file, nothing to read
Time: 193398500 ns  Iteration: 1  Process: /edgefilt_tb/read_input_vector  File: E:/terme 7/FPGA/Prj1/9633022_Prj/project_2/project_2.srcs/sim_1/new/edgefilt_tb.vhd
Warning: TEXTIO function READ: line is empty
Time: 193398500 ns  Iteration: 1  Process: /edgefilt_tb/read_input_vector  File: E:/terme 7/FPGA/Prj1/9633022_Prj/project_2/project_2.srcs/sim_1/new/edgefilt_tb.vhd
Error: File E:\terme 7\FPGA\Prj1\B_input_vector.txt is already at the end of file, nothing to read
Time: 193399500 ns  Iteration: 1  Process: /edgefilt_tb/read_input_vector  File: E:/terme 7/FPGA/Prj1/9633022_Prj/project_2/project_2.srcs/sim_1/new/edgefilt_tb.vhd
Warning: TEXTIO function READ: line is empty
Time: 193399500 ns  Iteration: 1  Process: /edgefilt_tb/read_input_vector  File: E:/terme 7/FPGA/Prj1/9633022_Prj/project_2/project_2.srcs/sim_1/new/edgefilt_tb.vhd
Error: File E:\terme 7\FPGA\Prj1\B_input_vector.txt is already at the end of file, nothing to read
Time: 193400500 ns  Iteration: 1  Process: /edgefilt_tb/read_input_vector  File: E:/terme 7/FPGA/Prj1/9633022_Prj/project_2/project_2.srcs/sim_1/new/edgefilt_tb.vhd
Warning: TEXTIO function READ: line is empty
Time: 193400500 ns  Iteration: 1  Process: /edgefilt_tb/read_input_vector  File: E:/terme 7/FPGA/Prj1/9633022_Prj/project_2/project_2.srcs/sim_1/new/edgefilt_tb.vhd
Error: File E:\terme 7\FPGA\Prj1\B_input_vector.txt is already at the end of file, nothing to read
Time: 193401500 ns  Iteration: 1  Process: /edgefilt_tb/read_input_vector  File: E:/terme 7/FPGA/Prj1/9633022_Prj/project_2/project_2.srcs/sim_1/new/edgefilt_tb.vhd
Warning: TEXTIO function READ: line is empty
Time: 193401500 ns  Iteration: 1  Process: /edgefilt_tb/read_input_vector  File: E:/terme 7/FPGA/Prj1/9633022_Prj/project_2/project_2.srcs/sim_1/new/edgefilt_tb.vhd
Error: File E:\terme 7\FPGA\Prj1\B_input_vector.txt is already at the end of file, nothing to read
Time: 193402500 ns  Iteration: 1  Process: /edgefilt_tb/read_input_vector  File: E:/terme 7/FPGA/Prj1/9633022_Prj/project_2/project_2.srcs/sim_1/new/edgefilt_tb.vhd
Warning: TEXTIO function READ: line is empty
Time: 193402500 ns  Iteration: 1  Process: /edgefilt_tb/read_input_vector  File: E:/terme 7/FPGA/Prj1/9633022_Prj/project_2/project_2.srcs/sim_1/new/edgefilt_tb.vhd
Error: File E:\terme 7\FPGA\Prj1\B_input_vector.txt is already at the end of file, nothing to read
Time: 193403500 ns  Iteration: 1  Process: /edgefilt_tb/read_input_vector  File: E:/terme 7/FPGA/Prj1/9633022_Prj/project_2/project_2.srcs/sim_1/new/edgefilt_tb.vhd
Warning: TEXTIO function READ: line is empty
Time: 193403500 ns  Iteration: 1  Process: /edgefilt_tb/read_input_vector  File: E:/terme 7/FPGA/Prj1/9633022_Prj/project_2/project_2.srcs/sim_1/new/edgefilt_tb.vhd
Error: File E:\terme 7\FPGA\Prj1\B_input_vector.txt is already at the end of file, nothing to read
Time: 193404500 ns  Iteration: 1  Process: /edgefilt_tb/read_input_vector  File: E:/terme 7/FPGA/Prj1/9633022_Prj/project_2/project_2.srcs/sim_1/new/edgefilt_tb.vhd
Warning: TEXTIO function READ: line is empty
Time: 193404500 ns  Iteration: 1  Process: /edgefilt_tb/read_input_vector  File: E:/terme 7/FPGA/Prj1/9633022_Prj/project_2/project_2.srcs/sim_1/new/edgefilt_tb.vhd
Error: File E:\terme 7\FPGA\Prj1\B_input_vector.txt is already at the end of file, nothing to read
Time: 193405500 ns  Iteration: 1  Process: /edgefilt_tb/read_input_vector  File: E:/terme 7/FPGA/Prj1/9633022_Prj/project_2/project_2.srcs/sim_1/new/edgefilt_tb.vhd
Warning: TEXTIO function READ: line is empty
Time: 193405500 ns  Iteration: 1  Process: /edgefilt_tb/read_input_vector  File: E:/terme 7/FPGA/Prj1/9633022_Prj/project_2/project_2.srcs/sim_1/new/edgefilt_tb.vhd
Error: File E:\terme 7\FPGA\Prj1\B_input_vector.txt is already at the end of file, nothing to read
Time: 193406500 ns  Iteration: 1  Process: /edgefilt_tb/read_input_vector  File: E:/terme 7/FPGA/Prj1/9633022_Prj/project_2/project_2.srcs/sim_1/new/edgefilt_tb.vhd
Warning: TEXTIO function READ: line is empty
Time: 193406500 ns  Iteration: 1  Process: /edgefilt_tb/read_input_vector  File: E:/terme 7/FPGA/Prj1/9633022_Prj/project_2/project_2.srcs/sim_1/new/edgefilt_tb.vhd
Error: File E:\terme 7\FPGA\Prj1\B_input_vector.txt is already at the end of file, nothing to read
Time: 193407500 ns  Iteration: 1  Process: /edgefilt_tb/read_input_vector  File: E:/terme 7/FPGA/Prj1/9633022_Prj/project_2/project_2.srcs/sim_1/new/edgefilt_tb.vhd
Warning: TEXTIO function READ: line is empty
Time: 193407500 ns  Iteration: 1  Process: /edgefilt_tb/read_input_vector  File: E:/terme 7/FPGA/Prj1/9633022_Prj/project_2/project_2.srcs/sim_1/new/edgefilt_tb.vhd
Error: File E:\terme 7\FPGA\Prj1\B_input_vector.txt is already at the end of file, nothing to read
Time: 193408500 ns  Iteration: 1  Process: /edgefilt_tb/read_input_vector  File: E:/terme 7/FPGA/Prj1/9633022_Prj/project_2/project_2.srcs/sim_1/new/edgefilt_tb.vhd
Warning: TEXTIO function READ: line is empty
Time: 193408500 ns  Iteration: 1  Process: /edgefilt_tb/read_input_vector  File: E:/terme 7/FPGA/Prj1/9633022_Prj/project_2/project_2.srcs/sim_1/new/edgefilt_tb.vhd
Error: File E:\terme 7\FPGA\Prj1\B_input_vector.txt is already at the end of file, nothing to read
Time: 193409500 ns  Iteration: 1  Process: /edgefilt_tb/read_input_vector  File: E:/terme 7/FPGA/Prj1/9633022_Prj/project_2/project_2.srcs/sim_1/new/edgefilt_tb.vhd
Warning: TEXTIO function READ: line is empty
Time: 193409500 ns  Iteration: 1  Process: /edgefilt_tb/read_input_vector  File: E:/terme 7/FPGA/Prj1/9633022_Prj/project_2/project_2.srcs/sim_1/new/edgefilt_tb.vhd
Error: File E:\terme 7\FPGA\Prj1\B_input_vector.txt is already at the end of file, nothing to read
Time: 193410500 ns  Iteration: 1  Process: /edgefilt_tb/read_input_vector  File: E:/terme 7/FPGA/Prj1/9633022_Prj/project_2/project_2.srcs/sim_1/new/edgefilt_tb.vhd
Warning: TEXTIO function READ: line is empty
Time: 193410500 ns  Iteration: 1  Process: /edgefilt_tb/read_input_vector  File: E:/terme 7/FPGA/Prj1/9633022_Prj/project_2/project_2.srcs/sim_1/new/edgefilt_tb.vhd
Error: File E:\terme 7\FPGA\Prj1\B_input_vector.txt is already at the end of file, nothing to read
Time: 193411500 ns  Iteration: 1  Process: /edgefilt_tb/read_input_vector  File: E:/terme 7/FPGA/Prj1/9633022_Prj/project_2/project_2.srcs/sim_1/new/edgefilt_tb.vhd
Warning: TEXTIO function READ: line is empty
Time: 193411500 ns  Iteration: 1  Process: /edgefilt_tb/read_input_vector  File: E:/terme 7/FPGA/Prj1/9633022_Prj/project_2/project_2.srcs/sim_1/new/edgefilt_tb.vhd
Error: File E:\terme 7\FPGA\Prj1\B_input_vector.txt is already at the end of file, nothing to read
Time: 193412500 ns  Iteration: 1  Process: /edgefilt_tb/read_input_vector  File: E:/terme 7/FPGA/Prj1/9633022_Prj/project_2/project_2.srcs/sim_1/new/edgefilt_tb.vhd
Warning: TEXTIO function READ: line is empty
Time: 193412500 ns  Iteration: 1  Process: /edgefilt_tb/read_input_vector  File: E:/terme 7/FPGA/Prj1/9633022_Prj/project_2/project_2.srcs/sim_1/new/edgefilt_tb.vhd
Error: File E:\terme 7\FPGA\Prj1\B_input_vector.txt is already at the end of file, nothing to read
Time: 193413500 ns  Iteration: 1  Process: /edgefilt_tb/read_input_vector  File: E:/terme 7/FPGA/Prj1/9633022_Prj/project_2/project_2.srcs/sim_1/new/edgefilt_tb.vhd
Warning: TEXTIO function READ: line is empty
Time: 193413500 ns  Iteration: 1  Process: /edgefilt_tb/read_input_vector  File: E:/terme 7/FPGA/Prj1/9633022_Prj/project_2/project_2.srcs/sim_1/new/edgefilt_tb.vhd
Error: File E:\terme 7\FPGA\Prj1\B_input_vector.txt is already at the end of file, nothing to read
Time: 193414500 ns  Iteration: 1  Process: /edgefilt_tb/read_input_vector  File: E:/terme 7/FPGA/Prj1/9633022_Prj/project_2/project_2.srcs/sim_1/new/edgefilt_tb.vhd
Warning: TEXTIO function READ: line is empty
Time: 193414500 ns  Iteration: 1  Process: /edgefilt_tb/read_input_vector  File: E:/terme 7/FPGA/Prj1/9633022_Prj/project_2/project_2.srcs/sim_1/new/edgefilt_tb.vhd
Error: File E:\terme 7\FPGA\Prj1\B_input_vector.txt is already at the end of file, nothing to read
Time: 193415500 ns  Iteration: 1  Process: /edgefilt_tb/read_input_vector  File: E:/terme 7/FPGA/Prj1/9633022_Prj/project_2/project_2.srcs/sim_1/new/edgefilt_tb.vhd
Warning: TEXTIO function READ: line is empty
Time: 193415500 ns  Iteration: 1  Process: /edgefilt_tb/read_input_vector  File: E:/terme 7/FPGA/Prj1/9633022_Prj/project_2/project_2.srcs/sim_1/new/edgefilt_tb.vhd
Error: File E:\terme 7\FPGA\Prj1\B_input_vector.txt is already at the end of file, nothing to read
Time: 193416500 ns  Iteration: 1  Process: /edgefilt_tb/read_input_vector  File: E:/terme 7/FPGA/Prj1/9633022_Prj/project_2/project_2.srcs/sim_1/new/edgefilt_tb.vhd
Warning: TEXTIO function READ: line is empty
Time: 193416500 ns  Iteration: 1  Process: /edgefilt_tb/read_input_vector  File: E:/terme 7/FPGA/Prj1/9633022_Prj/project_2/project_2.srcs/sim_1/new/edgefilt_tb.vhd
Error: File E:\terme 7\FPGA\Prj1\B_input_vector.txt is already at the end of file, nothing to read
Time: 193417500 ns  Iteration: 1  Process: /edgefilt_tb/read_input_vector  File: E:/terme 7/FPGA/Prj1/9633022_Prj/project_2/project_2.srcs/sim_1/new/edgefilt_tb.vhd
Warning: TEXTIO function READ: line is empty
Time: 193417500 ns  Iteration: 1  Process: /edgefilt_tb/read_input_vector  File: E:/terme 7/FPGA/Prj1/9633022_Prj/project_2/project_2.srcs/sim_1/new/edgefilt_tb.vhd
Error: File E:\terme 7\FPGA\Prj1\B_input_vector.txt is already at the end of file, nothing to read
Time: 193418500 ns  Iteration: 1  Process: /edgefilt_tb/read_input_vector  File: E:/terme 7/FPGA/Prj1/9633022_Prj/project_2/project_2.srcs/sim_1/new/edgefilt_tb.vhd
Warning: TEXTIO function READ: line is empty
Time: 193418500 ns  Iteration: 1  Process: /edgefilt_tb/read_input_vector  File: E:/terme 7/FPGA/Prj1/9633022_Prj/project_2/project_2.srcs/sim_1/new/edgefilt_tb.vhd
Error: File E:\terme 7\FPGA\Prj1\B_input_vector.txt is already at the end of file, nothing to read
Time: 193419500 ns  Iteration: 1  Process: /edgefilt_tb/read_input_vector  File: E:/terme 7/FPGA/Prj1/9633022_Prj/project_2/project_2.srcs/sim_1/new/edgefilt_tb.vhd
Warning: TEXTIO function READ: line is empty
Time: 193419500 ns  Iteration: 1  Process: /edgefilt_tb/read_input_vector  File: E:/terme 7/FPGA/Prj1/9633022_Prj/project_2/project_2.srcs/sim_1/new/edgefilt_tb.vhd
Error: File E:\terme 7\FPGA\Prj1\B_input_vector.txt is already at the end of file, nothing to read
Time: 193420500 ns  Iteration: 1  Process: /edgefilt_tb/read_input_vector  File: E:/terme 7/FPGA/Prj1/9633022_Prj/project_2/project_2.srcs/sim_1/new/edgefilt_tb.vhd
Warning: TEXTIO function READ: line is empty
Time: 193420500 ns  Iteration: 1  Process: /edgefilt_tb/read_input_vector  File: E:/terme 7/FPGA/Prj1/9633022_Prj/project_2/project_2.srcs/sim_1/new/edgefilt_tb.vhd
Error: File E:\terme 7\FPGA\Prj1\B_input_vector.txt is already at the end of file, nothing to read
Time: 193421500 ns  Iteration: 1  Process: /edgefilt_tb/read_input_vector  File: E:/terme 7/FPGA/Prj1/9633022_Prj/project_2/project_2.srcs/sim_1/new/edgefilt_tb.vhd
Warning: TEXTIO function READ: line is empty
Time: 193421500 ns  Iteration: 1  Process: /edgefilt_tb/read_input_vector  File: E:/terme 7/FPGA/Prj1/9633022_Prj/project_2/project_2.srcs/sim_1/new/edgefilt_tb.vhd
Error: File E:\terme 7\FPGA\Prj1\B_input_vector.txt is already at the end of file, nothing to read
Time: 193422500 ns  Iteration: 1  Process: /edgefilt_tb/read_input_vector  File: E:/terme 7/FPGA/Prj1/9633022_Prj/project_2/project_2.srcs/sim_1/new/edgefilt_tb.vhd
Warning: TEXTIO function READ: line is empty
Time: 193422500 ns  Iteration: 1  Process: /edgefilt_tb/read_input_vector  File: E:/terme 7/FPGA/Prj1/9633022_Prj/project_2/project_2.srcs/sim_1/new/edgefilt_tb.vhd
Error: File E:\terme 7\FPGA\Prj1\B_input_vector.txt is already at the end of file, nothing to read
Time: 193423500 ns  Iteration: 1  Process: /edgefilt_tb/read_input_vector  File: E:/terme 7/FPGA/Prj1/9633022_Prj/project_2/project_2.srcs/sim_1/new/edgefilt_tb.vhd
Warning: TEXTIO function READ: line is empty
Time: 193423500 ns  Iteration: 1  Process: /edgefilt_tb/read_input_vector  File: E:/terme 7/FPGA/Prj1/9633022_Prj/project_2/project_2.srcs/sim_1/new/edgefilt_tb.vhd
Error: File E:\terme 7\FPGA\Prj1\B_input_vector.txt is already at the end of file, nothing to read
Time: 193424500 ns  Iteration: 1  Process: /edgefilt_tb/read_input_vector  File: E:/terme 7/FPGA/Prj1/9633022_Prj/project_2/project_2.srcs/sim_1/new/edgefilt_tb.vhd
Warning: TEXTIO function READ: line is empty
Time: 193424500 ns  Iteration: 1  Process: /edgefilt_tb/read_input_vector  File: E:/terme 7/FPGA/Prj1/9633022_Prj/project_2/project_2.srcs/sim_1/new/edgefilt_tb.vhd
Error: File E:\terme 7\FPGA\Prj1\B_input_vector.txt is already at the end of file, nothing to read
Time: 193425500 ns  Iteration: 1  Process: /edgefilt_tb/read_input_vector  File: E:/terme 7/FPGA/Prj1/9633022_Prj/project_2/project_2.srcs/sim_1/new/edgefilt_tb.vhd
Warning: TEXTIO function READ: line is empty
Time: 193425500 ns  Iteration: 1  Process: /edgefilt_tb/read_input_vector  File: E:/terme 7/FPGA/Prj1/9633022_Prj/project_2/project_2.srcs/sim_1/new/edgefilt_tb.vhd
Error: File E:\terme 7\FPGA\Prj1\B_input_vector.txt is already at the end of file, nothing to read
Time: 193426500 ns  Iteration: 1  Process: /edgefilt_tb/read_input_vector  File: E:/terme 7/FPGA/Prj1/9633022_Prj/project_2/project_2.srcs/sim_1/new/edgefilt_tb.vhd
Warning: TEXTIO function READ: line is empty
Time: 193426500 ns  Iteration: 1  Process: /edgefilt_tb/read_input_vector  File: E:/terme 7/FPGA/Prj1/9633022_Prj/project_2/project_2.srcs/sim_1/new/edgefilt_tb.vhd
Error: File E:\terme 7\FPGA\Prj1\B_input_vector.txt is already at the end of file, nothing to read
Time: 193427500 ns  Iteration: 1  Process: /edgefilt_tb/read_input_vector  File: E:/terme 7/FPGA/Prj1/9633022_Prj/project_2/project_2.srcs/sim_1/new/edgefilt_tb.vhd
Warning: TEXTIO function READ: line is empty
Time: 193427500 ns  Iteration: 1  Process: /edgefilt_tb/read_input_vector  File: E:/terme 7/FPGA/Prj1/9633022_Prj/project_2/project_2.srcs/sim_1/new/edgefilt_tb.vhd
Error: File E:\terme 7\FPGA\Prj1\B_input_vector.txt is already at the end of file, nothing to read
Time: 193428500 ns  Iteration: 1  Process: /edgefilt_tb/read_input_vector  File: E:/terme 7/FPGA/Prj1/9633022_Prj/project_2/project_2.srcs/sim_1/new/edgefilt_tb.vhd
Warning: TEXTIO function READ: line is empty
Time: 193428500 ns  Iteration: 1  Process: /edgefilt_tb/read_input_vector  File: E:/terme 7/FPGA/Prj1/9633022_Prj/project_2/project_2.srcs/sim_1/new/edgefilt_tb.vhd
Error: File E:\terme 7\FPGA\Prj1\B_input_vector.txt is already at the end of file, nothing to read
Time: 193429500 ns  Iteration: 1  Process: /edgefilt_tb/read_input_vector  File: E:/terme 7/FPGA/Prj1/9633022_Prj/project_2/project_2.srcs/sim_1/new/edgefilt_tb.vhd
Warning: TEXTIO function READ: line is empty
Time: 193429500 ns  Iteration: 1  Process: /edgefilt_tb/read_input_vector  File: E:/terme 7/FPGA/Prj1/9633022_Prj/project_2/project_2.srcs/sim_1/new/edgefilt_tb.vhd
Error: File E:\terme 7\FPGA\Prj1\B_input_vector.txt is already at the end of file, nothing to read
Time: 193430500 ns  Iteration: 1  Process: /edgefilt_tb/read_input_vector  File: E:/terme 7/FPGA/Prj1/9633022_Prj/project_2/project_2.srcs/sim_1/new/edgefilt_tb.vhd
Warning: TEXTIO function READ: line is empty
Time: 193430500 ns  Iteration: 1  Process: /edgefilt_tb/read_input_vector  File: E:/terme 7/FPGA/Prj1/9633022_Prj/project_2/project_2.srcs/sim_1/new/edgefilt_tb.vhd
Error: File E:\terme 7\FPGA\Prj1\B_input_vector.txt is already at the end of file, nothing to read
Time: 193431500 ns  Iteration: 1  Process: /edgefilt_tb/read_input_vector  File: E:/terme 7/FPGA/Prj1/9633022_Prj/project_2/project_2.srcs/sim_1/new/edgefilt_tb.vhd
Warning: TEXTIO function READ: line is empty
Time: 193431500 ns  Iteration: 1  Process: /edgefilt_tb/read_input_vector  File: E:/terme 7/FPGA/Prj1/9633022_Prj/project_2/project_2.srcs/sim_1/new/edgefilt_tb.vhd
Error: File E:\terme 7\FPGA\Prj1\B_input_vector.txt is already at the end of file, nothing to read
Time: 193432500 ns  Iteration: 1  Process: /edgefilt_tb/read_input_vector  File: E:/terme 7/FPGA/Prj1/9633022_Prj/project_2/project_2.srcs/sim_1/new/edgefilt_tb.vhd
Warning: TEXTIO function READ: line is empty
Time: 193432500 ns  Iteration: 1  Process: /edgefilt_tb/read_input_vector  File: E:/terme 7/FPGA/Prj1/9633022_Prj/project_2/project_2.srcs/sim_1/new/edgefilt_tb.vhd
Error: File E:\terme 7\FPGA\Prj1\B_input_vector.txt is already at the end of file, nothing to read
Time: 193433500 ns  Iteration: 1  Process: /edgefilt_tb/read_input_vector  File: E:/terme 7/FPGA/Prj1/9633022_Prj/project_2/project_2.srcs/sim_1/new/edgefilt_tb.vhd
Warning: TEXTIO function READ: line is empty
Time: 193433500 ns  Iteration: 1  Process: /edgefilt_tb/read_input_vector  File: E:/terme 7/FPGA/Prj1/9633022_Prj/project_2/project_2.srcs/sim_1/new/edgefilt_tb.vhd
Error: File E:\terme 7\FPGA\Prj1\B_input_vector.txt is already at the end of file, nothing to read
Time: 193434500 ns  Iteration: 1  Process: /edgefilt_tb/read_input_vector  File: E:/terme 7/FPGA/Prj1/9633022_Prj/project_2/project_2.srcs/sim_1/new/edgefilt_tb.vhd
Warning: TEXTIO function READ: line is empty
Time: 193434500 ns  Iteration: 1  Process: /edgefilt_tb/read_input_vector  File: E:/terme 7/FPGA/Prj1/9633022_Prj/project_2/project_2.srcs/sim_1/new/edgefilt_tb.vhd
Error: File E:\terme 7\FPGA\Prj1\B_input_vector.txt is already at the end of file, nothing to read
Time: 193435500 ns  Iteration: 1  Process: /edgefilt_tb/read_input_vector  File: E:/terme 7/FPGA/Prj1/9633022_Prj/project_2/project_2.srcs/sim_1/new/edgefilt_tb.vhd
Warning: TEXTIO function READ: line is empty
Time: 193435500 ns  Iteration: 1  Process: /edgefilt_tb/read_input_vector  File: E:/terme 7/FPGA/Prj1/9633022_Prj/project_2/project_2.srcs/sim_1/new/edgefilt_tb.vhd
Error: File E:\terme 7\FPGA\Prj1\B_input_vector.txt is already at the end of file, nothing to read
Time: 193436500 ns  Iteration: 1  Process: /edgefilt_tb/read_input_vector  File: E:/terme 7/FPGA/Prj1/9633022_Prj/project_2/project_2.srcs/sim_1/new/edgefilt_tb.vhd
Warning: TEXTIO function READ: line is empty
Time: 193436500 ns  Iteration: 1  Process: /edgefilt_tb/read_input_vector  File: E:/terme 7/FPGA/Prj1/9633022_Prj/project_2/project_2.srcs/sim_1/new/edgefilt_tb.vhd
Error: File E:\terme 7\FPGA\Prj1\B_input_vector.txt is already at the end of file, nothing to read
Time: 193437500 ns  Iteration: 1  Process: /edgefilt_tb/read_input_vector  File: E:/terme 7/FPGA/Prj1/9633022_Prj/project_2/project_2.srcs/sim_1/new/edgefilt_tb.vhd
Warning: TEXTIO function READ: line is empty
Time: 193437500 ns  Iteration: 1  Process: /edgefilt_tb/read_input_vector  File: E:/terme 7/FPGA/Prj1/9633022_Prj/project_2/project_2.srcs/sim_1/new/edgefilt_tb.vhd
Error: File E:\terme 7\FPGA\Prj1\B_input_vector.txt is already at the end of file, nothing to read
Time: 193438500 ns  Iteration: 1  Process: /edgefilt_tb/read_input_vector  File: E:/terme 7/FPGA/Prj1/9633022_Prj/project_2/project_2.srcs/sim_1/new/edgefilt_tb.vhd
Warning: TEXTIO function READ: line is empty
Time: 193438500 ns  Iteration: 1  Process: /edgefilt_tb/read_input_vector  File: E:/terme 7/FPGA/Prj1/9633022_Prj/project_2/project_2.srcs/sim_1/new/edgefilt_tb.vhd
Error: File E:\terme 7\FPGA\Prj1\B_input_vector.txt is already at the end of file, nothing to read
Time: 193439500 ns  Iteration: 1  Process: /edgefilt_tb/read_input_vector  File: E:/terme 7/FPGA/Prj1/9633022_Prj/project_2/project_2.srcs/sim_1/new/edgefilt_tb.vhd
Warning: TEXTIO function READ: line is empty
Time: 193439500 ns  Iteration: 1  Process: /edgefilt_tb/read_input_vector  File: E:/terme 7/FPGA/Prj1/9633022_Prj/project_2/project_2.srcs/sim_1/new/edgefilt_tb.vhd
Error: File E:\terme 7\FPGA\Prj1\B_input_vector.txt is already at the end of file, nothing to read
Time: 193440500 ns  Iteration: 1  Process: /edgefilt_tb/read_input_vector  File: E:/terme 7/FPGA/Prj1/9633022_Prj/project_2/project_2.srcs/sim_1/new/edgefilt_tb.vhd
Warning: TEXTIO function READ: line is empty
Time: 193440500 ns  Iteration: 1  Process: /edgefilt_tb/read_input_vector  File: E:/terme 7/FPGA/Prj1/9633022_Prj/project_2/project_2.srcs/sim_1/new/edgefilt_tb.vhd
Error: File E:\terme 7\FPGA\Prj1\B_input_vector.txt is already at the end of file, nothing to read
Time: 193441500 ns  Iteration: 1  Process: /edgefilt_tb/read_input_vector  File: E:/terme 7/FPGA/Prj1/9633022_Prj/project_2/project_2.srcs/sim_1/new/edgefilt_tb.vhd
Warning: TEXTIO function READ: line is empty
Time: 193441500 ns  Iteration: 1  Process: /edgefilt_tb/read_input_vector  File: E:/terme 7/FPGA/Prj1/9633022_Prj/project_2/project_2.srcs/sim_1/new/edgefilt_tb.vhd
Error: File E:\terme 7\FPGA\Prj1\B_input_vector.txt is already at the end of file, nothing to read
Time: 193442500 ns  Iteration: 1  Process: /edgefilt_tb/read_input_vector  File: E:/terme 7/FPGA/Prj1/9633022_Prj/project_2/project_2.srcs/sim_1/new/edgefilt_tb.vhd
Warning: TEXTIO function READ: line is empty
Time: 193442500 ns  Iteration: 1  Process: /edgefilt_tb/read_input_vector  File: E:/terme 7/FPGA/Prj1/9633022_Prj/project_2/project_2.srcs/sim_1/new/edgefilt_tb.vhd
Error: File E:\terme 7\FPGA\Prj1\B_input_vector.txt is already at the end of file, nothing to read
Time: 193443500 ns  Iteration: 1  Process: /edgefilt_tb/read_input_vector  File: E:/terme 7/FPGA/Prj1/9633022_Prj/project_2/project_2.srcs/sim_1/new/edgefilt_tb.vhd
Warning: TEXTIO function READ: line is empty
Time: 193443500 ns  Iteration: 1  Process: /edgefilt_tb/read_input_vector  File: E:/terme 7/FPGA/Prj1/9633022_Prj/project_2/project_2.srcs/sim_1/new/edgefilt_tb.vhd
Error: File E:\terme 7\FPGA\Prj1\B_input_vector.txt is already at the end of file, nothing to read
Time: 193444500 ns  Iteration: 1  Process: /edgefilt_tb/read_input_vector  File: E:/terme 7/FPGA/Prj1/9633022_Prj/project_2/project_2.srcs/sim_1/new/edgefilt_tb.vhd
Warning: TEXTIO function READ: line is empty
Time: 193444500 ns  Iteration: 1  Process: /edgefilt_tb/read_input_vector  File: E:/terme 7/FPGA/Prj1/9633022_Prj/project_2/project_2.srcs/sim_1/new/edgefilt_tb.vhd
Error: File E:\terme 7\FPGA\Prj1\B_input_vector.txt is already at the end of file, nothing to read
Time: 193445500 ns  Iteration: 1  Process: /edgefilt_tb/read_input_vector  File: E:/terme 7/FPGA/Prj1/9633022_Prj/project_2/project_2.srcs/sim_1/new/edgefilt_tb.vhd
Warning: TEXTIO function READ: line is empty
Time: 193445500 ns  Iteration: 1  Process: /edgefilt_tb/read_input_vector  File: E:/terme 7/FPGA/Prj1/9633022_Prj/project_2/project_2.srcs/sim_1/new/edgefilt_tb.vhd
Error: File E:\terme 7\FPGA\Prj1\B_input_vector.txt is already at the end of file, nothing to read
Time: 193446500 ns  Iteration: 1  Process: /edgefilt_tb/read_input_vector  File: E:/terme 7/FPGA/Prj1/9633022_Prj/project_2/project_2.srcs/sim_1/new/edgefilt_tb.vhd
Warning: TEXTIO function READ: line is empty
Time: 193446500 ns  Iteration: 1  Process: /edgefilt_tb/read_input_vector  File: E:/terme 7/FPGA/Prj1/9633022_Prj/project_2/project_2.srcs/sim_1/new/edgefilt_tb.vhd
Error: File E:\terme 7\FPGA\Prj1\B_input_vector.txt is already at the end of file, nothing to read
Time: 193447500 ns  Iteration: 1  Process: /edgefilt_tb/read_input_vector  File: E:/terme 7/FPGA/Prj1/9633022_Prj/project_2/project_2.srcs/sim_1/new/edgefilt_tb.vhd
Warning: TEXTIO function READ: line is empty
Time: 193447500 ns  Iteration: 1  Process: /edgefilt_tb/read_input_vector  File: E:/terme 7/FPGA/Prj1/9633022_Prj/project_2/project_2.srcs/sim_1/new/edgefilt_tb.vhd
Error: File E:\terme 7\FPGA\Prj1\B_input_vector.txt is already at the end of file, nothing to read
Time: 193448500 ns  Iteration: 1  Process: /edgefilt_tb/read_input_vector  File: E:/terme 7/FPGA/Prj1/9633022_Prj/project_2/project_2.srcs/sim_1/new/edgefilt_tb.vhd
Warning: TEXTIO function READ: line is empty
Time: 193448500 ns  Iteration: 1  Process: /edgefilt_tb/read_input_vector  File: E:/terme 7/FPGA/Prj1/9633022_Prj/project_2/project_2.srcs/sim_1/new/edgefilt_tb.vhd
Error: File E:\terme 7\FPGA\Prj1\B_input_vector.txt is already at the end of file, nothing to read
Time: 193449500 ns  Iteration: 1  Process: /edgefilt_tb/read_input_vector  File: E:/terme 7/FPGA/Prj1/9633022_Prj/project_2/project_2.srcs/sim_1/new/edgefilt_tb.vhd
Warning: TEXTIO function READ: line is empty
Time: 193449500 ns  Iteration: 1  Process: /edgefilt_tb/read_input_vector  File: E:/terme 7/FPGA/Prj1/9633022_Prj/project_2/project_2.srcs/sim_1/new/edgefilt_tb.vhd
Error: File E:\terme 7\FPGA\Prj1\B_input_vector.txt is already at the end of file, nothing to read
Time: 193450500 ns  Iteration: 1  Process: /edgefilt_tb/read_input_vector  File: E:/terme 7/FPGA/Prj1/9633022_Prj/project_2/project_2.srcs/sim_1/new/edgefilt_tb.vhd
Warning: TEXTIO function READ: line is empty
Time: 193450500 ns  Iteration: 1  Process: /edgefilt_tb/read_input_vector  File: E:/terme 7/FPGA/Prj1/9633022_Prj/project_2/project_2.srcs/sim_1/new/edgefilt_tb.vhd
Error: File E:\terme 7\FPGA\Prj1\B_input_vector.txt is already at the end of file, nothing to read
Time: 193451500 ns  Iteration: 1  Process: /edgefilt_tb/read_input_vector  File: E:/terme 7/FPGA/Prj1/9633022_Prj/project_2/project_2.srcs/sim_1/new/edgefilt_tb.vhd
Warning: TEXTIO function READ: line is empty
Time: 193451500 ns  Iteration: 1  Process: /edgefilt_tb/read_input_vector  File: E:/terme 7/FPGA/Prj1/9633022_Prj/project_2/project_2.srcs/sim_1/new/edgefilt_tb.vhd
Error: File E:\terme 7\FPGA\Prj1\B_input_vector.txt is already at the end of file, nothing to read
Time: 193452500 ns  Iteration: 1  Process: /edgefilt_tb/read_input_vector  File: E:/terme 7/FPGA/Prj1/9633022_Prj/project_2/project_2.srcs/sim_1/new/edgefilt_tb.vhd
Warning: TEXTIO function READ: line is empty
Time: 193452500 ns  Iteration: 1  Process: /edgefilt_tb/read_input_vector  File: E:/terme 7/FPGA/Prj1/9633022_Prj/project_2/project_2.srcs/sim_1/new/edgefilt_tb.vhd
Error: File E:\terme 7\FPGA\Prj1\B_input_vector.txt is already at the end of file, nothing to read
Time: 193453500 ns  Iteration: 1  Process: /edgefilt_tb/read_input_vector  File: E:/terme 7/FPGA/Prj1/9633022_Prj/project_2/project_2.srcs/sim_1/new/edgefilt_tb.vhd
Warning: TEXTIO function READ: line is empty
Time: 193453500 ns  Iteration: 1  Process: /edgefilt_tb/read_input_vector  File: E:/terme 7/FPGA/Prj1/9633022_Prj/project_2/project_2.srcs/sim_1/new/edgefilt_tb.vhd
Error: File E:\terme 7\FPGA\Prj1\B_input_vector.txt is already at the end of file, nothing to read
Time: 193454500 ns  Iteration: 1  Process: /edgefilt_tb/read_input_vector  File: E:/terme 7/FPGA/Prj1/9633022_Prj/project_2/project_2.srcs/sim_1/new/edgefilt_tb.vhd
Warning: TEXTIO function READ: line is empty
Time: 193454500 ns  Iteration: 1  Process: /edgefilt_tb/read_input_vector  File: E:/terme 7/FPGA/Prj1/9633022_Prj/project_2/project_2.srcs/sim_1/new/edgefilt_tb.vhd
Error: File E:\terme 7\FPGA\Prj1\B_input_vector.txt is already at the end of file, nothing to read
Time: 193455500 ns  Iteration: 1  Process: /edgefilt_tb/read_input_vector  File: E:/terme 7/FPGA/Prj1/9633022_Prj/project_2/project_2.srcs/sim_1/new/edgefilt_tb.vhd
Warning: TEXTIO function READ: line is empty
Time: 193455500 ns  Iteration: 1  Process: /edgefilt_tb/read_input_vector  File: E:/terme 7/FPGA/Prj1/9633022_Prj/project_2/project_2.srcs/sim_1/new/edgefilt_tb.vhd
Error: File E:\terme 7\FPGA\Prj1\B_input_vector.txt is already at the end of file, nothing to read
Time: 193456500 ns  Iteration: 1  Process: /edgefilt_tb/read_input_vector  File: E:/terme 7/FPGA/Prj1/9633022_Prj/project_2/project_2.srcs/sim_1/new/edgefilt_tb.vhd
Warning: TEXTIO function READ: line is empty
Time: 193456500 ns  Iteration: 1  Process: /edgefilt_tb/read_input_vector  File: E:/terme 7/FPGA/Prj1/9633022_Prj/project_2/project_2.srcs/sim_1/new/edgefilt_tb.vhd
Error: File E:\terme 7\FPGA\Prj1\B_input_vector.txt is already at the end of file, nothing to read
Time: 193457500 ns  Iteration: 1  Process: /edgefilt_tb/read_input_vector  File: E:/terme 7/FPGA/Prj1/9633022_Prj/project_2/project_2.srcs/sim_1/new/edgefilt_tb.vhd
Warning: TEXTIO function READ: line is empty
Time: 193457500 ns  Iteration: 1  Process: /edgefilt_tb/read_input_vector  File: E:/terme 7/FPGA/Prj1/9633022_Prj/project_2/project_2.srcs/sim_1/new/edgefilt_tb.vhd
Error: File E:\terme 7\FPGA\Prj1\B_input_vector.txt is already at the end of file, nothing to read
Time: 193458500 ns  Iteration: 1  Process: /edgefilt_tb/read_input_vector  File: E:/terme 7/FPGA/Prj1/9633022_Prj/project_2/project_2.srcs/sim_1/new/edgefilt_tb.vhd
Warning: TEXTIO function READ: line is empty
Time: 193458500 ns  Iteration: 1  Process: /edgefilt_tb/read_input_vector  File: E:/terme 7/FPGA/Prj1/9633022_Prj/project_2/project_2.srcs/sim_1/new/edgefilt_tb.vhd
Error: File E:\terme 7\FPGA\Prj1\B_input_vector.txt is already at the end of file, nothing to read
Time: 193459500 ns  Iteration: 1  Process: /edgefilt_tb/read_input_vector  File: E:/terme 7/FPGA/Prj1/9633022_Prj/project_2/project_2.srcs/sim_1/new/edgefilt_tb.vhd
Warning: TEXTIO function READ: line is empty
Time: 193459500 ns  Iteration: 1  Process: /edgefilt_tb/read_input_vector  File: E:/terme 7/FPGA/Prj1/9633022_Prj/project_2/project_2.srcs/sim_1/new/edgefilt_tb.vhd
Error: File E:\terme 7\FPGA\Prj1\B_input_vector.txt is already at the end of file, nothing to read
Time: 193460500 ns  Iteration: 1  Process: /edgefilt_tb/read_input_vector  File: E:/terme 7/FPGA/Prj1/9633022_Prj/project_2/project_2.srcs/sim_1/new/edgefilt_tb.vhd
Warning: TEXTIO function READ: line is empty
Time: 193460500 ns  Iteration: 1  Process: /edgefilt_tb/read_input_vector  File: E:/terme 7/FPGA/Prj1/9633022_Prj/project_2/project_2.srcs/sim_1/new/edgefilt_tb.vhd
Error: File E:\terme 7\FPGA\Prj1\B_input_vector.txt is already at the end of file, nothing to read
Time: 193461500 ns  Iteration: 1  Process: /edgefilt_tb/read_input_vector  File: E:/terme 7/FPGA/Prj1/9633022_Prj/project_2/project_2.srcs/sim_1/new/edgefilt_tb.vhd
Warning: TEXTIO function READ: line is empty
Time: 193461500 ns  Iteration: 1  Process: /edgefilt_tb/read_input_vector  File: E:/terme 7/FPGA/Prj1/9633022_Prj/project_2/project_2.srcs/sim_1/new/edgefilt_tb.vhd
Error: File E:\terme 7\FPGA\Prj1\B_input_vector.txt is already at the end of file, nothing to read
Time: 193462500 ns  Iteration: 1  Process: /edgefilt_tb/read_input_vector  File: E:/terme 7/FPGA/Prj1/9633022_Prj/project_2/project_2.srcs/sim_1/new/edgefilt_tb.vhd
Warning: TEXTIO function READ: line is empty
Time: 193462500 ns  Iteration: 1  Process: /edgefilt_tb/read_input_vector  File: E:/terme 7/FPGA/Prj1/9633022_Prj/project_2/project_2.srcs/sim_1/new/edgefilt_tb.vhd
Error: File E:\terme 7\FPGA\Prj1\B_input_vector.txt is already at the end of file, nothing to read
Time: 193463500 ns  Iteration: 1  Process: /edgefilt_tb/read_input_vector  File: E:/terme 7/FPGA/Prj1/9633022_Prj/project_2/project_2.srcs/sim_1/new/edgefilt_tb.vhd
Warning: TEXTIO function READ: line is empty
Time: 193463500 ns  Iteration: 1  Process: /edgefilt_tb/read_input_vector  File: E:/terme 7/FPGA/Prj1/9633022_Prj/project_2/project_2.srcs/sim_1/new/edgefilt_tb.vhd
Error: File E:\terme 7\FPGA\Prj1\B_input_vector.txt is already at the end of file, nothing to read
Time: 193464500 ns  Iteration: 1  Process: /edgefilt_tb/read_input_vector  File: E:/terme 7/FPGA/Prj1/9633022_Prj/project_2/project_2.srcs/sim_1/new/edgefilt_tb.vhd
Warning: TEXTIO function READ: line is empty
Time: 193464500 ns  Iteration: 1  Process: /edgefilt_tb/read_input_vector  File: E:/terme 7/FPGA/Prj1/9633022_Prj/project_2/project_2.srcs/sim_1/new/edgefilt_tb.vhd
Error: File E:\terme 7\FPGA\Prj1\B_input_vector.txt is already at the end of file, nothing to read
Time: 193465500 ns  Iteration: 1  Process: /edgefilt_tb/read_input_vector  File: E:/terme 7/FPGA/Prj1/9633022_Prj/project_2/project_2.srcs/sim_1/new/edgefilt_tb.vhd
Warning: TEXTIO function READ: line is empty
Time: 193465500 ns  Iteration: 1  Process: /edgefilt_tb/read_input_vector  File: E:/terme 7/FPGA/Prj1/9633022_Prj/project_2/project_2.srcs/sim_1/new/edgefilt_tb.vhd
Error: File E:\terme 7\FPGA\Prj1\B_input_vector.txt is already at the end of file, nothing to read
Time: 193466500 ns  Iteration: 1  Process: /edgefilt_tb/read_input_vector  File: E:/terme 7/FPGA/Prj1/9633022_Prj/project_2/project_2.srcs/sim_1/new/edgefilt_tb.vhd
Warning: TEXTIO function READ: line is empty
Time: 193466500 ns  Iteration: 1  Process: /edgefilt_tb/read_input_vector  File: E:/terme 7/FPGA/Prj1/9633022_Prj/project_2/project_2.srcs/sim_1/new/edgefilt_tb.vhd
Error: File E:\terme 7\FPGA\Prj1\B_input_vector.txt is already at the end of file, nothing to read
Time: 193467500 ns  Iteration: 1  Process: /edgefilt_tb/read_input_vector  File: E:/terme 7/FPGA/Prj1/9633022_Prj/project_2/project_2.srcs/sim_1/new/edgefilt_tb.vhd
Warning: TEXTIO function READ: line is empty
Time: 193467500 ns  Iteration: 1  Process: /edgefilt_tb/read_input_vector  File: E:/terme 7/FPGA/Prj1/9633022_Prj/project_2/project_2.srcs/sim_1/new/edgefilt_tb.vhd
Error: File E:\terme 7\FPGA\Prj1\B_input_vector.txt is already at the end of file, nothing to read
Time: 193468500 ns  Iteration: 1  Process: /edgefilt_tb/read_input_vector  File: E:/terme 7/FPGA/Prj1/9633022_Prj/project_2/project_2.srcs/sim_1/new/edgefilt_tb.vhd
Warning: TEXTIO function READ: line is empty
Time: 193468500 ns  Iteration: 1  Process: /edgefilt_tb/read_input_vector  File: E:/terme 7/FPGA/Prj1/9633022_Prj/project_2/project_2.srcs/sim_1/new/edgefilt_tb.vhd
Error: File E:\terme 7\FPGA\Prj1\B_input_vector.txt is already at the end of file, nothing to read
Time: 193469500 ns  Iteration: 1  Process: /edgefilt_tb/read_input_vector  File: E:/terme 7/FPGA/Prj1/9633022_Prj/project_2/project_2.srcs/sim_1/new/edgefilt_tb.vhd
Warning: TEXTIO function READ: line is empty
Time: 193469500 ns  Iteration: 1  Process: /edgefilt_tb/read_input_vector  File: E:/terme 7/FPGA/Prj1/9633022_Prj/project_2/project_2.srcs/sim_1/new/edgefilt_tb.vhd
Error: File E:\terme 7\FPGA\Prj1\B_input_vector.txt is already at the end of file, nothing to read
Time: 193470500 ns  Iteration: 1  Process: /edgefilt_tb/read_input_vector  File: E:/terme 7/FPGA/Prj1/9633022_Prj/project_2/project_2.srcs/sim_1/new/edgefilt_tb.vhd
Warning: TEXTIO function READ: line is empty
Time: 193470500 ns  Iteration: 1  Process: /edgefilt_tb/read_input_vector  File: E:/terme 7/FPGA/Prj1/9633022_Prj/project_2/project_2.srcs/sim_1/new/edgefilt_tb.vhd
Error: File E:\terme 7\FPGA\Prj1\B_input_vector.txt is already at the end of file, nothing to read
Time: 193471500 ns  Iteration: 1  Process: /edgefilt_tb/read_input_vector  File: E:/terme 7/FPGA/Prj1/9633022_Prj/project_2/project_2.srcs/sim_1/new/edgefilt_tb.vhd
Warning: TEXTIO function READ: line is empty
Time: 193471500 ns  Iteration: 1  Process: /edgefilt_tb/read_input_vector  File: E:/terme 7/FPGA/Prj1/9633022_Prj/project_2/project_2.srcs/sim_1/new/edgefilt_tb.vhd
Error: File E:\terme 7\FPGA\Prj1\B_input_vector.txt is already at the end of file, nothing to read
Time: 193472500 ns  Iteration: 1  Process: /edgefilt_tb/read_input_vector  File: E:/terme 7/FPGA/Prj1/9633022_Prj/project_2/project_2.srcs/sim_1/new/edgefilt_tb.vhd
Warning: TEXTIO function READ: line is empty
Time: 193472500 ns  Iteration: 1  Process: /edgefilt_tb/read_input_vector  File: E:/terme 7/FPGA/Prj1/9633022_Prj/project_2/project_2.srcs/sim_1/new/edgefilt_tb.vhd
Error: File E:\terme 7\FPGA\Prj1\B_input_vector.txt is already at the end of file, nothing to read
Time: 193473500 ns  Iteration: 1  Process: /edgefilt_tb/read_input_vector  File: E:/terme 7/FPGA/Prj1/9633022_Prj/project_2/project_2.srcs/sim_1/new/edgefilt_tb.vhd
Warning: TEXTIO function READ: line is empty
Time: 193473500 ns  Iteration: 1  Process: /edgefilt_tb/read_input_vector  File: E:/terme 7/FPGA/Prj1/9633022_Prj/project_2/project_2.srcs/sim_1/new/edgefilt_tb.vhd
Error: File E:\terme 7\FPGA\Prj1\B_input_vector.txt is already at the end of file, nothing to read
Time: 193474500 ns  Iteration: 1  Process: /edgefilt_tb/read_input_vector  File: E:/terme 7/FPGA/Prj1/9633022_Prj/project_2/project_2.srcs/sim_1/new/edgefilt_tb.vhd
Warning: TEXTIO function READ: line is empty
Time: 193474500 ns  Iteration: 1  Process: /edgefilt_tb/read_input_vector  File: E:/terme 7/FPGA/Prj1/9633022_Prj/project_2/project_2.srcs/sim_1/new/edgefilt_tb.vhd
Error: File E:\terme 7\FPGA\Prj1\B_input_vector.txt is already at the end of file, nothing to read
Time: 193475500 ns  Iteration: 1  Process: /edgefilt_tb/read_input_vector  File: E:/terme 7/FPGA/Prj1/9633022_Prj/project_2/project_2.srcs/sim_1/new/edgefilt_tb.vhd
Warning: TEXTIO function READ: line is empty
Time: 193475500 ns  Iteration: 1  Process: /edgefilt_tb/read_input_vector  File: E:/terme 7/FPGA/Prj1/9633022_Prj/project_2/project_2.srcs/sim_1/new/edgefilt_tb.vhd
Error: File E:\terme 7\FPGA\Prj1\B_input_vector.txt is already at the end of file, nothing to read
Time: 193476500 ns  Iteration: 1  Process: /edgefilt_tb/read_input_vector  File: E:/terme 7/FPGA/Prj1/9633022_Prj/project_2/project_2.srcs/sim_1/new/edgefilt_tb.vhd
Warning: TEXTIO function READ: line is empty
Time: 193476500 ns  Iteration: 1  Process: /edgefilt_tb/read_input_vector  File: E:/terme 7/FPGA/Prj1/9633022_Prj/project_2/project_2.srcs/sim_1/new/edgefilt_tb.vhd
Error: File E:\terme 7\FPGA\Prj1\B_input_vector.txt is already at the end of file, nothing to read
Time: 193477500 ns  Iteration: 1  Process: /edgefilt_tb/read_input_vector  File: E:/terme 7/FPGA/Prj1/9633022_Prj/project_2/project_2.srcs/sim_1/new/edgefilt_tb.vhd
Warning: TEXTIO function READ: line is empty
Time: 193477500 ns  Iteration: 1  Process: /edgefilt_tb/read_input_vector  File: E:/terme 7/FPGA/Prj1/9633022_Prj/project_2/project_2.srcs/sim_1/new/edgefilt_tb.vhd
Error: File E:\terme 7\FPGA\Prj1\B_input_vector.txt is already at the end of file, nothing to read
Time: 193478500 ns  Iteration: 1  Process: /edgefilt_tb/read_input_vector  File: E:/terme 7/FPGA/Prj1/9633022_Prj/project_2/project_2.srcs/sim_1/new/edgefilt_tb.vhd
Warning: TEXTIO function READ: line is empty
Time: 193478500 ns  Iteration: 1  Process: /edgefilt_tb/read_input_vector  File: E:/terme 7/FPGA/Prj1/9633022_Prj/project_2/project_2.srcs/sim_1/new/edgefilt_tb.vhd
Error: File E:\terme 7\FPGA\Prj1\B_input_vector.txt is already at the end of file, nothing to read
Time: 193479500 ns  Iteration: 1  Process: /edgefilt_tb/read_input_vector  File: E:/terme 7/FPGA/Prj1/9633022_Prj/project_2/project_2.srcs/sim_1/new/edgefilt_tb.vhd
Warning: TEXTIO function READ: line is empty
Time: 193479500 ns  Iteration: 1  Process: /edgefilt_tb/read_input_vector  File: E:/terme 7/FPGA/Prj1/9633022_Prj/project_2/project_2.srcs/sim_1/new/edgefilt_tb.vhd
Error: File E:\terme 7\FPGA\Prj1\B_input_vector.txt is already at the end of file, nothing to read
Time: 193480500 ns  Iteration: 1  Process: /edgefilt_tb/read_input_vector  File: E:/terme 7/FPGA/Prj1/9633022_Prj/project_2/project_2.srcs/sim_1/new/edgefilt_tb.vhd
Warning: TEXTIO function READ: line is empty
Time: 193480500 ns  Iteration: 1  Process: /edgefilt_tb/read_input_vector  File: E:/terme 7/FPGA/Prj1/9633022_Prj/project_2/project_2.srcs/sim_1/new/edgefilt_tb.vhd
Error: File E:\terme 7\FPGA\Prj1\B_input_vector.txt is already at the end of file, nothing to read
Time: 193481500 ns  Iteration: 1  Process: /edgefilt_tb/read_input_vector  File: E:/terme 7/FPGA/Prj1/9633022_Prj/project_2/project_2.srcs/sim_1/new/edgefilt_tb.vhd
Warning: TEXTIO function READ: line is empty
Time: 193481500 ns  Iteration: 1  Process: /edgefilt_tb/read_input_vector  File: E:/terme 7/FPGA/Prj1/9633022_Prj/project_2/project_2.srcs/sim_1/new/edgefilt_tb.vhd
Error: File E:\terme 7\FPGA\Prj1\B_input_vector.txt is already at the end of file, nothing to read
Time: 193482500 ns  Iteration: 1  Process: /edgefilt_tb/read_input_vector  File: E:/terme 7/FPGA/Prj1/9633022_Prj/project_2/project_2.srcs/sim_1/new/edgefilt_tb.vhd
Warning: TEXTIO function READ: line is empty
Time: 193482500 ns  Iteration: 1  Process: /edgefilt_tb/read_input_vector  File: E:/terme 7/FPGA/Prj1/9633022_Prj/project_2/project_2.srcs/sim_1/new/edgefilt_tb.vhd
Error: File E:\terme 7\FPGA\Prj1\B_input_vector.txt is already at the end of file, nothing to read
Time: 193483500 ns  Iteration: 1  Process: /edgefilt_tb/read_input_vector  File: E:/terme 7/FPGA/Prj1/9633022_Prj/project_2/project_2.srcs/sim_1/new/edgefilt_tb.vhd
Warning: TEXTIO function READ: line is empty
Time: 193483500 ns  Iteration: 1  Process: /edgefilt_tb/read_input_vector  File: E:/terme 7/FPGA/Prj1/9633022_Prj/project_2/project_2.srcs/sim_1/new/edgefilt_tb.vhd
Error: File E:\terme 7\FPGA\Prj1\B_input_vector.txt is already at the end of file, nothing to read
Time: 193484500 ns  Iteration: 1  Process: /edgefilt_tb/read_input_vector  File: E:/terme 7/FPGA/Prj1/9633022_Prj/project_2/project_2.srcs/sim_1/new/edgefilt_tb.vhd
Warning: TEXTIO function READ: line is empty
Time: 193484500 ns  Iteration: 1  Process: /edgefilt_tb/read_input_vector  File: E:/terme 7/FPGA/Prj1/9633022_Prj/project_2/project_2.srcs/sim_1/new/edgefilt_tb.vhd
Error: File E:\terme 7\FPGA\Prj1\B_input_vector.txt is already at the end of file, nothing to read
Time: 193485500 ns  Iteration: 1  Process: /edgefilt_tb/read_input_vector  File: E:/terme 7/FPGA/Prj1/9633022_Prj/project_2/project_2.srcs/sim_1/new/edgefilt_tb.vhd
Warning: TEXTIO function READ: line is empty
Time: 193485500 ns  Iteration: 1  Process: /edgefilt_tb/read_input_vector  File: E:/terme 7/FPGA/Prj1/9633022_Prj/project_2/project_2.srcs/sim_1/new/edgefilt_tb.vhd
Error: File E:\terme 7\FPGA\Prj1\B_input_vector.txt is already at the end of file, nothing to read
Time: 193486500 ns  Iteration: 1  Process: /edgefilt_tb/read_input_vector  File: E:/terme 7/FPGA/Prj1/9633022_Prj/project_2/project_2.srcs/sim_1/new/edgefilt_tb.vhd
Warning: TEXTIO function READ: line is empty
Time: 193486500 ns  Iteration: 1  Process: /edgefilt_tb/read_input_vector  File: E:/terme 7/FPGA/Prj1/9633022_Prj/project_2/project_2.srcs/sim_1/new/edgefilt_tb.vhd
Error: File E:\terme 7\FPGA\Prj1\B_input_vector.txt is already at the end of file, nothing to read
Time: 193487500 ns  Iteration: 1  Process: /edgefilt_tb/read_input_vector  File: E:/terme 7/FPGA/Prj1/9633022_Prj/project_2/project_2.srcs/sim_1/new/edgefilt_tb.vhd
Warning: TEXTIO function READ: line is empty
Time: 193487500 ns  Iteration: 1  Process: /edgefilt_tb/read_input_vector  File: E:/terme 7/FPGA/Prj1/9633022_Prj/project_2/project_2.srcs/sim_1/new/edgefilt_tb.vhd
Error: File E:\terme 7\FPGA\Prj1\B_input_vector.txt is already at the end of file, nothing to read
Time: 193488500 ns  Iteration: 1  Process: /edgefilt_tb/read_input_vector  File: E:/terme 7/FPGA/Prj1/9633022_Prj/project_2/project_2.srcs/sim_1/new/edgefilt_tb.vhd
Warning: TEXTIO function READ: line is empty
Time: 193488500 ns  Iteration: 1  Process: /edgefilt_tb/read_input_vector  File: E:/terme 7/FPGA/Prj1/9633022_Prj/project_2/project_2.srcs/sim_1/new/edgefilt_tb.vhd
Error: File E:\terme 7\FPGA\Prj1\B_input_vector.txt is already at the end of file, nothing to read
Time: 193489500 ns  Iteration: 1  Process: /edgefilt_tb/read_input_vector  File: E:/terme 7/FPGA/Prj1/9633022_Prj/project_2/project_2.srcs/sim_1/new/edgefilt_tb.vhd
Warning: TEXTIO function READ: line is empty
Time: 193489500 ns  Iteration: 1  Process: /edgefilt_tb/read_input_vector  File: E:/terme 7/FPGA/Prj1/9633022_Prj/project_2/project_2.srcs/sim_1/new/edgefilt_tb.vhd
Error: File E:\terme 7\FPGA\Prj1\B_input_vector.txt is already at the end of file, nothing to read
Time: 193490500 ns  Iteration: 1  Process: /edgefilt_tb/read_input_vector  File: E:/terme 7/FPGA/Prj1/9633022_Prj/project_2/project_2.srcs/sim_1/new/edgefilt_tb.vhd
Warning: TEXTIO function READ: line is empty
Time: 193490500 ns  Iteration: 1  Process: /edgefilt_tb/read_input_vector  File: E:/terme 7/FPGA/Prj1/9633022_Prj/project_2/project_2.srcs/sim_1/new/edgefilt_tb.vhd
Error: File E:\terme 7\FPGA\Prj1\B_input_vector.txt is already at the end of file, nothing to read
Time: 193491500 ns  Iteration: 1  Process: /edgefilt_tb/read_input_vector  File: E:/terme 7/FPGA/Prj1/9633022_Prj/project_2/project_2.srcs/sim_1/new/edgefilt_tb.vhd
Warning: TEXTIO function READ: line is empty
Time: 193491500 ns  Iteration: 1  Process: /edgefilt_tb/read_input_vector  File: E:/terme 7/FPGA/Prj1/9633022_Prj/project_2/project_2.srcs/sim_1/new/edgefilt_tb.vhd
Error: File E:\terme 7\FPGA\Prj1\B_input_vector.txt is already at the end of file, nothing to read
Time: 193492500 ns  Iteration: 1  Process: /edgefilt_tb/read_input_vector  File: E:/terme 7/FPGA/Prj1/9633022_Prj/project_2/project_2.srcs/sim_1/new/edgefilt_tb.vhd
Warning: TEXTIO function READ: line is empty
Time: 193492500 ns  Iteration: 1  Process: /edgefilt_tb/read_input_vector  File: E:/terme 7/FPGA/Prj1/9633022_Prj/project_2/project_2.srcs/sim_1/new/edgefilt_tb.vhd
Error: File E:\terme 7\FPGA\Prj1\B_input_vector.txt is already at the end of file, nothing to read
Time: 193493500 ns  Iteration: 1  Process: /edgefilt_tb/read_input_vector  File: E:/terme 7/FPGA/Prj1/9633022_Prj/project_2/project_2.srcs/sim_1/new/edgefilt_tb.vhd
Warning: TEXTIO function READ: line is empty
Time: 193493500 ns  Iteration: 1  Process: /edgefilt_tb/read_input_vector  File: E:/terme 7/FPGA/Prj1/9633022_Prj/project_2/project_2.srcs/sim_1/new/edgefilt_tb.vhd
Error: File E:\terme 7\FPGA\Prj1\B_input_vector.txt is already at the end of file, nothing to read
Time: 193494500 ns  Iteration: 1  Process: /edgefilt_tb/read_input_vector  File: E:/terme 7/FPGA/Prj1/9633022_Prj/project_2/project_2.srcs/sim_1/new/edgefilt_tb.vhd
Warning: TEXTIO function READ: line is empty
Time: 193494500 ns  Iteration: 1  Process: /edgefilt_tb/read_input_vector  File: E:/terme 7/FPGA/Prj1/9633022_Prj/project_2/project_2.srcs/sim_1/new/edgefilt_tb.vhd
Error: File E:\terme 7\FPGA\Prj1\B_input_vector.txt is already at the end of file, nothing to read
Time: 193495500 ns  Iteration: 1  Process: /edgefilt_tb/read_input_vector  File: E:/terme 7/FPGA/Prj1/9633022_Prj/project_2/project_2.srcs/sim_1/new/edgefilt_tb.vhd
Warning: TEXTIO function READ: line is empty
Time: 193495500 ns  Iteration: 1  Process: /edgefilt_tb/read_input_vector  File: E:/terme 7/FPGA/Prj1/9633022_Prj/project_2/project_2.srcs/sim_1/new/edgefilt_tb.vhd
Error: File E:\terme 7\FPGA\Prj1\B_input_vector.txt is already at the end of file, nothing to read
Time: 193496500 ns  Iteration: 1  Process: /edgefilt_tb/read_input_vector  File: E:/terme 7/FPGA/Prj1/9633022_Prj/project_2/project_2.srcs/sim_1/new/edgefilt_tb.vhd
Warning: TEXTIO function READ: line is empty
Time: 193496500 ns  Iteration: 1  Process: /edgefilt_tb/read_input_vector  File: E:/terme 7/FPGA/Prj1/9633022_Prj/project_2/project_2.srcs/sim_1/new/edgefilt_tb.vhd
Error: File E:\terme 7\FPGA\Prj1\B_input_vector.txt is already at the end of file, nothing to read
Time: 193497500 ns  Iteration: 1  Process: /edgefilt_tb/read_input_vector  File: E:/terme 7/FPGA/Prj1/9633022_Prj/project_2/project_2.srcs/sim_1/new/edgefilt_tb.vhd
Warning: TEXTIO function READ: line is empty
Time: 193497500 ns  Iteration: 1  Process: /edgefilt_tb/read_input_vector  File: E:/terme 7/FPGA/Prj1/9633022_Prj/project_2/project_2.srcs/sim_1/new/edgefilt_tb.vhd
Error: File E:\terme 7\FPGA\Prj1\B_input_vector.txt is already at the end of file, nothing to read
Time: 193498500 ns  Iteration: 1  Process: /edgefilt_tb/read_input_vector  File: E:/terme 7/FPGA/Prj1/9633022_Prj/project_2/project_2.srcs/sim_1/new/edgefilt_tb.vhd
Warning: TEXTIO function READ: line is empty
Time: 193498500 ns  Iteration: 1  Process: /edgefilt_tb/read_input_vector  File: E:/terme 7/FPGA/Prj1/9633022_Prj/project_2/project_2.srcs/sim_1/new/edgefilt_tb.vhd
Error: File E:\terme 7\FPGA\Prj1\B_input_vector.txt is already at the end of file, nothing to read
Time: 193499500 ns  Iteration: 1  Process: /edgefilt_tb/read_input_vector  File: E:/terme 7/FPGA/Prj1/9633022_Prj/project_2/project_2.srcs/sim_1/new/edgefilt_tb.vhd
Warning: TEXTIO function READ: line is empty
Time: 193499500 ns  Iteration: 1  Process: /edgefilt_tb/read_input_vector  File: E:/terme 7/FPGA/Prj1/9633022_Prj/project_2/project_2.srcs/sim_1/new/edgefilt_tb.vhd
Error: File E:\terme 7\FPGA\Prj1\B_input_vector.txt is already at the end of file, nothing to read
Time: 193500500 ns  Iteration: 1  Process: /edgefilt_tb/read_input_vector  File: E:/terme 7/FPGA/Prj1/9633022_Prj/project_2/project_2.srcs/sim_1/new/edgefilt_tb.vhd
Warning: TEXTIO function READ: line is empty
Time: 193500500 ns  Iteration: 1  Process: /edgefilt_tb/read_input_vector  File: E:/terme 7/FPGA/Prj1/9633022_Prj/project_2/project_2.srcs/sim_1/new/edgefilt_tb.vhd
Error: File E:\terme 7\FPGA\Prj1\B_input_vector.txt is already at the end of file, nothing to read
Time: 193501500 ns  Iteration: 1  Process: /edgefilt_tb/read_input_vector  File: E:/terme 7/FPGA/Prj1/9633022_Prj/project_2/project_2.srcs/sim_1/new/edgefilt_tb.vhd
Warning: TEXTIO function READ: line is empty
Time: 193501500 ns  Iteration: 1  Process: /edgefilt_tb/read_input_vector  File: E:/terme 7/FPGA/Prj1/9633022_Prj/project_2/project_2.srcs/sim_1/new/edgefilt_tb.vhd
Error: File E:\terme 7\FPGA\Prj1\B_input_vector.txt is already at the end of file, nothing to read
Time: 193502500 ns  Iteration: 1  Process: /edgefilt_tb/read_input_vector  File: E:/terme 7/FPGA/Prj1/9633022_Prj/project_2/project_2.srcs/sim_1/new/edgefilt_tb.vhd
Warning: TEXTIO function READ: line is empty
Time: 193502500 ns  Iteration: 1  Process: /edgefilt_tb/read_input_vector  File: E:/terme 7/FPGA/Prj1/9633022_Prj/project_2/project_2.srcs/sim_1/new/edgefilt_tb.vhd
Error: File E:\terme 7\FPGA\Prj1\B_input_vector.txt is already at the end of file, nothing to read
Time: 193503500 ns  Iteration: 1  Process: /edgefilt_tb/read_input_vector  File: E:/terme 7/FPGA/Prj1/9633022_Prj/project_2/project_2.srcs/sim_1/new/edgefilt_tb.vhd
Warning: TEXTIO function READ: line is empty
Time: 193503500 ns  Iteration: 1  Process: /edgefilt_tb/read_input_vector  File: E:/terme 7/FPGA/Prj1/9633022_Prj/project_2/project_2.srcs/sim_1/new/edgefilt_tb.vhd
Error: File E:\terme 7\FPGA\Prj1\B_input_vector.txt is already at the end of file, nothing to read
Time: 193504500 ns  Iteration: 1  Process: /edgefilt_tb/read_input_vector  File: E:/terme 7/FPGA/Prj1/9633022_Prj/project_2/project_2.srcs/sim_1/new/edgefilt_tb.vhd
Warning: TEXTIO function READ: line is empty
Time: 193504500 ns  Iteration: 1  Process: /edgefilt_tb/read_input_vector  File: E:/terme 7/FPGA/Prj1/9633022_Prj/project_2/project_2.srcs/sim_1/new/edgefilt_tb.vhd
Error: File E:\terme 7\FPGA\Prj1\B_input_vector.txt is already at the end of file, nothing to read
Time: 193505500 ns  Iteration: 1  Process: /edgefilt_tb/read_input_vector  File: E:/terme 7/FPGA/Prj1/9633022_Prj/project_2/project_2.srcs/sim_1/new/edgefilt_tb.vhd
Warning: TEXTIO function READ: line is empty
Time: 193505500 ns  Iteration: 1  Process: /edgefilt_tb/read_input_vector  File: E:/terme 7/FPGA/Prj1/9633022_Prj/project_2/project_2.srcs/sim_1/new/edgefilt_tb.vhd
Error: File E:\terme 7\FPGA\Prj1\B_input_vector.txt is already at the end of file, nothing to read
Time: 193506500 ns  Iteration: 1  Process: /edgefilt_tb/read_input_vector  File: E:/terme 7/FPGA/Prj1/9633022_Prj/project_2/project_2.srcs/sim_1/new/edgefilt_tb.vhd
Warning: TEXTIO function READ: line is empty
Time: 193506500 ns  Iteration: 1  Process: /edgefilt_tb/read_input_vector  File: E:/terme 7/FPGA/Prj1/9633022_Prj/project_2/project_2.srcs/sim_1/new/edgefilt_tb.vhd
Error: File E:\terme 7\FPGA\Prj1\B_input_vector.txt is already at the end of file, nothing to read
Time: 193507500 ns  Iteration: 1  Process: /edgefilt_tb/read_input_vector  File: E:/terme 7/FPGA/Prj1/9633022_Prj/project_2/project_2.srcs/sim_1/new/edgefilt_tb.vhd
Warning: TEXTIO function READ: line is empty
Time: 193507500 ns  Iteration: 1  Process: /edgefilt_tb/read_input_vector  File: E:/terme 7/FPGA/Prj1/9633022_Prj/project_2/project_2.srcs/sim_1/new/edgefilt_tb.vhd
Error: File E:\terme 7\FPGA\Prj1\B_input_vector.txt is already at the end of file, nothing to read
Time: 193508500 ns  Iteration: 1  Process: /edgefilt_tb/read_input_vector  File: E:/terme 7/FPGA/Prj1/9633022_Prj/project_2/project_2.srcs/sim_1/new/edgefilt_tb.vhd
Warning: TEXTIO function READ: line is empty
Time: 193508500 ns  Iteration: 1  Process: /edgefilt_tb/read_input_vector  File: E:/terme 7/FPGA/Prj1/9633022_Prj/project_2/project_2.srcs/sim_1/new/edgefilt_tb.vhd
Error: File E:\terme 7\FPGA\Prj1\B_input_vector.txt is already at the end of file, nothing to read
Time: 193509500 ns  Iteration: 1  Process: /edgefilt_tb/read_input_vector  File: E:/terme 7/FPGA/Prj1/9633022_Prj/project_2/project_2.srcs/sim_1/new/edgefilt_tb.vhd
Warning: TEXTIO function READ: line is empty
Time: 193509500 ns  Iteration: 1  Process: /edgefilt_tb/read_input_vector  File: E:/terme 7/FPGA/Prj1/9633022_Prj/project_2/project_2.srcs/sim_1/new/edgefilt_tb.vhd
Error: File E:\terme 7\FPGA\Prj1\B_input_vector.txt is already at the end of file, nothing to read
Time: 193510500 ns  Iteration: 1  Process: /edgefilt_tb/read_input_vector  File: E:/terme 7/FPGA/Prj1/9633022_Prj/project_2/project_2.srcs/sim_1/new/edgefilt_tb.vhd
Warning: TEXTIO function READ: line is empty
Time: 193510500 ns  Iteration: 1  Process: /edgefilt_tb/read_input_vector  File: E:/terme 7/FPGA/Prj1/9633022_Prj/project_2/project_2.srcs/sim_1/new/edgefilt_tb.vhd
Error: File E:\terme 7\FPGA\Prj1\B_input_vector.txt is already at the end of file, nothing to read
Time: 193511500 ns  Iteration: 1  Process: /edgefilt_tb/read_input_vector  File: E:/terme 7/FPGA/Prj1/9633022_Prj/project_2/project_2.srcs/sim_1/new/edgefilt_tb.vhd
Warning: TEXTIO function READ: line is empty
Time: 193511500 ns  Iteration: 1  Process: /edgefilt_tb/read_input_vector  File: E:/terme 7/FPGA/Prj1/9633022_Prj/project_2/project_2.srcs/sim_1/new/edgefilt_tb.vhd
Error: File E:\terme 7\FPGA\Prj1\B_input_vector.txt is already at the end of file, nothing to read
Time: 193512500 ns  Iteration: 1  Process: /edgefilt_tb/read_input_vector  File: E:/terme 7/FPGA/Prj1/9633022_Prj/project_2/project_2.srcs/sim_1/new/edgefilt_tb.vhd
Warning: TEXTIO function READ: line is empty
Time: 193512500 ns  Iteration: 1  Process: /edgefilt_tb/read_input_vector  File: E:/terme 7/FPGA/Prj1/9633022_Prj/project_2/project_2.srcs/sim_1/new/edgefilt_tb.vhd
Error: File E:\terme 7\FPGA\Prj1\B_input_vector.txt is already at the end of file, nothing to read
Time: 193513500 ns  Iteration: 1  Process: /edgefilt_tb/read_input_vector  File: E:/terme 7/FPGA/Prj1/9633022_Prj/project_2/project_2.srcs/sim_1/new/edgefilt_tb.vhd
Warning: TEXTIO function READ: line is empty
Time: 193513500 ns  Iteration: 1  Process: /edgefilt_tb/read_input_vector  File: E:/terme 7/FPGA/Prj1/9633022_Prj/project_2/project_2.srcs/sim_1/new/edgefilt_tb.vhd
Error: File E:\terme 7\FPGA\Prj1\B_input_vector.txt is already at the end of file, nothing to read
Time: 193514500 ns  Iteration: 1  Process: /edgefilt_tb/read_input_vector  File: E:/terme 7/FPGA/Prj1/9633022_Prj/project_2/project_2.srcs/sim_1/new/edgefilt_tb.vhd
Warning: TEXTIO function READ: line is empty
Time: 193514500 ns  Iteration: 1  Process: /edgefilt_tb/read_input_vector  File: E:/terme 7/FPGA/Prj1/9633022_Prj/project_2/project_2.srcs/sim_1/new/edgefilt_tb.vhd
Error: File E:\terme 7\FPGA\Prj1\B_input_vector.txt is already at the end of file, nothing to read
Time: 193515500 ns  Iteration: 1  Process: /edgefilt_tb/read_input_vector  File: E:/terme 7/FPGA/Prj1/9633022_Prj/project_2/project_2.srcs/sim_1/new/edgefilt_tb.vhd
Warning: TEXTIO function READ: line is empty
Time: 193515500 ns  Iteration: 1  Process: /edgefilt_tb/read_input_vector  File: E:/terme 7/FPGA/Prj1/9633022_Prj/project_2/project_2.srcs/sim_1/new/edgefilt_tb.vhd
Error: File E:\terme 7\FPGA\Prj1\B_input_vector.txt is already at the end of file, nothing to read
Time: 193516500 ns  Iteration: 1  Process: /edgefilt_tb/read_input_vector  File: E:/terme 7/FPGA/Prj1/9633022_Prj/project_2/project_2.srcs/sim_1/new/edgefilt_tb.vhd
Warning: TEXTIO function READ: line is empty
Time: 193516500 ns  Iteration: 1  Process: /edgefilt_tb/read_input_vector  File: E:/terme 7/FPGA/Prj1/9633022_Prj/project_2/project_2.srcs/sim_1/new/edgefilt_tb.vhd
Error: File E:\terme 7\FPGA\Prj1\B_input_vector.txt is already at the end of file, nothing to read
Time: 193517500 ns  Iteration: 1  Process: /edgefilt_tb/read_input_vector  File: E:/terme 7/FPGA/Prj1/9633022_Prj/project_2/project_2.srcs/sim_1/new/edgefilt_tb.vhd
Warning: TEXTIO function READ: line is empty
Time: 193517500 ns  Iteration: 1  Process: /edgefilt_tb/read_input_vector  File: E:/terme 7/FPGA/Prj1/9633022_Prj/project_2/project_2.srcs/sim_1/new/edgefilt_tb.vhd
Error: File E:\terme 7\FPGA\Prj1\B_input_vector.txt is already at the end of file, nothing to read
Time: 193518500 ns  Iteration: 1  Process: /edgefilt_tb/read_input_vector  File: E:/terme 7/FPGA/Prj1/9633022_Prj/project_2/project_2.srcs/sim_1/new/edgefilt_tb.vhd
Warning: TEXTIO function READ: line is empty
Time: 193518500 ns  Iteration: 1  Process: /edgefilt_tb/read_input_vector  File: E:/terme 7/FPGA/Prj1/9633022_Prj/project_2/project_2.srcs/sim_1/new/edgefilt_tb.vhd
Error: File E:\terme 7\FPGA\Prj1\B_input_vector.txt is already at the end of file, nothing to read
Time: 193519500 ns  Iteration: 1  Process: /edgefilt_tb/read_input_vector  File: E:/terme 7/FPGA/Prj1/9633022_Prj/project_2/project_2.srcs/sim_1/new/edgefilt_tb.vhd
Warning: TEXTIO function READ: line is empty
Time: 193519500 ns  Iteration: 1  Process: /edgefilt_tb/read_input_vector  File: E:/terme 7/FPGA/Prj1/9633022_Prj/project_2/project_2.srcs/sim_1/new/edgefilt_tb.vhd
Error: File E:\terme 7\FPGA\Prj1\B_input_vector.txt is already at the end of file, nothing to read
Time: 193520500 ns  Iteration: 1  Process: /edgefilt_tb/read_input_vector  File: E:/terme 7/FPGA/Prj1/9633022_Prj/project_2/project_2.srcs/sim_1/new/edgefilt_tb.vhd
Warning: TEXTIO function READ: line is empty
Time: 193520500 ns  Iteration: 1  Process: /edgefilt_tb/read_input_vector  File: E:/terme 7/FPGA/Prj1/9633022_Prj/project_2/project_2.srcs/sim_1/new/edgefilt_tb.vhd
Error: File E:\terme 7\FPGA\Prj1\B_input_vector.txt is already at the end of file, nothing to read
Time: 193521500 ns  Iteration: 1  Process: /edgefilt_tb/read_input_vector  File: E:/terme 7/FPGA/Prj1/9633022_Prj/project_2/project_2.srcs/sim_1/new/edgefilt_tb.vhd
Warning: TEXTIO function READ: line is empty
Time: 193521500 ns  Iteration: 1  Process: /edgefilt_tb/read_input_vector  File: E:/terme 7/FPGA/Prj1/9633022_Prj/project_2/project_2.srcs/sim_1/new/edgefilt_tb.vhd
Error: File E:\terme 7\FPGA\Prj1\B_input_vector.txt is already at the end of file, nothing to read
Time: 193522500 ns  Iteration: 1  Process: /edgefilt_tb/read_input_vector  File: E:/terme 7/FPGA/Prj1/9633022_Prj/project_2/project_2.srcs/sim_1/new/edgefilt_tb.vhd
Warning: TEXTIO function READ: line is empty
Time: 193522500 ns  Iteration: 1  Process: /edgefilt_tb/read_input_vector  File: E:/terme 7/FPGA/Prj1/9633022_Prj/project_2/project_2.srcs/sim_1/new/edgefilt_tb.vhd
Error: File E:\terme 7\FPGA\Prj1\B_input_vector.txt is already at the end of file, nothing to read
Time: 193523500 ns  Iteration: 1  Process: /edgefilt_tb/read_input_vector  File: E:/terme 7/FPGA/Prj1/9633022_Prj/project_2/project_2.srcs/sim_1/new/edgefilt_tb.vhd
Warning: TEXTIO function READ: line is empty
Time: 193523500 ns  Iteration: 1  Process: /edgefilt_tb/read_input_vector  File: E:/terme 7/FPGA/Prj1/9633022_Prj/project_2/project_2.srcs/sim_1/new/edgefilt_tb.vhd
Error: File E:\terme 7\FPGA\Prj1\B_input_vector.txt is already at the end of file, nothing to read
Time: 193524500 ns  Iteration: 1  Process: /edgefilt_tb/read_input_vector  File: E:/terme 7/FPGA/Prj1/9633022_Prj/project_2/project_2.srcs/sim_1/new/edgefilt_tb.vhd
Warning: TEXTIO function READ: line is empty
Time: 193524500 ns  Iteration: 1  Process: /edgefilt_tb/read_input_vector  File: E:/terme 7/FPGA/Prj1/9633022_Prj/project_2/project_2.srcs/sim_1/new/edgefilt_tb.vhd
Error: File E:\terme 7\FPGA\Prj1\B_input_vector.txt is already at the end of file, nothing to read
Time: 193525500 ns  Iteration: 1  Process: /edgefilt_tb/read_input_vector  File: E:/terme 7/FPGA/Prj1/9633022_Prj/project_2/project_2.srcs/sim_1/new/edgefilt_tb.vhd
Warning: TEXTIO function READ: line is empty
Time: 193525500 ns  Iteration: 1  Process: /edgefilt_tb/read_input_vector  File: E:/terme 7/FPGA/Prj1/9633022_Prj/project_2/project_2.srcs/sim_1/new/edgefilt_tb.vhd
Error: File E:\terme 7\FPGA\Prj1\B_input_vector.txt is already at the end of file, nothing to read
Time: 193526500 ns  Iteration: 1  Process: /edgefilt_tb/read_input_vector  File: E:/terme 7/FPGA/Prj1/9633022_Prj/project_2/project_2.srcs/sim_1/new/edgefilt_tb.vhd
Warning: TEXTIO function READ: line is empty
Time: 193526500 ns  Iteration: 1  Process: /edgefilt_tb/read_input_vector  File: E:/terme 7/FPGA/Prj1/9633022_Prj/project_2/project_2.srcs/sim_1/new/edgefilt_tb.vhd
Error: File E:\terme 7\FPGA\Prj1\B_input_vector.txt is already at the end of file, nothing to read
Time: 193527500 ns  Iteration: 1  Process: /edgefilt_tb/read_input_vector  File: E:/terme 7/FPGA/Prj1/9633022_Prj/project_2/project_2.srcs/sim_1/new/edgefilt_tb.vhd
Warning: TEXTIO function READ: line is empty
Time: 193527500 ns  Iteration: 1  Process: /edgefilt_tb/read_input_vector  File: E:/terme 7/FPGA/Prj1/9633022_Prj/project_2/project_2.srcs/sim_1/new/edgefilt_tb.vhd
Error: File E:\terme 7\FPGA\Prj1\B_input_vector.txt is already at the end of file, nothing to read
Time: 193528500 ns  Iteration: 1  Process: /edgefilt_tb/read_input_vector  File: E:/terme 7/FPGA/Prj1/9633022_Prj/project_2/project_2.srcs/sim_1/new/edgefilt_tb.vhd
Warning: TEXTIO function READ: line is empty
Time: 193528500 ns  Iteration: 1  Process: /edgefilt_tb/read_input_vector  File: E:/terme 7/FPGA/Prj1/9633022_Prj/project_2/project_2.srcs/sim_1/new/edgefilt_tb.vhd
Error: File E:\terme 7\FPGA\Prj1\B_input_vector.txt is already at the end of file, nothing to read
Time: 193529500 ns  Iteration: 1  Process: /edgefilt_tb/read_input_vector  File: E:/terme 7/FPGA/Prj1/9633022_Prj/project_2/project_2.srcs/sim_1/new/edgefilt_tb.vhd
Warning: TEXTIO function READ: line is empty
Time: 193529500 ns  Iteration: 1  Process: /edgefilt_tb/read_input_vector  File: E:/terme 7/FPGA/Prj1/9633022_Prj/project_2/project_2.srcs/sim_1/new/edgefilt_tb.vhd
Error: File E:\terme 7\FPGA\Prj1\B_input_vector.txt is already at the end of file, nothing to read
Time: 193530500 ns  Iteration: 1  Process: /edgefilt_tb/read_input_vector  File: E:/terme 7/FPGA/Prj1/9633022_Prj/project_2/project_2.srcs/sim_1/new/edgefilt_tb.vhd
Warning: TEXTIO function READ: line is empty
Time: 193530500 ns  Iteration: 1  Process: /edgefilt_tb/read_input_vector  File: E:/terme 7/FPGA/Prj1/9633022_Prj/project_2/project_2.srcs/sim_1/new/edgefilt_tb.vhd
Error: File E:\terme 7\FPGA\Prj1\B_input_vector.txt is already at the end of file, nothing to read
Time: 193531500 ns  Iteration: 1  Process: /edgefilt_tb/read_input_vector  File: E:/terme 7/FPGA/Prj1/9633022_Prj/project_2/project_2.srcs/sim_1/new/edgefilt_tb.vhd
Warning: TEXTIO function READ: line is empty
Time: 193531500 ns  Iteration: 1  Process: /edgefilt_tb/read_input_vector  File: E:/terme 7/FPGA/Prj1/9633022_Prj/project_2/project_2.srcs/sim_1/new/edgefilt_tb.vhd
Error: File E:\terme 7\FPGA\Prj1\B_input_vector.txt is already at the end of file, nothing to read
Time: 193532500 ns  Iteration: 1  Process: /edgefilt_tb/read_input_vector  File: E:/terme 7/FPGA/Prj1/9633022_Prj/project_2/project_2.srcs/sim_1/new/edgefilt_tb.vhd
Warning: TEXTIO function READ: line is empty
Time: 193532500 ns  Iteration: 1  Process: /edgefilt_tb/read_input_vector  File: E:/terme 7/FPGA/Prj1/9633022_Prj/project_2/project_2.srcs/sim_1/new/edgefilt_tb.vhd
Error: File E:\terme 7\FPGA\Prj1\B_input_vector.txt is already at the end of file, nothing to read
Time: 193533500 ns  Iteration: 1  Process: /edgefilt_tb/read_input_vector  File: E:/terme 7/FPGA/Prj1/9633022_Prj/project_2/project_2.srcs/sim_1/new/edgefilt_tb.vhd
Warning: TEXTIO function READ: line is empty
Time: 193533500 ns  Iteration: 1  Process: /edgefilt_tb/read_input_vector  File: E:/terme 7/FPGA/Prj1/9633022_Prj/project_2/project_2.srcs/sim_1/new/edgefilt_tb.vhd
Error: File E:\terme 7\FPGA\Prj1\B_input_vector.txt is already at the end of file, nothing to read
Time: 193534500 ns  Iteration: 1  Process: /edgefilt_tb/read_input_vector  File: E:/terme 7/FPGA/Prj1/9633022_Prj/project_2/project_2.srcs/sim_1/new/edgefilt_tb.vhd
Warning: TEXTIO function READ: line is empty
Time: 193534500 ns  Iteration: 1  Process: /edgefilt_tb/read_input_vector  File: E:/terme 7/FPGA/Prj1/9633022_Prj/project_2/project_2.srcs/sim_1/new/edgefilt_tb.vhd
Error: File E:\terme 7\FPGA\Prj1\B_input_vector.txt is already at the end of file, nothing to read
Time: 193535500 ns  Iteration: 1  Process: /edgefilt_tb/read_input_vector  File: E:/terme 7/FPGA/Prj1/9633022_Prj/project_2/project_2.srcs/sim_1/new/edgefilt_tb.vhd
Warning: TEXTIO function READ: line is empty
Time: 193535500 ns  Iteration: 1  Process: /edgefilt_tb/read_input_vector  File: E:/terme 7/FPGA/Prj1/9633022_Prj/project_2/project_2.srcs/sim_1/new/edgefilt_tb.vhd
Error: File E:\terme 7\FPGA\Prj1\B_input_vector.txt is already at the end of file, nothing to read
Time: 193536500 ns  Iteration: 1  Process: /edgefilt_tb/read_input_vector  File: E:/terme 7/FPGA/Prj1/9633022_Prj/project_2/project_2.srcs/sim_1/new/edgefilt_tb.vhd
Warning: TEXTIO function READ: line is empty
Time: 193536500 ns  Iteration: 1  Process: /edgefilt_tb/read_input_vector  File: E:/terme 7/FPGA/Prj1/9633022_Prj/project_2/project_2.srcs/sim_1/new/edgefilt_tb.vhd
Error: File E:\terme 7\FPGA\Prj1\B_input_vector.txt is already at the end of file, nothing to read
Time: 193537500 ns  Iteration: 1  Process: /edgefilt_tb/read_input_vector  File: E:/terme 7/FPGA/Prj1/9633022_Prj/project_2/project_2.srcs/sim_1/new/edgefilt_tb.vhd
Warning: TEXTIO function READ: line is empty
Time: 193537500 ns  Iteration: 1  Process: /edgefilt_tb/read_input_vector  File: E:/terme 7/FPGA/Prj1/9633022_Prj/project_2/project_2.srcs/sim_1/new/edgefilt_tb.vhd
Error: File E:\terme 7\FPGA\Prj1\B_input_vector.txt is already at the end of file, nothing to read
Time: 193538500 ns  Iteration: 1  Process: /edgefilt_tb/read_input_vector  File: E:/terme 7/FPGA/Prj1/9633022_Prj/project_2/project_2.srcs/sim_1/new/edgefilt_tb.vhd
Warning: TEXTIO function READ: line is empty
Time: 193538500 ns  Iteration: 1  Process: /edgefilt_tb/read_input_vector  File: E:/terme 7/FPGA/Prj1/9633022_Prj/project_2/project_2.srcs/sim_1/new/edgefilt_tb.vhd
Error: File E:\terme 7\FPGA\Prj1\B_input_vector.txt is already at the end of file, nothing to read
Time: 193539500 ns  Iteration: 1  Process: /edgefilt_tb/read_input_vector  File: E:/terme 7/FPGA/Prj1/9633022_Prj/project_2/project_2.srcs/sim_1/new/edgefilt_tb.vhd
Warning: TEXTIO function READ: line is empty
Time: 193539500 ns  Iteration: 1  Process: /edgefilt_tb/read_input_vector  File: E:/terme 7/FPGA/Prj1/9633022_Prj/project_2/project_2.srcs/sim_1/new/edgefilt_tb.vhd
Error: File E:\terme 7\FPGA\Prj1\B_input_vector.txt is already at the end of file, nothing to read
Time: 193540500 ns  Iteration: 1  Process: /edgefilt_tb/read_input_vector  File: E:/terme 7/FPGA/Prj1/9633022_Prj/project_2/project_2.srcs/sim_1/new/edgefilt_tb.vhd
Warning: TEXTIO function READ: line is empty
Time: 193540500 ns  Iteration: 1  Process: /edgefilt_tb/read_input_vector  File: E:/terme 7/FPGA/Prj1/9633022_Prj/project_2/project_2.srcs/sim_1/new/edgefilt_tb.vhd
Error: File E:\terme 7\FPGA\Prj1\B_input_vector.txt is already at the end of file, nothing to read
Time: 193541500 ns  Iteration: 1  Process: /edgefilt_tb/read_input_vector  File: E:/terme 7/FPGA/Prj1/9633022_Prj/project_2/project_2.srcs/sim_1/new/edgefilt_tb.vhd
Warning: TEXTIO function READ: line is empty
Time: 193541500 ns  Iteration: 1  Process: /edgefilt_tb/read_input_vector  File: E:/terme 7/FPGA/Prj1/9633022_Prj/project_2/project_2.srcs/sim_1/new/edgefilt_tb.vhd
Error: File E:\terme 7\FPGA\Prj1\B_input_vector.txt is already at the end of file, nothing to read
Time: 193542500 ns  Iteration: 1  Process: /edgefilt_tb/read_input_vector  File: E:/terme 7/FPGA/Prj1/9633022_Prj/project_2/project_2.srcs/sim_1/new/edgefilt_tb.vhd
Warning: TEXTIO function READ: line is empty
Time: 193542500 ns  Iteration: 1  Process: /edgefilt_tb/read_input_vector  File: E:/terme 7/FPGA/Prj1/9633022_Prj/project_2/project_2.srcs/sim_1/new/edgefilt_tb.vhd
Error: File E:\terme 7\FPGA\Prj1\B_input_vector.txt is already at the end of file, nothing to read
Time: 193543500 ns  Iteration: 1  Process: /edgefilt_tb/read_input_vector  File: E:/terme 7/FPGA/Prj1/9633022_Prj/project_2/project_2.srcs/sim_1/new/edgefilt_tb.vhd
Warning: TEXTIO function READ: line is empty
Time: 193543500 ns  Iteration: 1  Process: /edgefilt_tb/read_input_vector  File: E:/terme 7/FPGA/Prj1/9633022_Prj/project_2/project_2.srcs/sim_1/new/edgefilt_tb.vhd
Error: File E:\terme 7\FPGA\Prj1\B_input_vector.txt is already at the end of file, nothing to read
Time: 193544500 ns  Iteration: 1  Process: /edgefilt_tb/read_input_vector  File: E:/terme 7/FPGA/Prj1/9633022_Prj/project_2/project_2.srcs/sim_1/new/edgefilt_tb.vhd
Warning: TEXTIO function READ: line is empty
Time: 193544500 ns  Iteration: 1  Process: /edgefilt_tb/read_input_vector  File: E:/terme 7/FPGA/Prj1/9633022_Prj/project_2/project_2.srcs/sim_1/new/edgefilt_tb.vhd
Error: File E:\terme 7\FPGA\Prj1\B_input_vector.txt is already at the end of file, nothing to read
Time: 193545500 ns  Iteration: 1  Process: /edgefilt_tb/read_input_vector  File: E:/terme 7/FPGA/Prj1/9633022_Prj/project_2/project_2.srcs/sim_1/new/edgefilt_tb.vhd
Warning: TEXTIO function READ: line is empty
Time: 193545500 ns  Iteration: 1  Process: /edgefilt_tb/read_input_vector  File: E:/terme 7/FPGA/Prj1/9633022_Prj/project_2/project_2.srcs/sim_1/new/edgefilt_tb.vhd
Error: File E:\terme 7\FPGA\Prj1\B_input_vector.txt is already at the end of file, nothing to read
Time: 193546500 ns  Iteration: 1  Process: /edgefilt_tb/read_input_vector  File: E:/terme 7/FPGA/Prj1/9633022_Prj/project_2/project_2.srcs/sim_1/new/edgefilt_tb.vhd
Warning: TEXTIO function READ: line is empty
Time: 193546500 ns  Iteration: 1  Process: /edgefilt_tb/read_input_vector  File: E:/terme 7/FPGA/Prj1/9633022_Prj/project_2/project_2.srcs/sim_1/new/edgefilt_tb.vhd
Error: File E:\terme 7\FPGA\Prj1\B_input_vector.txt is already at the end of file, nothing to read
Time: 193547500 ns  Iteration: 1  Process: /edgefilt_tb/read_input_vector  File: E:/terme 7/FPGA/Prj1/9633022_Prj/project_2/project_2.srcs/sim_1/new/edgefilt_tb.vhd
Warning: TEXTIO function READ: line is empty
Time: 193547500 ns  Iteration: 1  Process: /edgefilt_tb/read_input_vector  File: E:/terme 7/FPGA/Prj1/9633022_Prj/project_2/project_2.srcs/sim_1/new/edgefilt_tb.vhd
Error: File E:\terme 7\FPGA\Prj1\B_input_vector.txt is already at the end of file, nothing to read
Time: 193548500 ns  Iteration: 1  Process: /edgefilt_tb/read_input_vector  File: E:/terme 7/FPGA/Prj1/9633022_Prj/project_2/project_2.srcs/sim_1/new/edgefilt_tb.vhd
Warning: TEXTIO function READ: line is empty
Time: 193548500 ns  Iteration: 1  Process: /edgefilt_tb/read_input_vector  File: E:/terme 7/FPGA/Prj1/9633022_Prj/project_2/project_2.srcs/sim_1/new/edgefilt_tb.vhd
Error: File E:\terme 7\FPGA\Prj1\B_input_vector.txt is already at the end of file, nothing to read
Time: 193549500 ns  Iteration: 1  Process: /edgefilt_tb/read_input_vector  File: E:/terme 7/FPGA/Prj1/9633022_Prj/project_2/project_2.srcs/sim_1/new/edgefilt_tb.vhd
Warning: TEXTIO function READ: line is empty
Time: 193549500 ns  Iteration: 1  Process: /edgefilt_tb/read_input_vector  File: E:/terme 7/FPGA/Prj1/9633022_Prj/project_2/project_2.srcs/sim_1/new/edgefilt_tb.vhd
Error: File E:\terme 7\FPGA\Prj1\B_input_vector.txt is already at the end of file, nothing to read
Time: 193550500 ns  Iteration: 1  Process: /edgefilt_tb/read_input_vector  File: E:/terme 7/FPGA/Prj1/9633022_Prj/project_2/project_2.srcs/sim_1/new/edgefilt_tb.vhd
Warning: TEXTIO function READ: line is empty
Time: 193550500 ns  Iteration: 1  Process: /edgefilt_tb/read_input_vector  File: E:/terme 7/FPGA/Prj1/9633022_Prj/project_2/project_2.srcs/sim_1/new/edgefilt_tb.vhd
Error: File E:\terme 7\FPGA\Prj1\B_input_vector.txt is already at the end of file, nothing to read
Time: 193551500 ns  Iteration: 1  Process: /edgefilt_tb/read_input_vector  File: E:/terme 7/FPGA/Prj1/9633022_Prj/project_2/project_2.srcs/sim_1/new/edgefilt_tb.vhd
Warning: TEXTIO function READ: line is empty
Time: 193551500 ns  Iteration: 1  Process: /edgefilt_tb/read_input_vector  File: E:/terme 7/FPGA/Prj1/9633022_Prj/project_2/project_2.srcs/sim_1/new/edgefilt_tb.vhd
Error: File E:\terme 7\FPGA\Prj1\B_input_vector.txt is already at the end of file, nothing to read
Time: 193552500 ns  Iteration: 1  Process: /edgefilt_tb/read_input_vector  File: E:/terme 7/FPGA/Prj1/9633022_Prj/project_2/project_2.srcs/sim_1/new/edgefilt_tb.vhd
Warning: TEXTIO function READ: line is empty
Time: 193552500 ns  Iteration: 1  Process: /edgefilt_tb/read_input_vector  File: E:/terme 7/FPGA/Prj1/9633022_Prj/project_2/project_2.srcs/sim_1/new/edgefilt_tb.vhd
Error: File E:\terme 7\FPGA\Prj1\B_input_vector.txt is already at the end of file, nothing to read
Time: 193553500 ns  Iteration: 1  Process: /edgefilt_tb/read_input_vector  File: E:/terme 7/FPGA/Prj1/9633022_Prj/project_2/project_2.srcs/sim_1/new/edgefilt_tb.vhd
Warning: TEXTIO function READ: line is empty
Time: 193553500 ns  Iteration: 1  Process: /edgefilt_tb/read_input_vector  File: E:/terme 7/FPGA/Prj1/9633022_Prj/project_2/project_2.srcs/sim_1/new/edgefilt_tb.vhd
Error: File E:\terme 7\FPGA\Prj1\B_input_vector.txt is already at the end of file, nothing to read
Time: 193554500 ns  Iteration: 1  Process: /edgefilt_tb/read_input_vector  File: E:/terme 7/FPGA/Prj1/9633022_Prj/project_2/project_2.srcs/sim_1/new/edgefilt_tb.vhd
Warning: TEXTIO function READ: line is empty
Time: 193554500 ns  Iteration: 1  Process: /edgefilt_tb/read_input_vector  File: E:/terme 7/FPGA/Prj1/9633022_Prj/project_2/project_2.srcs/sim_1/new/edgefilt_tb.vhd
Error: File E:\terme 7\FPGA\Prj1\B_input_vector.txt is already at the end of file, nothing to read
Time: 193555500 ns  Iteration: 1  Process: /edgefilt_tb/read_input_vector  File: E:/terme 7/FPGA/Prj1/9633022_Prj/project_2/project_2.srcs/sim_1/new/edgefilt_tb.vhd
Warning: TEXTIO function READ: line is empty
Time: 193555500 ns  Iteration: 1  Process: /edgefilt_tb/read_input_vector  File: E:/terme 7/FPGA/Prj1/9633022_Prj/project_2/project_2.srcs/sim_1/new/edgefilt_tb.vhd
Error: File E:\terme 7\FPGA\Prj1\B_input_vector.txt is already at the end of file, nothing to read
Time: 193556500 ns  Iteration: 1  Process: /edgefilt_tb/read_input_vector  File: E:/terme 7/FPGA/Prj1/9633022_Prj/project_2/project_2.srcs/sim_1/new/edgefilt_tb.vhd
Warning: TEXTIO function READ: line is empty
Time: 193556500 ns  Iteration: 1  Process: /edgefilt_tb/read_input_vector  File: E:/terme 7/FPGA/Prj1/9633022_Prj/project_2/project_2.srcs/sim_1/new/edgefilt_tb.vhd
Error: File E:\terme 7\FPGA\Prj1\B_input_vector.txt is already at the end of file, nothing to read
Time: 193557500 ns  Iteration: 1  Process: /edgefilt_tb/read_input_vector  File: E:/terme 7/FPGA/Prj1/9633022_Prj/project_2/project_2.srcs/sim_1/new/edgefilt_tb.vhd
Warning: TEXTIO function READ: line is empty
Time: 193557500 ns  Iteration: 1  Process: /edgefilt_tb/read_input_vector  File: E:/terme 7/FPGA/Prj1/9633022_Prj/project_2/project_2.srcs/sim_1/new/edgefilt_tb.vhd
Error: File E:\terme 7\FPGA\Prj1\B_input_vector.txt is already at the end of file, nothing to read
Time: 193558500 ns  Iteration: 1  Process: /edgefilt_tb/read_input_vector  File: E:/terme 7/FPGA/Prj1/9633022_Prj/project_2/project_2.srcs/sim_1/new/edgefilt_tb.vhd
Warning: TEXTIO function READ: line is empty
Time: 193558500 ns  Iteration: 1  Process: /edgefilt_tb/read_input_vector  File: E:/terme 7/FPGA/Prj1/9633022_Prj/project_2/project_2.srcs/sim_1/new/edgefilt_tb.vhd
Error: File E:\terme 7\FPGA\Prj1\B_input_vector.txt is already at the end of file, nothing to read
Time: 193559500 ns  Iteration: 1  Process: /edgefilt_tb/read_input_vector  File: E:/terme 7/FPGA/Prj1/9633022_Prj/project_2/project_2.srcs/sim_1/new/edgefilt_tb.vhd
Warning: TEXTIO function READ: line is empty
Time: 193559500 ns  Iteration: 1  Process: /edgefilt_tb/read_input_vector  File: E:/terme 7/FPGA/Prj1/9633022_Prj/project_2/project_2.srcs/sim_1/new/edgefilt_tb.vhd
Error: File E:\terme 7\FPGA\Prj1\B_input_vector.txt is already at the end of file, nothing to read
Time: 193560500 ns  Iteration: 1  Process: /edgefilt_tb/read_input_vector  File: E:/terme 7/FPGA/Prj1/9633022_Prj/project_2/project_2.srcs/sim_1/new/edgefilt_tb.vhd
Warning: TEXTIO function READ: line is empty
Time: 193560500 ns  Iteration: 1  Process: /edgefilt_tb/read_input_vector  File: E:/terme 7/FPGA/Prj1/9633022_Prj/project_2/project_2.srcs/sim_1/new/edgefilt_tb.vhd
Error: File E:\terme 7\FPGA\Prj1\B_input_vector.txt is already at the end of file, nothing to read
Time: 193561500 ns  Iteration: 1  Process: /edgefilt_tb/read_input_vector  File: E:/terme 7/FPGA/Prj1/9633022_Prj/project_2/project_2.srcs/sim_1/new/edgefilt_tb.vhd
Warning: TEXTIO function READ: line is empty
Time: 193561500 ns  Iteration: 1  Process: /edgefilt_tb/read_input_vector  File: E:/terme 7/FPGA/Prj1/9633022_Prj/project_2/project_2.srcs/sim_1/new/edgefilt_tb.vhd
Error: File E:\terme 7\FPGA\Prj1\B_input_vector.txt is already at the end of file, nothing to read
Time: 193562500 ns  Iteration: 1  Process: /edgefilt_tb/read_input_vector  File: E:/terme 7/FPGA/Prj1/9633022_Prj/project_2/project_2.srcs/sim_1/new/edgefilt_tb.vhd
Warning: TEXTIO function READ: line is empty
Time: 193562500 ns  Iteration: 1  Process: /edgefilt_tb/read_input_vector  File: E:/terme 7/FPGA/Prj1/9633022_Prj/project_2/project_2.srcs/sim_1/new/edgefilt_tb.vhd
Error: File E:\terme 7\FPGA\Prj1\B_input_vector.txt is already at the end of file, nothing to read
Time: 193563500 ns  Iteration: 1  Process: /edgefilt_tb/read_input_vector  File: E:/terme 7/FPGA/Prj1/9633022_Prj/project_2/project_2.srcs/sim_1/new/edgefilt_tb.vhd
Warning: TEXTIO function READ: line is empty
Time: 193563500 ns  Iteration: 1  Process: /edgefilt_tb/read_input_vector  File: E:/terme 7/FPGA/Prj1/9633022_Prj/project_2/project_2.srcs/sim_1/new/edgefilt_tb.vhd
Error: File E:\terme 7\FPGA\Prj1\B_input_vector.txt is already at the end of file, nothing to read
Time: 193564500 ns  Iteration: 1  Process: /edgefilt_tb/read_input_vector  File: E:/terme 7/FPGA/Prj1/9633022_Prj/project_2/project_2.srcs/sim_1/new/edgefilt_tb.vhd
Warning: TEXTIO function READ: line is empty
Time: 193564500 ns  Iteration: 1  Process: /edgefilt_tb/read_input_vector  File: E:/terme 7/FPGA/Prj1/9633022_Prj/project_2/project_2.srcs/sim_1/new/edgefilt_tb.vhd
Error: File E:\terme 7\FPGA\Prj1\B_input_vector.txt is already at the end of file, nothing to read
Time: 193565500 ns  Iteration: 1  Process: /edgefilt_tb/read_input_vector  File: E:/terme 7/FPGA/Prj1/9633022_Prj/project_2/project_2.srcs/sim_1/new/edgefilt_tb.vhd
Warning: TEXTIO function READ: line is empty
Time: 193565500 ns  Iteration: 1  Process: /edgefilt_tb/read_input_vector  File: E:/terme 7/FPGA/Prj1/9633022_Prj/project_2/project_2.srcs/sim_1/new/edgefilt_tb.vhd
Error: File E:\terme 7\FPGA\Prj1\B_input_vector.txt is already at the end of file, nothing to read
Time: 193566500 ns  Iteration: 1  Process: /edgefilt_tb/read_input_vector  File: E:/terme 7/FPGA/Prj1/9633022_Prj/project_2/project_2.srcs/sim_1/new/edgefilt_tb.vhd
Warning: TEXTIO function READ: line is empty
Time: 193566500 ns  Iteration: 1  Process: /edgefilt_tb/read_input_vector  File: E:/terme 7/FPGA/Prj1/9633022_Prj/project_2/project_2.srcs/sim_1/new/edgefilt_tb.vhd
Error: File E:\terme 7\FPGA\Prj1\B_input_vector.txt is already at the end of file, nothing to read
Time: 193567500 ns  Iteration: 1  Process: /edgefilt_tb/read_input_vector  File: E:/terme 7/FPGA/Prj1/9633022_Prj/project_2/project_2.srcs/sim_1/new/edgefilt_tb.vhd
Warning: TEXTIO function READ: line is empty
Time: 193567500 ns  Iteration: 1  Process: /edgefilt_tb/read_input_vector  File: E:/terme 7/FPGA/Prj1/9633022_Prj/project_2/project_2.srcs/sim_1/new/edgefilt_tb.vhd
Error: File E:\terme 7\FPGA\Prj1\B_input_vector.txt is already at the end of file, nothing to read
Time: 193568500 ns  Iteration: 1  Process: /edgefilt_tb/read_input_vector  File: E:/terme 7/FPGA/Prj1/9633022_Prj/project_2/project_2.srcs/sim_1/new/edgefilt_tb.vhd
Warning: TEXTIO function READ: line is empty
Time: 193568500 ns  Iteration: 1  Process: /edgefilt_tb/read_input_vector  File: E:/terme 7/FPGA/Prj1/9633022_Prj/project_2/project_2.srcs/sim_1/new/edgefilt_tb.vhd
Error: File E:\terme 7\FPGA\Prj1\B_input_vector.txt is already at the end of file, nothing to read
Time: 193569500 ns  Iteration: 1  Process: /edgefilt_tb/read_input_vector  File: E:/terme 7/FPGA/Prj1/9633022_Prj/project_2/project_2.srcs/sim_1/new/edgefilt_tb.vhd
Warning: TEXTIO function READ: line is empty
Time: 193569500 ns  Iteration: 1  Process: /edgefilt_tb/read_input_vector  File: E:/terme 7/FPGA/Prj1/9633022_Prj/project_2/project_2.srcs/sim_1/new/edgefilt_tb.vhd
Error: File E:\terme 7\FPGA\Prj1\B_input_vector.txt is already at the end of file, nothing to read
Time: 193570500 ns  Iteration: 1  Process: /edgefilt_tb/read_input_vector  File: E:/terme 7/FPGA/Prj1/9633022_Prj/project_2/project_2.srcs/sim_1/new/edgefilt_tb.vhd
Warning: TEXTIO function READ: line is empty
Time: 193570500 ns  Iteration: 1  Process: /edgefilt_tb/read_input_vector  File: E:/terme 7/FPGA/Prj1/9633022_Prj/project_2/project_2.srcs/sim_1/new/edgefilt_tb.vhd
Error: File E:\terme 7\FPGA\Prj1\B_input_vector.txt is already at the end of file, nothing to read
Time: 193571500 ns  Iteration: 1  Process: /edgefilt_tb/read_input_vector  File: E:/terme 7/FPGA/Prj1/9633022_Prj/project_2/project_2.srcs/sim_1/new/edgefilt_tb.vhd
Warning: TEXTIO function READ: line is empty
Time: 193571500 ns  Iteration: 1  Process: /edgefilt_tb/read_input_vector  File: E:/terme 7/FPGA/Prj1/9633022_Prj/project_2/project_2.srcs/sim_1/new/edgefilt_tb.vhd
Error: File E:\terme 7\FPGA\Prj1\B_input_vector.txt is already at the end of file, nothing to read
Time: 193572500 ns  Iteration: 1  Process: /edgefilt_tb/read_input_vector  File: E:/terme 7/FPGA/Prj1/9633022_Prj/project_2/project_2.srcs/sim_1/new/edgefilt_tb.vhd
Warning: TEXTIO function READ: line is empty
Time: 193572500 ns  Iteration: 1  Process: /edgefilt_tb/read_input_vector  File: E:/terme 7/FPGA/Prj1/9633022_Prj/project_2/project_2.srcs/sim_1/new/edgefilt_tb.vhd
Error: File E:\terme 7\FPGA\Prj1\B_input_vector.txt is already at the end of file, nothing to read
Time: 193573500 ns  Iteration: 1  Process: /edgefilt_tb/read_input_vector  File: E:/terme 7/FPGA/Prj1/9633022_Prj/project_2/project_2.srcs/sim_1/new/edgefilt_tb.vhd
Warning: TEXTIO function READ: line is empty
Time: 193573500 ns  Iteration: 1  Process: /edgefilt_tb/read_input_vector  File: E:/terme 7/FPGA/Prj1/9633022_Prj/project_2/project_2.srcs/sim_1/new/edgefilt_tb.vhd
Error: File E:\terme 7\FPGA\Prj1\B_input_vector.txt is already at the end of file, nothing to read
Time: 193574500 ns  Iteration: 1  Process: /edgefilt_tb/read_input_vector  File: E:/terme 7/FPGA/Prj1/9633022_Prj/project_2/project_2.srcs/sim_1/new/edgefilt_tb.vhd
Warning: TEXTIO function READ: line is empty
Time: 193574500 ns  Iteration: 1  Process: /edgefilt_tb/read_input_vector  File: E:/terme 7/FPGA/Prj1/9633022_Prj/project_2/project_2.srcs/sim_1/new/edgefilt_tb.vhd
Error: File E:\terme 7\FPGA\Prj1\B_input_vector.txt is already at the end of file, nothing to read
Time: 193575500 ns  Iteration: 1  Process: /edgefilt_tb/read_input_vector  File: E:/terme 7/FPGA/Prj1/9633022_Prj/project_2/project_2.srcs/sim_1/new/edgefilt_tb.vhd
Warning: TEXTIO function READ: line is empty
Time: 193575500 ns  Iteration: 1  Process: /edgefilt_tb/read_input_vector  File: E:/terme 7/FPGA/Prj1/9633022_Prj/project_2/project_2.srcs/sim_1/new/edgefilt_tb.vhd
Error: File E:\terme 7\FPGA\Prj1\B_input_vector.txt is already at the end of file, nothing to read
Time: 193576500 ns  Iteration: 1  Process: /edgefilt_tb/read_input_vector  File: E:/terme 7/FPGA/Prj1/9633022_Prj/project_2/project_2.srcs/sim_1/new/edgefilt_tb.vhd
Warning: TEXTIO function READ: line is empty
Time: 193576500 ns  Iteration: 1  Process: /edgefilt_tb/read_input_vector  File: E:/terme 7/FPGA/Prj1/9633022_Prj/project_2/project_2.srcs/sim_1/new/edgefilt_tb.vhd
Error: File E:\terme 7\FPGA\Prj1\B_input_vector.txt is already at the end of file, nothing to read
Time: 193577500 ns  Iteration: 1  Process: /edgefilt_tb/read_input_vector  File: E:/terme 7/FPGA/Prj1/9633022_Prj/project_2/project_2.srcs/sim_1/new/edgefilt_tb.vhd
Warning: TEXTIO function READ: line is empty
Time: 193577500 ns  Iteration: 1  Process: /edgefilt_tb/read_input_vector  File: E:/terme 7/FPGA/Prj1/9633022_Prj/project_2/project_2.srcs/sim_1/new/edgefilt_tb.vhd
Error: File E:\terme 7\FPGA\Prj1\B_input_vector.txt is already at the end of file, nothing to read
Time: 193578500 ns  Iteration: 1  Process: /edgefilt_tb/read_input_vector  File: E:/terme 7/FPGA/Prj1/9633022_Prj/project_2/project_2.srcs/sim_1/new/edgefilt_tb.vhd
Warning: TEXTIO function READ: line is empty
Time: 193578500 ns  Iteration: 1  Process: /edgefilt_tb/read_input_vector  File: E:/terme 7/FPGA/Prj1/9633022_Prj/project_2/project_2.srcs/sim_1/new/edgefilt_tb.vhd
Error: File E:\terme 7\FPGA\Prj1\B_input_vector.txt is already at the end of file, nothing to read
Time: 193579500 ns  Iteration: 1  Process: /edgefilt_tb/read_input_vector  File: E:/terme 7/FPGA/Prj1/9633022_Prj/project_2/project_2.srcs/sim_1/new/edgefilt_tb.vhd
Warning: TEXTIO function READ: line is empty
Time: 193579500 ns  Iteration: 1  Process: /edgefilt_tb/read_input_vector  File: E:/terme 7/FPGA/Prj1/9633022_Prj/project_2/project_2.srcs/sim_1/new/edgefilt_tb.vhd
Error: File E:\terme 7\FPGA\Prj1\B_input_vector.txt is already at the end of file, nothing to read
Time: 193580500 ns  Iteration: 1  Process: /edgefilt_tb/read_input_vector  File: E:/terme 7/FPGA/Prj1/9633022_Prj/project_2/project_2.srcs/sim_1/new/edgefilt_tb.vhd
Warning: TEXTIO function READ: line is empty
Time: 193580500 ns  Iteration: 1  Process: /edgefilt_tb/read_input_vector  File: E:/terme 7/FPGA/Prj1/9633022_Prj/project_2/project_2.srcs/sim_1/new/edgefilt_tb.vhd
Error: File E:\terme 7\FPGA\Prj1\B_input_vector.txt is already at the end of file, nothing to read
Time: 193581500 ns  Iteration: 1  Process: /edgefilt_tb/read_input_vector  File: E:/terme 7/FPGA/Prj1/9633022_Prj/project_2/project_2.srcs/sim_1/new/edgefilt_tb.vhd
Warning: TEXTIO function READ: line is empty
Time: 193581500 ns  Iteration: 1  Process: /edgefilt_tb/read_input_vector  File: E:/terme 7/FPGA/Prj1/9633022_Prj/project_2/project_2.srcs/sim_1/new/edgefilt_tb.vhd
Error: File E:\terme 7\FPGA\Prj1\B_input_vector.txt is already at the end of file, nothing to read
Time: 193582500 ns  Iteration: 1  Process: /edgefilt_tb/read_input_vector  File: E:/terme 7/FPGA/Prj1/9633022_Prj/project_2/project_2.srcs/sim_1/new/edgefilt_tb.vhd
Warning: TEXTIO function READ: line is empty
Time: 193582500 ns  Iteration: 1  Process: /edgefilt_tb/read_input_vector  File: E:/terme 7/FPGA/Prj1/9633022_Prj/project_2/project_2.srcs/sim_1/new/edgefilt_tb.vhd
Error: File E:\terme 7\FPGA\Prj1\B_input_vector.txt is already at the end of file, nothing to read
Time: 193583500 ns  Iteration: 1  Process: /edgefilt_tb/read_input_vector  File: E:/terme 7/FPGA/Prj1/9633022_Prj/project_2/project_2.srcs/sim_1/new/edgefilt_tb.vhd
Warning: TEXTIO function READ: line is empty
Time: 193583500 ns  Iteration: 1  Process: /edgefilt_tb/read_input_vector  File: E:/terme 7/FPGA/Prj1/9633022_Prj/project_2/project_2.srcs/sim_1/new/edgefilt_tb.vhd
Error: File E:\terme 7\FPGA\Prj1\B_input_vector.txt is already at the end of file, nothing to read
Time: 193584500 ns  Iteration: 1  Process: /edgefilt_tb/read_input_vector  File: E:/terme 7/FPGA/Prj1/9633022_Prj/project_2/project_2.srcs/sim_1/new/edgefilt_tb.vhd
Warning: TEXTIO function READ: line is empty
Time: 193584500 ns  Iteration: 1  Process: /edgefilt_tb/read_input_vector  File: E:/terme 7/FPGA/Prj1/9633022_Prj/project_2/project_2.srcs/sim_1/new/edgefilt_tb.vhd
Error: File E:\terme 7\FPGA\Prj1\B_input_vector.txt is already at the end of file, nothing to read
Time: 193585500 ns  Iteration: 1  Process: /edgefilt_tb/read_input_vector  File: E:/terme 7/FPGA/Prj1/9633022_Prj/project_2/project_2.srcs/sim_1/new/edgefilt_tb.vhd
Warning: TEXTIO function READ: line is empty
Time: 193585500 ns  Iteration: 1  Process: /edgefilt_tb/read_input_vector  File: E:/terme 7/FPGA/Prj1/9633022_Prj/project_2/project_2.srcs/sim_1/new/edgefilt_tb.vhd
Error: File E:\terme 7\FPGA\Prj1\B_input_vector.txt is already at the end of file, nothing to read
Time: 193586500 ns  Iteration: 1  Process: /edgefilt_tb/read_input_vector  File: E:/terme 7/FPGA/Prj1/9633022_Prj/project_2/project_2.srcs/sim_1/new/edgefilt_tb.vhd
Warning: TEXTIO function READ: line is empty
Time: 193586500 ns  Iteration: 1  Process: /edgefilt_tb/read_input_vector  File: E:/terme 7/FPGA/Prj1/9633022_Prj/project_2/project_2.srcs/sim_1/new/edgefilt_tb.vhd
Error: File E:\terme 7\FPGA\Prj1\B_input_vector.txt is already at the end of file, nothing to read
Time: 193587500 ns  Iteration: 1  Process: /edgefilt_tb/read_input_vector  File: E:/terme 7/FPGA/Prj1/9633022_Prj/project_2/project_2.srcs/sim_1/new/edgefilt_tb.vhd
Warning: TEXTIO function READ: line is empty
Time: 193587500 ns  Iteration: 1  Process: /edgefilt_tb/read_input_vector  File: E:/terme 7/FPGA/Prj1/9633022_Prj/project_2/project_2.srcs/sim_1/new/edgefilt_tb.vhd
Error: File E:\terme 7\FPGA\Prj1\B_input_vector.txt is already at the end of file, nothing to read
Time: 193588500 ns  Iteration: 1  Process: /edgefilt_tb/read_input_vector  File: E:/terme 7/FPGA/Prj1/9633022_Prj/project_2/project_2.srcs/sim_1/new/edgefilt_tb.vhd
Warning: TEXTIO function READ: line is empty
Time: 193588500 ns  Iteration: 1  Process: /edgefilt_tb/read_input_vector  File: E:/terme 7/FPGA/Prj1/9633022_Prj/project_2/project_2.srcs/sim_1/new/edgefilt_tb.vhd
Error: File E:\terme 7\FPGA\Prj1\B_input_vector.txt is already at the end of file, nothing to read
Time: 193589500 ns  Iteration: 1  Process: /edgefilt_tb/read_input_vector  File: E:/terme 7/FPGA/Prj1/9633022_Prj/project_2/project_2.srcs/sim_1/new/edgefilt_tb.vhd
Warning: TEXTIO function READ: line is empty
Time: 193589500 ns  Iteration: 1  Process: /edgefilt_tb/read_input_vector  File: E:/terme 7/FPGA/Prj1/9633022_Prj/project_2/project_2.srcs/sim_1/new/edgefilt_tb.vhd
Error: File E:\terme 7\FPGA\Prj1\B_input_vector.txt is already at the end of file, nothing to read
Time: 193590500 ns  Iteration: 1  Process: /edgefilt_tb/read_input_vector  File: E:/terme 7/FPGA/Prj1/9633022_Prj/project_2/project_2.srcs/sim_1/new/edgefilt_tb.vhd
Warning: TEXTIO function READ: line is empty
Time: 193590500 ns  Iteration: 1  Process: /edgefilt_tb/read_input_vector  File: E:/terme 7/FPGA/Prj1/9633022_Prj/project_2/project_2.srcs/sim_1/new/edgefilt_tb.vhd
Error: File E:\terme 7\FPGA\Prj1\B_input_vector.txt is already at the end of file, nothing to read
Time: 193591500 ns  Iteration: 1  Process: /edgefilt_tb/read_input_vector  File: E:/terme 7/FPGA/Prj1/9633022_Prj/project_2/project_2.srcs/sim_1/new/edgefilt_tb.vhd
Warning: TEXTIO function READ: line is empty
Time: 193591500 ns  Iteration: 1  Process: /edgefilt_tb/read_input_vector  File: E:/terme 7/FPGA/Prj1/9633022_Prj/project_2/project_2.srcs/sim_1/new/edgefilt_tb.vhd
Error: File E:\terme 7\FPGA\Prj1\B_input_vector.txt is already at the end of file, nothing to read
Time: 193592500 ns  Iteration: 1  Process: /edgefilt_tb/read_input_vector  File: E:/terme 7/FPGA/Prj1/9633022_Prj/project_2/project_2.srcs/sim_1/new/edgefilt_tb.vhd
Warning: TEXTIO function READ: line is empty
Time: 193592500 ns  Iteration: 1  Process: /edgefilt_tb/read_input_vector  File: E:/terme 7/FPGA/Prj1/9633022_Prj/project_2/project_2.srcs/sim_1/new/edgefilt_tb.vhd
Error: File E:\terme 7\FPGA\Prj1\B_input_vector.txt is already at the end of file, nothing to read
Time: 193593500 ns  Iteration: 1  Process: /edgefilt_tb/read_input_vector  File: E:/terme 7/FPGA/Prj1/9633022_Prj/project_2/project_2.srcs/sim_1/new/edgefilt_tb.vhd
Warning: TEXTIO function READ: line is empty
Time: 193593500 ns  Iteration: 1  Process: /edgefilt_tb/read_input_vector  File: E:/terme 7/FPGA/Prj1/9633022_Prj/project_2/project_2.srcs/sim_1/new/edgefilt_tb.vhd
Error: File E:\terme 7\FPGA\Prj1\B_input_vector.txt is already at the end of file, nothing to read
Time: 193594500 ns  Iteration: 1  Process: /edgefilt_tb/read_input_vector  File: E:/terme 7/FPGA/Prj1/9633022_Prj/project_2/project_2.srcs/sim_1/new/edgefilt_tb.vhd
Warning: TEXTIO function READ: line is empty
Time: 193594500 ns  Iteration: 1  Process: /edgefilt_tb/read_input_vector  File: E:/terme 7/FPGA/Prj1/9633022_Prj/project_2/project_2.srcs/sim_1/new/edgefilt_tb.vhd
Error: File E:\terme 7\FPGA\Prj1\B_input_vector.txt is already at the end of file, nothing to read
Time: 193595500 ns  Iteration: 1  Process: /edgefilt_tb/read_input_vector  File: E:/terme 7/FPGA/Prj1/9633022_Prj/project_2/project_2.srcs/sim_1/new/edgefilt_tb.vhd
Warning: TEXTIO function READ: line is empty
Time: 193595500 ns  Iteration: 1  Process: /edgefilt_tb/read_input_vector  File: E:/terme 7/FPGA/Prj1/9633022_Prj/project_2/project_2.srcs/sim_1/new/edgefilt_tb.vhd
Error: File E:\terme 7\FPGA\Prj1\B_input_vector.txt is already at the end of file, nothing to read
Time: 193596500 ns  Iteration: 1  Process: /edgefilt_tb/read_input_vector  File: E:/terme 7/FPGA/Prj1/9633022_Prj/project_2/project_2.srcs/sim_1/new/edgefilt_tb.vhd
Warning: TEXTIO function READ: line is empty
Time: 193596500 ns  Iteration: 1  Process: /edgefilt_tb/read_input_vector  File: E:/terme 7/FPGA/Prj1/9633022_Prj/project_2/project_2.srcs/sim_1/new/edgefilt_tb.vhd
Error: File E:\terme 7\FPGA\Prj1\B_input_vector.txt is already at the end of file, nothing to read
Time: 193597500 ns  Iteration: 1  Process: /edgefilt_tb/read_input_vector  File: E:/terme 7/FPGA/Prj1/9633022_Prj/project_2/project_2.srcs/sim_1/new/edgefilt_tb.vhd
Warning: TEXTIO function READ: line is empty
Time: 193597500 ns  Iteration: 1  Process: /edgefilt_tb/read_input_vector  File: E:/terme 7/FPGA/Prj1/9633022_Prj/project_2/project_2.srcs/sim_1/new/edgefilt_tb.vhd
Error: File E:\terme 7\FPGA\Prj1\B_input_vector.txt is already at the end of file, nothing to read
Time: 193598500 ns  Iteration: 1  Process: /edgefilt_tb/read_input_vector  File: E:/terme 7/FPGA/Prj1/9633022_Prj/project_2/project_2.srcs/sim_1/new/edgefilt_tb.vhd
Warning: TEXTIO function READ: line is empty
Time: 193598500 ns  Iteration: 1  Process: /edgefilt_tb/read_input_vector  File: E:/terme 7/FPGA/Prj1/9633022_Prj/project_2/project_2.srcs/sim_1/new/edgefilt_tb.vhd
Error: File E:\terme 7\FPGA\Prj1\B_input_vector.txt is already at the end of file, nothing to read
Time: 193599500 ns  Iteration: 1  Process: /edgefilt_tb/read_input_vector  File: E:/terme 7/FPGA/Prj1/9633022_Prj/project_2/project_2.srcs/sim_1/new/edgefilt_tb.vhd
Warning: TEXTIO function READ: line is empty
Time: 193599500 ns  Iteration: 1  Process: /edgefilt_tb/read_input_vector  File: E:/terme 7/FPGA/Prj1/9633022_Prj/project_2/project_2.srcs/sim_1/new/edgefilt_tb.vhd
Failure: simulation completed
Time: 193600500 ns  Iteration: 3  Process: /edgefilt_tb/line__74  File: E:/terme 7/FPGA/Prj1/9633022_Prj/project_2/project_2.srcs/sim_1/new/edgefilt_tb.vhd
$finish called at time : 193600500 ns : File "E:/terme 7/FPGA/Prj1/9633022_Prj/project_2/project_2.srcs/sim_1/new/edgefilt_tb.vhd" Line 94
