[0406/000126:WARNING:dns_config_service_win.cc(665)] Failed to read DnsConfig.
[0406/000131:WARNING:dns_config_service_win.cc(665)] Failed to read DnsConfig.
[0406/000136:WARNING:dns_config_service_win.cc(665)] Failed to read DnsConfig.
[0406/000141:WARNING:dns_config_service_win.cc(665)] Failed to read DnsConfig.
[0406/000146:WARNING:dns_config_service_win.cc(665)] Failed to read DnsConfig.
[0406/000151:WARNING:dns_config_service_win.cc(665)] Failed to read DnsConfig.
[0406/000156:WARNING:dns_config_service_win.cc(665)] Failed to read DnsConfig.
[0406/000201:WARNING:dns_config_service_win.cc(665)] Failed to read DnsConfig.
[0406/000206:WARNING:dns_config_service_win.cc(665)] Failed to read DnsConfig.
[0406/000211:WARNING:dns_config_service_win.cc(665)] Failed to read DnsConfig.
[0406/000216:WARNING:dns_config_service_win.cc(665)] Failed to read DnsConfig.
[0406/000221:WARNING:dns_config_service_win.cc(665)] Failed to read DnsConfig.
[0406/000226:WARNING:dns_config_service_win.cc(665)] Failed to read DnsConfig.
[0406/000231:WARNING:dns_config_service_win.cc(665)] Failed to read DnsConfig.
[0406/000236:WARNING:dns_config_service_win.cc(665)] Failed to read DnsConfig.
[0406/000241:WARNING:dns_config_service_win.cc(665)] Failed to read DnsConfig.
[0406/000246:WARNING:dns_config_service_win.cc(665)] Failed to read DnsConfig.
[0406/000251:WARNING:dns_config_service_win.cc(665)] Failed to read DnsConfig.
[0406/000256:WARNING:dns_config_service_win.cc(665)] Failed to read DnsConfig.
[0406/000301:WARNING:dns_config_service_win.cc(665)] Failed to read DnsConfig.
[0406/000306:WARNING:dns_config_service_win.cc(665)] Failed to read DnsConfig.
[0406/000311:WARNING:dns_config_service_win.cc(665)] Failed to read DnsConfig.
[0406/000316:WARNING:dns_config_service_win.cc(665)] Failed to read DnsConfig.
[0406/000321:WARNING:dns_config_service_win.cc(665)] Failed to read DnsConfig.
[0406/000326:WARNING:dns_config_service_win.cc(665)] Failed to read DnsConfig.
[0406/000331:WARNING:dns_config_service_win.cc(665)] Failed to read DnsConfig.
[0406/000336:WARNING:dns_config_service_win.cc(665)] Failed to read DnsConfig.
[0406/000341:WARNING:dns_config_service_win.cc(665)] Failed to read DnsConfig.
[0406/000346:WARNING:dns_config_service_win.cc(665)] Failed to read DnsConfig.
[0406/000351:WARNING:dns_config_service_win.cc(665)] Failed to read DnsConfig.
[0406/000356:WARNING:dns_config_service_win.cc(665)] Failed to read DnsConfig.
[0406/000401:WARNING:dns_config_service_win.cc(665)] Failed to read DnsConfig.
[0406/000406:WARNING:dns_config_service_win.cc(665)] Failed to read DnsConfig.
[0406/000411:WARNING:dns_config_service_win.cc(665)] Failed to read DnsConfig.
[0406/000416:WARNING:dns_config_service_win.cc(665)] Failed to read DnsConfig.
[0406/000421:WARNING:dns_config_service_win.cc(665)] Failed to read DnsConfig.
[0406/000426:WARNING:dns_config_service_win.cc(665)] Failed to read DnsConfig.
[0406/000431:WARNING:dns_config_service_win.cc(665)] Failed to read DnsConfig.
[0406/000436:WARNING:dns_config_service_win.cc(665)] Failed to read DnsConfig.
[0406/000441:WARNING:dns_config_service_win.cc(665)] Failed to read DnsConfig.
[0406/000446:WARNING:dns_config_service_win.cc(665)] Failed to read DnsConfig.
[0406/000451:WARNING:dns_config_service_win.cc(665)] Failed to read DnsConfig.
[0406/000456:WARNING:dns_config_service_win.cc(665)] Failed to read DnsConfig.
[0406/000501:WARNING:dns_config_service_win.cc(665)] Failed to read DnsConfig.
[0406/000506:WARNING:dns_config_service_win.cc(665)] Failed to read DnsConfig.
[0406/000511:WARNING:dns_config_service_win.cc(665)] Failed to read DnsConfig.
[0406/000516:WARNING:dns_config_service_win.cc(665)] Failed to read DnsConfig.
[0406/000521:WARNING:dns_config_service_win.cc(665)] Failed to read DnsConfig.
[0406/000526:WARNING:dns_config_service_win.cc(665)] Failed to read DnsConfig.
[0406/000531:WARNING:dns_config_service_win.cc(665)] Failed to read DnsConfig.
[0406/000536:WARNING:dns_config_service_win.cc(665)] Failed to read DnsConfig.
[0406/000541:WARNING:dns_config_service_win.cc(665)] Failed to read DnsConfig.
[0406/000546:WARNING:dns_config_service_win.cc(665)] Failed to read DnsConfig.
[0406/000551:WARNING:dns_config_service_win.cc(665)] Failed to read DnsConfig.
[0406/000556:WARNING:dns_config_service_win.cc(665)] Failed to read DnsConfig.
[0406/000601:WARNING:dns_config_service_win.cc(665)] Failed to read DnsConfig.
[0406/000606:WARNING:dns_config_service_win.cc(665)] Failed to read DnsConfig.
[0406/000611:WARNING:dns_config_service_win.cc(665)] Failed to read DnsConfig.
[0406/000616:WARNING:dns_config_service_win.cc(665)] Failed to read DnsConfig.
[0406/000621:WARNING:dns_config_service_win.cc(665)] Failed to read DnsConfig.
[0406/000626:WARNING:dns_config_service_win.cc(665)] Failed to read DnsConfig.
[0406/000631:WARNING:dns_config_service_win.cc(665)] Failed to read DnsConfig.
[0406/000636:WARNING:dns_config_service_win.cc(665)] Failed to read DnsConfig.
[0406/000641:WARNING:dns_config_service_win.cc(665)] Failed to read DnsConfig.
[0406/000646:WARNING:dns_config_service_win.cc(665)] Failed to read DnsConfig.
[0406/000651:WARNING:dns_config_service_win.cc(665)] Failed to read DnsConfig.
[0406/000656:WARNING:dns_config_service_win.cc(665)] Failed to read DnsConfig.
[0406/000701:WARNING:dns_config_service_win.cc(665)] Failed to read DnsConfig.
[0406/000706:WARNING:dns_config_service_win.cc(665)] Failed to read DnsConfig.
[0406/000711:WARNING:dns_config_service_win.cc(665)] Failed to read DnsConfig.
[0406/000716:WARNING:dns_config_service_win.cc(665)] Failed to read DnsConfig.
[0406/000721:WARNING:dns_config_service_win.cc(665)] Failed to read DnsConfig.
[0406/000726:WARNING:dns_config_service_win.cc(665)] Failed to read DnsConfig.
[0406/000731:WARNING:dns_config_service_win.cc(665)] Failed to read DnsConfig.
[0406/000736:WARNING:dns_config_service_win.cc(665)] Failed to read DnsConfig.
[0406/000742:WARNING:dns_config_service_win.cc(665)] Failed to read DnsConfig.
[0406/000747:WARNING:dns_config_service_win.cc(665)] Failed to read DnsConfig.
[0406/000752:WARNING:dns_config_service_win.cc(665)] Failed to read DnsConfig.
[0406/000757:WARNING:dns_config_service_win.cc(665)] Failed to read DnsConfig.
[0406/000802:WARNING:dns_config_service_win.cc(665)] Failed to read DnsConfig.
[0406/000807:WARNING:dns_config_service_win.cc(665)] Failed to read DnsConfig.
[0406/000812:WARNING:dns_config_service_win.cc(665)] Failed to read DnsConfig.
[0406/000817:WARNING:dns_config_service_win.cc(665)] Failed to read DnsConfig.
[0406/000822:WARNING:dns_config_service_win.cc(665)] Failed to read DnsConfig.
[0406/000827:WARNING:dns_config_service_win.cc(665)] Failed to read DnsConfig.
[0406/000832:WARNING:dns_config_service_win.cc(665)] Failed to read DnsConfig.
[0406/000837:WARNING:dns_config_service_win.cc(665)] Failed to read DnsConfig.
[0406/000842:WARNING:dns_config_service_win.cc(665)] Failed to read DnsConfig.
[0406/000847:WARNING:dns_config_service_win.cc(665)] Failed to read DnsConfig.
[0406/000852:WARNING:dns_config_service_win.cc(665)] Failed to read DnsConfig.
[0406/000857:WARNING:dns_config_service_win.cc(665)] Failed to read DnsConfig.
[0406/000902:WARNING:dns_config_service_win.cc(665)] Failed to read DnsConfig.
[0406/000907:WARNING:dns_config_service_win.cc(665)] Failed to read DnsConfig.
[0406/000912:WARNING:dns_config_service_win.cc(665)] Failed to read DnsConfig.
[0406/000917:WARNING:dns_config_service_win.cc(665)] Failed to read DnsConfig.
[0406/000922:WARNING:dns_config_service_win.cc(665)] Failed to read DnsConfig.
[0406/000927:WARNING:dns_config_service_win.cc(665)] Failed to read DnsConfig.
[0406/000932:WARNING:dns_config_service_win.cc(665)] Failed to read DnsConfig.
[0406/000937:WARNING:dns_config_service_win.cc(665)] Failed to read DnsConfig.
[0406/000942:WARNING:dns_config_service_win.cc(665)] Failed to read DnsConfig.
[0406/000947:WARNING:dns_config_service_win.cc(665)] Failed to read DnsConfig.
[0406/000952:WARNING:dns_config_service_win.cc(665)] Failed to read DnsConfig.
[0406/000957:WARNING:dns_config_service_win.cc(665)] Failed to read DnsConfig.
[0406/001002:WARNING:dns_config_service_win.cc(665)] Failed to read DnsConfig.
[0406/001007:WARNING:dns_config_service_win.cc(665)] Failed to read DnsConfig.
[0406/001012:WARNING:dns_config_service_win.cc(665)] Failed to read DnsConfig.
[0406/001017:WARNING:dns_config_service_win.cc(665)] Failed to read DnsConfig.
[0406/001022:WARNING:dns_config_service_win.cc(665)] Failed to read DnsConfig.
[0406/001027:WARNING:dns_config_service_win.cc(665)] Failed to read DnsConfig.
[0406/001032:WARNING:dns_config_service_win.cc(665)] Failed to read DnsConfig.
[0406/001037:WARNING:dns_config_service_win.cc(665)] Failed to read DnsConfig.
[0406/001042:WARNING:dns_config_service_win.cc(665)] Failed to read DnsConfig.
[0406/001047:WARNING:dns_config_service_win.cc(665)] Failed to read DnsConfig.
[0406/001052:WARNING:dns_config_service_win.cc(665)] Failed to read DnsConfig.
[0406/001057:WARNING:dns_config_service_win.cc(665)] Failed to read DnsConfig.
[0406/001102:WARNING:dns_config_service_win.cc(665)] Failed to read DnsConfig.
[0406/001107:WARNING:dns_config_service_win.cc(665)] Failed to read DnsConfig.
[0406/001112:WARNING:dns_config_service_win.cc(665)] Failed to read DnsConfig.
[0406/001117:WARNING:dns_config_service_win.cc(665)] Failed to read DnsConfig.
[0406/001122:WARNING:dns_config_service_win.cc(665)] Failed to read DnsConfig.
[0406/001127:WARNING:dns_config_service_win.cc(665)] Failed to read DnsConfig.
[0406/001132:WARNING:dns_config_service_win.cc(665)] Failed to read DnsConfig.
[0406/001137:WARNING:dns_config_service_win.cc(665)] Failed to read DnsConfig.
[0406/001142:WARNING:dns_config_service_win.cc(665)] Failed to read DnsConfig.
[0406/001147:WARNING:dns_config_service_win.cc(665)] Failed to read DnsConfig.
[0406/001152:WARNING:dns_config_service_win.cc(665)] Failed to read DnsConfig.
[0406/001157:WARNING:dns_config_service_win.cc(665)] Failed to read DnsConfig.
[0406/001202:WARNING:dns_config_service_win.cc(665)] Failed to read DnsConfig.
[0406/001207:WARNING:dns_config_service_win.cc(665)] Failed to read DnsConfig.
[0406/001212:WARNING:dns_config_service_win.cc(665)] Failed to read DnsConfig.
[0406/001215:WARNING:dns_config_service_win.cc(665)] Failed to read DnsConfig.
[0406/001215:ERROR:tcp_socket_win.cc(335)] bind() returned an error: Only one usage of each socket address (protocol/network address/port) is normally permitted. (0x2740)
[0406/001215:ERROR:devtools_http_handler.cc(229)] Cannot start http server for devtools. Stop devtools.
[0406/001217:WARNING:dns_config_service_win.cc(665)] Failed to read DnsConfig.
[0406/001220:WARNING:dns_config_service_win.cc(665)] Failed to read DnsConfig.
[0406/001222:WARNING:dns_config_service_win.cc(665)] Failed to read DnsConfig.
[0406/001225:WARNING:dns_config_service_win.cc(665)] Failed to read DnsConfig.
[0406/001227:WARNING:dns_config_service_win.cc(665)] Failed to read DnsConfig.
[0406/001230:WARNING:dns_config_service_win.cc(665)] Failed to read DnsConfig.
[0406/001232:WARNING:dns_config_service_win.cc(665)] Failed to read DnsConfig.
[0406/001235:WARNING:dns_config_service_win.cc(665)] Failed to read DnsConfig.
[0406/001237:WARNING:dns_config_service_win.cc(665)] Failed to read DnsConfig.
[0406/001240:WARNING:dns_config_service_win.cc(665)] Failed to read DnsConfig.
[0406/001242:WARNING:dns_config_service_win.cc(665)] Failed to read DnsConfig.
[0406/001245:WARNING:dns_config_service_win.cc(665)] Failed to read DnsConfig.
[0406/001247:WARNING:dns_config_service_win.cc(665)] Failed to read DnsConfig.
[0406/001250:WARNING:dns_config_service_win.cc(665)] Failed to read DnsConfig.
[0406/001252:WARNING:dns_config_service_win.cc(665)] Failed to read DnsConfig.
[0406/001255:WARNING:dns_config_service_win.cc(665)] Failed to read DnsConfig.
[0406/001257:WARNING:dns_config_service_win.cc(665)] Failed to read DnsConfig.
[0406/001300:WARNING:dns_config_service_win.cc(665)] Failed to read DnsConfig.
[0406/001302:WARNING:dns_config_service_win.cc(665)] Failed to read DnsConfig.
[0406/001305:WARNING:dns_config_service_win.cc(665)] Failed to read DnsConfig.
[0406/001307:WARNING:dns_config_service_win.cc(665)] Failed to read DnsConfig.
[0406/001310:WARNING:dns_config_service_win.cc(665)] Failed to read DnsConfig.
[0406/001312:WARNING:dns_config_service_win.cc(665)] Failed to read DnsConfig.
[0406/001315:WARNING:dns_config_service_win.cc(665)] Failed to read DnsConfig.
[0406/001317:WARNING:dns_config_service_win.cc(665)] Failed to read DnsConfig.
[0406/001320:WARNING:dns_config_service_win.cc(665)] Failed to read DnsConfig.
[0406/001322:WARNING:dns_config_service_win.cc(665)] Failed to read DnsConfig.
[0406/001325:WARNING:dns_config_service_win.cc(665)] Failed to read DnsConfig.
[0406/001327:WARNING:dns_config_service_win.cc(665)] Failed to read DnsConfig.
[0406/001330:WARNING:dns_config_service_win.cc(665)] Failed to read DnsConfig.
[0406/001332:WARNING:dns_config_service_win.cc(665)] Failed to read DnsConfig.
[0406/001335:WARNING:dns_config_service_win.cc(665)] Failed to read DnsConfig.
[0406/001337:WARNING:dns_config_service_win.cc(665)] Failed to read DnsConfig.
[0406/001340:WARNING:dns_config_service_win.cc(665)] Failed to read DnsConfig.
[0406/001342:WARNING:dns_config_service_win.cc(665)] Failed to read DnsConfig.
[0406/001345:WARNING:dns_config_service_win.cc(665)] Failed to read DnsConfig.
[0406/001347:WARNING:dns_config_service_win.cc(665)] Failed to read DnsConfig.
[0406/001350:WARNING:dns_config_service_win.cc(665)] Failed to read DnsConfig.
[0406/001352:WARNING:dns_config_service_win.cc(665)] Failed to read DnsConfig.
[0406/001355:WARNING:dns_config_service_win.cc(665)] Failed to read DnsConfig.
[0406/001357:WARNING:dns_config_service_win.cc(665)] Failed to read DnsConfig.
[0406/001400:WARNING:dns_config_service_win.cc(665)] Failed to read DnsConfig.
[0406/001402:WARNING:dns_config_service_win.cc(665)] Failed to read DnsConfig.
[0406/001405:WARNING:dns_config_service_win.cc(665)] Failed to read DnsConfig.
[0406/001407:WARNING:dns_config_service_win.cc(665)] Failed to read DnsConfig.
[0406/001410:WARNING:dns_config_service_win.cc(665)] Failed to read DnsConfig.
[0406/001410:ERROR:cache_util_win.cc(20)] Unable to move the cache: 5
[0406/001410:ERROR:cache_util.cc(134)] Unable to move cache folder C:\ProgramData\Altium\Altium Designer {50412544-6007-4CCA-894C-9094CEC0C5C5}\BrowserCache\GPUCache to C:\ProgramData\Altium\Altium Designer {50412544-6007-4CCA-894C-9094CEC0C5C5}\BrowserCache\old_GPUCache_000
[0406/001410:ERROR:cache_creator.cc(129)] Unable to create cache
[0406/001410:ERROR:shader_disk_cache.cc(589)] Shader Cache Creation failed: -2
[0406/001410:ERROR:cache_util_win.cc(20)] Unable to move the cache: 5
[0406/001410:ERROR:cache_util.cc(134)] Unable to move cache folder C:\ProgramData\Altium\Altium Designer {50412544-6007-4CCA-894C-9094CEC0C5C5}\BrowserCache to C:\ProgramData\Altium\Altium Designer {50412544-6007-4CCA-894C-9094CEC0C5C5}\old_BrowserCache_000
[0406/001410:ERROR:cache_creator.cc(129)] Unable to create cache
[0406/001412:WARNING:dns_config_service_win.cc(665)] Failed to read DnsConfig.
[0406/001415:WARNING:dns_config_service_win.cc(665)] Failed to read DnsConfig.
[0406/001417:WARNING:dns_config_service_win.cc(665)] Failed to read DnsConfig.
[0406/001420:WARNING:dns_config_service_win.cc(665)] Failed to read DnsConfig.
[0406/001423:WARNING:dns_config_service_win.cc(665)] Failed to read DnsConfig.
[0406/001425:WARNING:dns_config_service_win.cc(665)] Failed to read DnsConfig.
[0406/001428:WARNING:dns_config_service_win.cc(665)] Failed to read DnsConfig.
[0406/001430:WARNING:dns_config_service_win.cc(665)] Failed to read DnsConfig.
[0406/001433:WARNING:dns_config_service_win.cc(665)] Failed to read DnsConfig.
[0406/001435:WARNING:dns_config_service_win.cc(665)] Failed to read DnsConfig.
[0406/001438:WARNING:dns_config_service_win.cc(665)] Failed to read DnsConfig.
[0406/001440:WARNING:dns_config_service_win.cc(665)] Failed to read DnsConfig.
[0406/001443:WARNING:dns_config_service_win.cc(665)] Failed to read DnsConfig.
[0406/001445:WARNING:dns_config_service_win.cc(665)] Failed to read DnsConfig.
[0406/001448:WARNING:dns_config_service_win.cc(665)] Failed to read DnsConfig.
[0406/001450:WARNING:dns_config_service_win.cc(665)] Failed to read DnsConfig.
[0406/001453:WARNING:dns_config_service_win.cc(665)] Failed to read DnsConfig.
[0406/001455:WARNING:dns_config_service_win.cc(665)] Failed to read DnsConfig.
[0406/001458:WARNING:dns_config_service_win.cc(665)] Failed to read DnsConfig.
[0406/001500:WARNING:dns_config_service_win.cc(665)] Failed to read DnsConfig.
[0406/001503:WARNING:dns_config_service_win.cc(665)] Failed to read DnsConfig.
[0406/001505:WARNING:dns_config_service_win.cc(665)] Failed to read DnsConfig.
[0406/001508:WARNING:dns_config_service_win.cc(665)] Failed to read DnsConfig.
[0406/001510:WARNING:dns_config_service_win.cc(665)] Failed to read DnsConfig.
[0406/001513:WARNING:dns_config_service_win.cc(665)] Failed to read DnsConfig.
[0406/001515:WARNING:dns_config_service_win.cc(665)] Failed to read DnsConfig.
[0406/001518:WARNING:dns_config_service_win.cc(665)] Failed to read DnsConfig.
[0406/001520:WARNING:dns_config_service_win.cc(665)] Failed to read DnsConfig.
[0406/001523:WARNING:dns_config_service_win.cc(665)] Failed to read DnsConfig.
[0406/001525:WARNING:dns_config_service_win.cc(665)] Failed to read DnsConfig.
[0406/001528:WARNING:dns_config_service_win.cc(665)] Failed to read DnsConfig.
[0406/001530:WARNING:dns_config_service_win.cc(665)] Failed to read DnsConfig.
[0406/001533:WARNING:dns_config_service_win.cc(665)] Failed to read DnsConfig.
[0406/001535:WARNING:dns_config_service_win.cc(665)] Failed to read DnsConfig.
[0406/001538:WARNING:dns_config_service_win.cc(665)] Failed to read DnsConfig.
[0406/001540:WARNING:dns_config_service_win.cc(665)] Failed to read DnsConfig.
[0406/001543:WARNING:dns_config_service_win.cc(665)] Failed to read DnsConfig.
[0406/001545:WARNING:dns_config_service_win.cc(665)] Failed to read DnsConfig.
[0406/001548:WARNING:dns_config_service_win.cc(665)] Failed to read DnsConfig.
[0406/001550:WARNING:dns_config_service_win.cc(665)] Failed to read DnsConfig.
[0406/001553:WARNING:dns_config_service_win.cc(665)] Failed to read DnsConfig.
[0406/001555:WARNING:dns_config_service_win.cc(665)] Failed to read DnsConfig.
[0406/001558:WARNING:dns_config_service_win.cc(665)] Failed to read DnsConfig.
[0406/001600:WARNING:dns_config_service_win.cc(665)] Failed to read DnsConfig.
[0406/001603:WARNING:dns_config_service_win.cc(665)] Failed to read DnsConfig.
[0406/001605:WARNING:dns_config_service_win.cc(665)] Failed to read DnsConfig.
[0406/001608:WARNING:dns_config_service_win.cc(665)] Failed to read DnsConfig.
[0406/001610:WARNING:dns_config_service_win.cc(665)] Failed to read DnsConfig.
[0406/001613:WARNING:dns_config_service_win.cc(665)] Failed to read DnsConfig.
[0406/001615:WARNING:dns_config_service_win.cc(665)] Failed to read DnsConfig.
[0406/001618:WARNING:dns_config_service_win.cc(665)] Failed to read DnsConfig.
[0406/001620:WARNING:dns_config_service_win.cc(665)] Failed to read DnsConfig.
[0406/001623:WARNING:dns_config_service_win.cc(665)] Failed to read DnsConfig.
[0406/001625:WARNING:dns_config_service_win.cc(665)] Failed to read DnsConfig.
[0406/001628:WARNING:dns_config_service_win.cc(665)] Failed to read DnsConfig.
[0406/001630:WARNING:dns_config_service_win.cc(665)] Failed to read DnsConfig.
[0406/001633:WARNING:dns_config_service_win.cc(665)] Failed to read DnsConfig.
[0406/001635:WARNING:dns_config_service_win.cc(665)] Failed to read DnsConfig.
[0406/001638:WARNING:dns_config_service_win.cc(665)] Failed to read DnsConfig.
[0406/001640:WARNING:dns_config_service_win.cc(665)] Failed to read DnsConfig.
[0406/001643:WARNING:dns_config_service_win.cc(665)] Failed to read DnsConfig.
[0406/001645:WARNING:dns_config_service_win.cc(665)] Failed to read DnsConfig.
[0406/001648:WARNING:dns_config_service_win.cc(665)] Failed to read DnsConfig.
[0406/001651:WARNING:dns_config_service_win.cc(665)] Failed to read DnsConfig.
[0406/001653:WARNING:dns_config_service_win.cc(665)] Failed to read DnsConfig.
[0406/001656:WARNING:dns_config_service_win.cc(665)] Failed to read DnsConfig.
[0406/001658:WARNING:dns_config_service_win.cc(665)] Failed to read DnsConfig.
[0406/001701:WARNING:dns_config_service_win.cc(665)] Failed to read DnsConfig.
[0406/001703:WARNING:dns_config_service_win.cc(665)] Failed to read DnsConfig.
[0406/001706:WARNING:dns_config_service_win.cc(665)] Failed to read DnsConfig.
[0406/001708:WARNING:dns_config_service_win.cc(665)] Failed to read DnsConfig.
[0406/001711:WARNING:dns_config_service_win.cc(665)] Failed to read DnsConfig.
[0406/001713:WARNING:dns_config_service_win.cc(665)] Failed to read DnsConfig.
[0406/001716:WARNING:dns_config_service_win.cc(665)] Failed to read DnsConfig.
[0406/001718:WARNING:dns_config_service_win.cc(665)] Failed to read DnsConfig.
[0406/001721:WARNING:dns_config_service_win.cc(665)] Failed to read DnsConfig.
[0406/001723:WARNING:dns_config_service_win.cc(665)] Failed to read DnsConfig.
[0406/001726:WARNING:dns_config_service_win.cc(665)] Failed to read DnsConfig.
[0406/001728:WARNING:dns_config_service_win.cc(665)] Failed to read DnsConfig.
[0406/001731:WARNING:dns_config_service_win.cc(665)] Failed to read DnsConfig.
[0406/001733:WARNING:dns_config_service_win.cc(665)] Failed to read DnsConfig.
[0406/001736:WARNING:dns_config_service_win.cc(665)] Failed to read DnsConfig.
[0406/001738:WARNING:dns_config_service_win.cc(665)] Failed to read DnsConfig.
[0406/001741:WARNING:dns_config_service_win.cc(665)] Failed to read DnsConfig.
[0406/001743:WARNING:dns_config_service_win.cc(665)] Failed to read DnsConfig.
[0406/001746:WARNING:dns_config_service_win.cc(665)] Failed to read DnsConfig.
[0406/001748:WARNING:dns_config_service_win.cc(665)] Failed to read DnsConfig.
[0406/001751:WARNING:dns_config_service_win.cc(665)] Failed to read DnsConfig.
[0406/001753:WARNING:dns_config_service_win.cc(665)] Failed to read DnsConfig.
[0406/001756:WARNING:dns_config_service_win.cc(665)] Failed to read DnsConfig.
[0406/001758:WARNING:dns_config_service_win.cc(665)] Failed to read DnsConfig.
[0406/001801:WARNING:dns_config_service_win.cc(665)] Failed to read DnsConfig.
[0406/001803:WARNING:dns_config_service_win.cc(665)] Failed to read DnsConfig.
[0406/001806:WARNING:dns_config_service_win.cc(665)] Failed to read DnsConfig.
[0406/001808:WARNING:dns_config_service_win.cc(665)] Failed to read DnsConfig.
[0406/001811:WARNING:dns_config_service_win.cc(665)] Failed to read DnsConfig.
[0406/001813:WARNING:dns_config_service_win.cc(665)] Failed to read DnsConfig.
[0406/001816:WARNING:dns_config_service_win.cc(665)] Failed to read DnsConfig.
[0406/001818:WARNING:dns_config_service_win.cc(665)] Failed to read DnsConfig.
[0406/001821:WARNING:dns_config_service_win.cc(665)] Failed to read DnsConfig.
[0406/001823:WARNING:dns_config_service_win.cc(665)] Failed to read DnsConfig.
[0406/001826:WARNING:dns_config_service_win.cc(665)] Failed to read DnsConfig.
[0406/001828:WARNING:dns_config_service_win.cc(665)] Failed to read DnsConfig.
[0406/001831:WARNING:dns_config_service_win.cc(665)] Failed to read DnsConfig.
[0406/001833:WARNING:dns_config_service_win.cc(665)] Failed to read DnsConfig.
[0406/001836:WARNING:dns_config_service_win.cc(665)] Failed to read DnsConfig.
[0406/001838:WARNING:dns_config_service_win.cc(665)] Failed to read DnsConfig.
[0406/001841:WARNING:dns_config_service_win.cc(665)] Failed to read DnsConfig.
[0406/001843:WARNING:dns_config_service_win.cc(665)] Failed to read DnsConfig.
[0406/001846:WARNING:dns_config_service_win.cc(665)] Failed to read DnsConfig.
[0406/001848:WARNING:dns_config_service_win.cc(665)] Failed to read DnsConfig.
[0406/001851:WARNING:dns_config_service_win.cc(665)] Failed to read DnsConfig.
[0406/001853:WARNING:dns_config_service_win.cc(665)] Failed to read DnsConfig.
[0406/001856:WARNING:dns_config_service_win.cc(665)] Failed to read DnsConfig.
[0406/001858:WARNING:dns_config_service_win.cc(665)] Failed to read DnsConfig.
[0406/001901:WARNING:dns_config_service_win.cc(665)] Failed to read DnsConfig.
[0406/001903:WARNING:dns_config_service_win.cc(665)] Failed to read DnsConfig.
[0406/001906:WARNING:dns_config_service_win.cc(665)] Failed to read DnsConfig.
[0406/001908:WARNING:dns_config_service_win.cc(665)] Failed to read DnsConfig.
[0406/001911:WARNING:dns_config_service_win.cc(665)] Failed to read DnsConfig.
[0406/001913:WARNING:dns_config_service_win.cc(665)] Failed to read DnsConfig.
[0406/001916:WARNING:dns_config_service_win.cc(665)] Failed to read DnsConfig.
[0406/001918:WARNING:dns_config_service_win.cc(665)] Failed to read DnsConfig.
[0406/001921:WARNING:dns_config_service_win.cc(665)] Failed to read DnsConfig.
[0406/001923:WARNING:dns_config_service_win.cc(665)] Failed to read DnsConfig.
[0406/001926:WARNING:dns_config_service_win.cc(665)] Failed to read DnsConfig.
[0406/001928:WARNING:dns_config_service_win.cc(665)] Failed to read DnsConfig.
[0406/001931:WARNING:dns_config_service_win.cc(665)] Failed to read DnsConfig.
[0406/001933:WARNING:dns_config_service_win.cc(665)] Failed to read DnsConfig.
[0406/001936:WARNING:dns_config_service_win.cc(665)] Failed to read DnsConfig.
[0406/001938:WARNING:dns_config_service_win.cc(665)] Failed to read DnsConfig.
[0406/001941:WARNING:dns_config_service_win.cc(665)] Failed to read DnsConfig.
[0406/001943:WARNING:dns_config_service_win.cc(665)] Failed to read DnsConfig.
[0406/001946:WARNING:dns_config_service_win.cc(665)] Failed to read DnsConfig.
[0406/001948:WARNING:dns_config_service_win.cc(665)] Failed to read DnsConfig.
[0406/001951:WARNING:dns_config_service_win.cc(665)] Failed to read DnsConfig.
[0406/001953:WARNING:dns_config_service_win.cc(665)] Failed to read DnsConfig.
[0406/001956:WARNING:dns_config_service_win.cc(665)] Failed to read DnsConfig.
[0406/001958:WARNING:dns_config_service_win.cc(665)] Failed to read DnsConfig.
[0406/002001:WARNING:dns_config_service_win.cc(665)] Failed to read DnsConfig.
[0406/002003:WARNING:dns_config_service_win.cc(665)] Failed to read DnsConfig.
[0406/002006:WARNING:dns_config_service_win.cc(665)] Failed to read DnsConfig.
[0406/002008:WARNING:dns_config_service_win.cc(665)] Failed to read DnsConfig.
[0406/002011:WARNING:dns_config_service_win.cc(665)] Failed to read DnsConfig.
[0406/002013:WARNING:dns_config_service_win.cc(665)] Failed to read DnsConfig.
[0406/002016:WARNING:dns_config_service_win.cc(665)] Failed to read DnsConfig.
[0406/002018:WARNING:dns_config_service_win.cc(665)] Failed to read DnsConfig.
[0406/002021:WARNING:dns_config_service_win.cc(665)] Failed to read DnsConfig.
[0406/002024:WARNING:dns_config_service_win.cc(665)] Failed to read DnsConfig.
[0406/002026:WARNING:dns_config_service_win.cc(665)] Failed to read DnsConfig.
[0406/002029:WARNING:dns_config_service_win.cc(665)] Failed to read DnsConfig.
[0406/002031:WARNING:dns_config_service_win.cc(665)] Failed to read DnsConfig.
[0406/002034:WARNING:dns_config_service_win.cc(665)] Failed to read DnsConfig.
[0406/002036:WARNING:dns_config_service_win.cc(665)] Failed to read DnsConfig.
[0406/002039:WARNING:dns_config_service_win.cc(665)] Failed to read DnsConfig.
[0406/002041:WARNING:dns_config_service_win.cc(665)] Failed to read DnsConfig.
[0406/002044:WARNING:dns_config_service_win.cc(665)] Failed to read DnsConfig.
[0406/002046:WARNING:dns_config_service_win.cc(665)] Failed to read DnsConfig.
[0406/002049:WARNING:dns_config_service_win.cc(665)] Failed to read DnsConfig.
[0406/002051:WARNING:dns_config_service_win.cc(665)] Failed to read DnsConfig.
[0406/002054:WARNING:dns_config_service_win.cc(665)] Failed to read DnsConfig.
[0406/002056:WARNING:dns_config_service_win.cc(665)] Failed to read DnsConfig.
[0406/002059:WARNING:dns_config_service_win.cc(665)] Failed to read DnsConfig.
[0406/002101:WARNING:dns_config_service_win.cc(665)] Failed to read DnsConfig.
[0406/002104:WARNING:dns_config_service_win.cc(665)] Failed to read DnsConfig.
[0406/002106:WARNING:dns_config_service_win.cc(665)] Failed to read DnsConfig.
[0406/002109:WARNING:dns_config_service_win.cc(665)] Failed to read DnsConfig.
[0406/002111:WARNING:dns_config_service_win.cc(665)] Failed to read DnsConfig.
[0406/002114:WARNING:dns_config_service_win.cc(665)] Failed to read DnsConfig.
[0406/002116:WARNING:dns_config_service_win.cc(665)] Failed to read DnsConfig.
[0406/002119:WARNING:dns_config_service_win.cc(665)] Failed to read DnsConfig.
[0406/002121:WARNING:dns_config_service_win.cc(665)] Failed to read DnsConfig.
[0406/002124:WARNING:dns_config_service_win.cc(665)] Failed to read DnsConfig.
[0406/002126:WARNING:dns_config_service_win.cc(665)] Failed to read DnsConfig.
[0406/002129:WARNING:dns_config_service_win.cc(665)] Failed to read DnsConfig.
[0406/002131:WARNING:dns_config_service_win.cc(665)] Failed to read DnsConfig.
[0406/002134:WARNING:dns_config_service_win.cc(665)] Failed to read DnsConfig.
[0406/002136:WARNING:dns_config_service_win.cc(665)] Failed to read DnsConfig.
[0406/002139:WARNING:dns_config_service_win.cc(665)] Failed to read DnsConfig.
[0406/002141:WARNING:dns_config_service_win.cc(665)] Failed to read DnsConfig.
[0406/002144:WARNING:dns_config_service_win.cc(665)] Failed to read DnsConfig.
[0406/002146:WARNING:dns_config_service_win.cc(665)] Failed to read DnsConfig.
[0406/002149:WARNING:dns_config_service_win.cc(665)] Failed to read DnsConfig.
[0406/002151:WARNING:dns_config_service_win.cc(665)] Failed to read DnsConfig.
[0406/002154:WARNING:dns_config_service_win.cc(665)] Failed to read DnsConfig.
[0406/002156:WARNING:dns_config_service_win.cc(665)] Failed to read DnsConfig.
[0406/002159:WARNING:dns_config_service_win.cc(665)] Failed to read DnsConfig.
[0406/002201:WARNING:dns_config_service_win.cc(665)] Failed to read DnsConfig.
[0406/002204:WARNING:dns_config_service_win.cc(665)] Failed to read DnsConfig.
[0406/002206:WARNING:dns_config_service_win.cc(665)] Failed to read DnsConfig.
[0406/002209:WARNING:dns_config_service_win.cc(665)] Failed to read DnsConfig.
[0406/002211:WARNING:dns_config_service_win.cc(665)] Failed to read DnsConfig.
[0406/002214:WARNING:dns_config_service_win.cc(665)] Failed to read DnsConfig.
[0406/002216:WARNING:dns_config_service_win.cc(665)] Failed to read DnsConfig.
[0406/002219:WARNING:dns_config_service_win.cc(665)] Failed to read DnsConfig.
[0406/002221:WARNING:dns_config_service_win.cc(665)] Failed to read DnsConfig.
[0406/002224:WARNING:dns_config_service_win.cc(665)] Failed to read DnsConfig.
[0406/002226:WARNING:dns_config_service_win.cc(665)] Failed to read DnsConfig.
[0406/002229:WARNING:dns_config_service_win.cc(665)] Failed to read DnsConfig.
[0406/002231:WARNING:dns_config_service_win.cc(665)] Failed to read DnsConfig.
[0406/002234:WARNING:dns_config_service_win.cc(665)] Failed to read DnsConfig.
[0406/002236:WARNING:dns_config_service_win.cc(665)] Failed to read DnsConfig.
[0406/002239:WARNING:dns_config_service_win.cc(665)] Failed to read DnsConfig.
[0406/002241:WARNING:dns_config_service_win.cc(665)] Failed to read DnsConfig.
[0406/002244:WARNING:dns_config_service_win.cc(665)] Failed to read DnsConfig.
[0406/002246:WARNING:dns_config_service_win.cc(665)] Failed to read DnsConfig.
[0406/002249:WARNING:dns_config_service_win.cc(665)] Failed to read DnsConfig.
[0406/002251:WARNING:dns_config_service_win.cc(665)] Failed to read DnsConfig.
[0406/002254:WARNING:dns_config_service_win.cc(665)] Failed to read DnsConfig.
[0406/002256:WARNING:dns_config_service_win.cc(665)] Failed to read DnsConfig.
[0406/002259:WARNING:dns_config_service_win.cc(665)] Failed to read DnsConfig.
[0406/002301:WARNING:dns_config_service_win.cc(665)] Failed to read DnsConfig.
[0406/002304:WARNING:dns_config_service_win.cc(665)] Failed to read DnsConfig.
[0406/002306:WARNING:dns_config_service_win.cc(665)] Failed to read DnsConfig.
[0406/002309:WARNING:dns_config_service_win.cc(665)] Failed to read DnsConfig.
[0406/002311:WARNING:dns_config_service_win.cc(665)] Failed to read DnsConfig.
[0406/002314:WARNING:dns_config_service_win.cc(665)] Failed to read DnsConfig.
[0406/002317:WARNING:dns_config_service_win.cc(665)] Failed to read DnsConfig.
[0406/002319:WARNING:dns_config_service_win.cc(665)] Failed to read DnsConfig.
[0406/002322:WARNING:dns_config_service_win.cc(665)] Failed to read DnsConfig.
[0406/002324:WARNING:dns_config_service_win.cc(665)] Failed to read DnsConfig.
[0406/002327:WARNING:dns_config_service_win.cc(665)] Failed to read DnsConfig.
[0406/002329:WARNING:dns_config_service_win.cc(665)] Failed to read DnsConfig.
[0406/002332:WARNING:dns_config_service_win.cc(665)] Failed to read DnsConfig.
[0406/002334:WARNING:dns_config_service_win.cc(665)] Failed to read DnsConfig.
[0406/002337:WARNING:dns_config_service_win.cc(665)] Failed to read DnsConfig.
[0406/002339:WARNING:dns_config_service_win.cc(665)] Failed to read DnsConfig.
[0406/002342:WARNING:dns_config_service_win.cc(665)] Failed to read DnsConfig.
[0406/002344:WARNING:dns_config_service_win.cc(665)] Failed to read DnsConfig.
[0406/002347:WARNING:dns_config_service_win.cc(665)] Failed to read DnsConfig.
[0406/002349:WARNING:dns_config_service_win.cc(665)] Failed to read DnsConfig.
[0406/002352:WARNING:dns_config_service_win.cc(665)] Failed to read DnsConfig.
[0406/002354:WARNING:dns_config_service_win.cc(665)] Failed to read DnsConfig.
[0406/002357:WARNING:dns_config_service_win.cc(665)] Failed to read DnsConfig.
[0406/002359:WARNING:dns_config_service_win.cc(665)] Failed to read DnsConfig.
[0406/002402:WARNING:dns_config_service_win.cc(665)] Failed to read DnsConfig.
[0406/002404:WARNING:dns_config_service_win.cc(665)] Failed to read DnsConfig.
[0406/002407:WARNING:dns_config_service_win.cc(665)] Failed to read DnsConfig.
[0406/002409:WARNING:dns_config_service_win.cc(665)] Failed to read DnsConfig.
[0406/002412:WARNING:dns_config_service_win.cc(665)] Failed to read DnsConfig.
[0406/002414:WARNING:dns_config_service_win.cc(665)] Failed to read DnsConfig.
[0406/002417:WARNING:dns_config_service_win.cc(665)] Failed to read DnsConfig.
[0406/002419:WARNING:dns_config_service_win.cc(665)] Failed to read DnsConfig.
[0406/002422:WARNING:dns_config_service_win.cc(665)] Failed to read DnsConfig.
[0406/002424:WARNING:dns_config_service_win.cc(665)] Failed to read DnsConfig.
[0406/002427:WARNING:dns_config_service_win.cc(665)] Failed to read DnsConfig.
[0406/002429:WARNING:dns_config_service_win.cc(665)] Failed to read DnsConfig.
[0406/002432:WARNING:dns_config_service_win.cc(665)] Failed to read DnsConfig.
[0406/002434:WARNING:dns_config_service_win.cc(665)] Failed to read DnsConfig.
[0406/002437:WARNING:dns_config_service_win.cc(665)] Failed to read DnsConfig.
[0406/002439:WARNING:dns_config_service_win.cc(665)] Failed to read DnsConfig.
[0406/002442:WARNING:dns_config_service_win.cc(665)] Failed to read DnsConfig.
[0406/002444:WARNING:dns_config_service_win.cc(665)] Failed to read DnsConfig.
[0406/002447:WARNING:dns_config_service_win.cc(665)] Failed to read DnsConfig.
[0406/002449:WARNING:dns_config_service_win.cc(665)] Failed to read DnsConfig.
[0406/002452:WARNING:dns_config_service_win.cc(665)] Failed to read DnsConfig.
[0406/002454:WARNING:dns_config_service_win.cc(665)] Failed to read DnsConfig.
[0406/002457:WARNING:dns_config_service_win.cc(665)] Failed to read DnsConfig.
[0406/002459:WARNING:dns_config_service_win.cc(665)] Failed to read DnsConfig.
[0406/002502:WARNING:dns_config_service_win.cc(665)] Failed to read DnsConfig.
[0406/002504:WARNING:dns_config_service_win.cc(665)] Failed to read DnsConfig.
[0406/002507:WARNING:dns_config_service_win.cc(665)] Failed to read DnsConfig.
[0406/002509:WARNING:dns_config_service_win.cc(665)] Failed to read DnsConfig.
[0406/002512:WARNING:dns_config_service_win.cc(665)] Failed to read DnsConfig.
[0406/002514:WARNING:dns_config_service_win.cc(665)] Failed to read DnsConfig.
[0406/002517:WARNING:dns_config_service_win.cc(665)] Failed to read DnsConfig.
[0406/002519:WARNING:dns_config_service_win.cc(665)] Failed to read DnsConfig.
[0406/002522:WARNING:dns_config_service_win.cc(665)] Failed to read DnsConfig.
[0406/002524:WARNING:dns_config_service_win.cc(665)] Failed to read DnsConfig.
[0406/002527:WARNING:dns_config_service_win.cc(665)] Failed to read DnsConfig.
[0406/002529:WARNING:dns_config_service_win.cc(665)] Failed to read DnsConfig.
[0406/002532:WARNING:dns_config_service_win.cc(665)] Failed to read DnsConfig.
[0406/002534:WARNING:dns_config_service_win.cc(665)] Failed to read DnsConfig.
[0406/002537:WARNING:dns_config_service_win.cc(665)] Failed to read DnsConfig.
[0406/002539:WARNING:dns_config_service_win.cc(665)] Failed to read DnsConfig.
[0406/002542:WARNING:dns_config_service_win.cc(665)] Failed to read DnsConfig.
[0406/002544:WARNING:dns_config_service_win.cc(665)] Failed to read DnsConfig.
[0406/002547:WARNING:dns_config_service_win.cc(665)] Failed to read DnsConfig.
[0406/002550:WARNING:dns_config_service_win.cc(665)] Failed to read DnsConfig.
[0406/002552:WARNING:dns_config_service_win.cc(665)] Failed to read DnsConfig.
[0406/002555:WARNING:dns_config_service_win.cc(665)] Failed to read DnsConfig.
[0406/002557:WARNING:dns_config_service_win.cc(665)] Failed to read DnsConfig.
[0406/002600:WARNING:dns_config_service_win.cc(665)] Failed to read DnsConfig.
[0406/002602:WARNING:dns_config_service_win.cc(665)] Failed to read DnsConfig.
[0406/002605:WARNING:dns_config_service_win.cc(665)] Failed to read DnsConfig.
[0406/002607:WARNING:dns_config_service_win.cc(665)] Failed to read DnsConfig.
[0406/002610:WARNING:dns_config_service_win.cc(665)] Failed to read DnsConfig.
[0406/002612:WARNING:dns_config_service_win.cc(665)] Failed to read DnsConfig.
[0406/002615:WARNING:dns_config_service_win.cc(665)] Failed to read DnsConfig.
[0406/002617:WARNING:dns_config_service_win.cc(665)] Failed to read DnsConfig.
[0406/002620:WARNING:dns_config_service_win.cc(665)] Failed to read DnsConfig.
[0406/002622:WARNING:dns_config_service_win.cc(665)] Failed to read DnsConfig.
[0406/002625:WARNING:dns_config_service_win.cc(665)] Failed to read DnsConfig.
[0406/002627:WARNING:dns_config_service_win.cc(665)] Failed to read DnsConfig.
[0406/002630:WARNING:dns_config_service_win.cc(665)] Failed to read DnsConfig.
[0406/002632:WARNING:dns_config_service_win.cc(665)] Failed to read DnsConfig.
[0406/002635:WARNING:dns_config_service_win.cc(665)] Failed to read DnsConfig.
[0406/002637:WARNING:dns_config_service_win.cc(665)] Failed to read DnsConfig.
[0406/002640:WARNING:dns_config_service_win.cc(665)] Failed to read DnsConfig.
[0406/002642:WARNING:dns_config_service_win.cc(665)] Failed to read DnsConfig.
[0406/002645:WARNING:dns_config_service_win.cc(665)] Failed to read DnsConfig.
[0406/002647:WARNING:dns_config_service_win.cc(665)] Failed to read DnsConfig.
[0406/002650:WARNING:dns_config_service_win.cc(665)] Failed to read DnsConfig.
[0406/002652:WARNING:dns_config_service_win.cc(665)] Failed to read DnsConfig.
[0406/002655:WARNING:dns_config_service_win.cc(665)] Failed to read DnsConfig.
[0406/002657:WARNING:dns_config_service_win.cc(665)] Failed to read DnsConfig.
[0406/002700:WARNING:dns_config_service_win.cc(665)] Failed to read DnsConfig.
[0406/002702:WARNING:dns_config_service_win.cc(665)] Failed to read DnsConfig.
[0406/002705:WARNING:dns_config_service_win.cc(665)] Failed to read DnsConfig.
[0406/002710:WARNING:dns_config_service_win.cc(665)] Failed to read DnsConfig.
[0406/002715:WARNING:dns_config_service_win.cc(665)] Failed to read DnsConfig.
[0406/002720:WARNING:dns_config_service_win.cc(665)] Failed to read DnsConfig.
[0406/002725:WARNING:dns_config_service_win.cc(665)] Failed to read DnsConfig.
[0406/002730:WARNING:dns_config_service_win.cc(665)] Failed to read DnsConfig.
[0406/002735:WARNING:dns_config_service_win.cc(665)] Failed to read DnsConfig.
[0406/002740:WARNING:dns_config_service_win.cc(665)] Failed to read DnsConfig.
[0406/002745:WARNING:dns_config_service_win.cc(665)] Failed to read DnsConfig.
[0406/002750:WARNING:dns_config_service_win.cc(665)] Failed to read DnsConfig.
[0406/002755:WARNING:dns_config_service_win.cc(665)] Failed to read DnsConfig.
[0406/002800:WARNING:dns_config_service_win.cc(665)] Failed to read DnsConfig.
[0406/002805:WARNING:dns_config_service_win.cc(665)] Failed to read DnsConfig.
[0406/002810:WARNING:dns_config_service_win.cc(665)] Failed to read DnsConfig.
[0406/002815:WARNING:dns_config_service_win.cc(665)] Failed to read DnsConfig.
[0406/002820:WARNING:dns_config_service_win.cc(665)] Failed to read DnsConfig.
[0406/002825:WARNING:dns_config_service_win.cc(665)] Failed to read DnsConfig.
[0406/002830:WARNING:dns_config_service_win.cc(665)] Failed to read DnsConfig.
[0406/002835:WARNING:dns_config_service_win.cc(665)] Failed to read DnsConfig.
[0406/002840:WARNING:dns_config_service_win.cc(665)] Failed to read DnsConfig.
[0406/002845:WARNING:dns_config_service_win.cc(665)] Failed to read DnsConfig.
[0406/002850:WARNING:dns_config_service_win.cc(665)] Failed to read DnsConfig.
[0406/002855:WARNING:dns_config_service_win.cc(665)] Failed to read DnsConfig.
[0406/002900:WARNING:dns_config_service_win.cc(665)] Failed to read DnsConfig.
[0406/002905:WARNING:dns_config_service_win.cc(665)] Failed to read DnsConfig.
[0406/002910:WARNING:dns_config_service_win.cc(665)] Failed to read DnsConfig.
[0406/002915:WARNING:dns_config_service_win.cc(665)] Failed to read DnsConfig.
[0406/002920:WARNING:dns_config_service_win.cc(665)] Failed to read DnsConfig.
[0406/002925:WARNING:dns_config_service_win.cc(665)] Failed to read DnsConfig.
[0406/002930:WARNING:dns_config_service_win.cc(665)] Failed to read DnsConfig.
[0406/002935:WARNING:dns_config_service_win.cc(665)] Failed to read DnsConfig.
[0406/002940:WARNING:dns_config_service_win.cc(665)] Failed to read DnsConfig.
[0406/002945:WARNING:dns_config_service_win.cc(665)] Failed to read DnsConfig.
[0406/002950:WARNING:dns_config_service_win.cc(665)] Failed to read DnsConfig.
[0406/002955:WARNING:dns_config_service_win.cc(665)] Failed to read DnsConfig.
[0406/003000:WARNING:dns_config_service_win.cc(665)] Failed to read DnsConfig.
[0406/003005:WARNING:dns_config_service_win.cc(665)] Failed to read DnsConfig.
[0406/003010:WARNING:dns_config_service_win.cc(665)] Failed to read DnsConfig.
[0406/003015:WARNING:dns_config_service_win.cc(665)] Failed to read DnsConfig.
[0406/003020:WARNING:dns_config_service_win.cc(665)] Failed to read DnsConfig.
[0406/003025:WARNING:dns_config_service_win.cc(665)] Failed to read DnsConfig.
[0406/003030:WARNING:dns_config_service_win.cc(665)] Failed to read DnsConfig.
[0406/003035:WARNING:dns_config_service_win.cc(665)] Failed to read DnsConfig.
[0406/003040:WARNING:dns_config_service_win.cc(665)] Failed to read DnsConfig.
[0406/003045:WARNING:dns_config_service_win.cc(665)] Failed to read DnsConfig.
[0406/003050:WARNING:dns_config_service_win.cc(665)] Failed to read DnsConfig.
[0406/003055:WARNING:dns_config_service_win.cc(665)] Failed to read DnsConfig.
[0406/003101:WARNING:dns_config_service_win.cc(665)] Failed to read DnsConfig.
[0406/003106:WARNING:dns_config_service_win.cc(665)] Failed to read DnsConfig.
[0406/003111:WARNING:dns_config_service_win.cc(665)] Failed to read DnsConfig.
[0406/003116:WARNING:dns_config_service_win.cc(665)] Failed to read DnsConfig.
[0406/003121:WARNING:dns_config_service_win.cc(665)] Failed to read DnsConfig.
[0406/003126:WARNING:dns_config_service_win.cc(665)] Failed to read DnsConfig.
[0406/003131:WARNING:dns_config_service_win.cc(665)] Failed to read DnsConfig.
[0406/003136:WARNING:dns_config_service_win.cc(665)] Failed to read DnsConfig.
[0406/003141:WARNING:dns_config_service_win.cc(665)] Failed to read DnsConfig.
[0406/003146:WARNING:dns_config_service_win.cc(665)] Failed to read DnsConfig.
[0406/003151:WARNING:dns_config_service_win.cc(665)] Failed to read DnsConfig.
[0406/003156:WARNING:dns_config_service_win.cc(665)] Failed to read DnsConfig.
[0406/003201:WARNING:dns_config_service_win.cc(665)] Failed to read DnsConfig.
[0406/003206:WARNING:dns_config_service_win.cc(665)] Failed to read DnsConfig.
[0406/003211:WARNING:dns_config_service_win.cc(665)] Failed to read DnsConfig.
[0406/003216:WARNING:dns_config_service_win.cc(665)] Failed to read DnsConfig.
[0406/003221:WARNING:dns_config_service_win.cc(665)] Failed to read DnsConfig.
[0406/003226:WARNING:dns_config_service_win.cc(665)] Failed to read DnsConfig.
[0406/003231:WARNING:dns_config_service_win.cc(665)] Failed to read DnsConfig.
[0406/003236:WARNING:dns_config_service_win.cc(665)] Failed to read DnsConfig.
[0406/003241:WARNING:dns_config_service_win.cc(665)] Failed to read DnsConfig.
[0406/003246:WARNING:dns_config_service_win.cc(665)] Failed to read DnsConfig.
[0406/003251:WARNING:dns_config_service_win.cc(665)] Failed to read DnsConfig.
[0406/003256:WARNING:dns_config_service_win.cc(665)] Failed to read DnsConfig.
[0406/003301:WARNING:dns_config_service_win.cc(665)] Failed to read DnsConfig.
[0406/003306:WARNING:dns_config_service_win.cc(665)] Failed to read DnsConfig.
[0406/003311:WARNING:dns_config_service_win.cc(665)] Failed to read DnsConfig.
[0406/003316:WARNING:dns_config_service_win.cc(665)] Failed to read DnsConfig.
[0406/003321:WARNING:dns_config_service_win.cc(665)] Failed to read DnsConfig.
[0406/003326:WARNING:dns_config_service_win.cc(665)] Failed to read DnsConfig.
[0406/003331:WARNING:dns_config_service_win.cc(665)] Failed to read DnsConfig.
[0406/003336:WARNING:dns_config_service_win.cc(665)] Failed to read DnsConfig.
[0406/003341:WARNING:dns_config_service_win.cc(665)] Failed to read DnsConfig.
[0406/003346:WARNING:dns_config_service_win.cc(665)] Failed to read DnsConfig.
[0406/003351:WARNING:dns_config_service_win.cc(665)] Failed to read DnsConfig.
[0406/003356:WARNING:dns_config_service_win.cc(665)] Failed to read DnsConfig.
[0406/003401:WARNING:dns_config_service_win.cc(665)] Failed to read DnsConfig.
[0406/003406:WARNING:dns_config_service_win.cc(665)] Failed to read DnsConfig.
[0406/003411:WARNING:dns_config_service_win.cc(665)] Failed to read DnsConfig.
[0406/003416:WARNING:dns_config_service_win.cc(665)] Failed to read DnsConfig.
[0406/003421:WARNING:dns_config_service_win.cc(665)] Failed to read DnsConfig.
[0406/003426:WARNING:dns_config_service_win.cc(665)] Failed to read DnsConfig.
[0406/003431:WARNING:dns_config_service_win.cc(665)] Failed to read DnsConfig.
[0406/003436:WARNING:dns_config_service_win.cc(665)] Failed to read DnsConfig.
[0406/003441:WARNING:dns_config_service_win.cc(665)] Failed to read DnsConfig.
[0406/003446:WARNING:dns_config_service_win.cc(665)] Failed to read DnsConfig.
[0406/003451:WARNING:dns_config_service_win.cc(665)] Failed to read DnsConfig.
[0406/003456:WARNING:dns_config_service_win.cc(665)] Failed to read DnsConfig.
[0406/003501:WARNING:dns_config_service_win.cc(665)] Failed to read DnsConfig.
[0406/003506:WARNING:dns_config_service_win.cc(665)] Failed to read DnsConfig.
[0406/003511:WARNING:dns_config_service_win.cc(665)] Failed to read DnsConfig.
[0406/003516:WARNING:dns_config_service_win.cc(665)] Failed to read DnsConfig.
[0406/003521:WARNING:dns_config_service_win.cc(665)] Failed to read DnsConfig.
[0406/003526:WARNING:dns_config_service_win.cc(665)] Failed to read DnsConfig.
[0406/003531:WARNING:dns_config_service_win.cc(665)] Failed to read DnsConfig.
[0406/003536:WARNING:dns_config_service_win.cc(665)] Failed to read DnsConfig.
[0406/003541:WARNING:dns_config_service_win.cc(665)] Failed to read DnsConfig.
[0406/003546:WARNING:dns_config_service_win.cc(665)] Failed to read DnsConfig.
[0406/003551:WARNING:dns_config_service_win.cc(665)] Failed to read DnsConfig.
[0406/003556:WARNING:dns_config_service_win.cc(665)] Failed to read DnsConfig.
[0406/003601:WARNING:dns_config_service_win.cc(665)] Failed to read DnsConfig.
[0406/003606:WARNING:dns_config_service_win.cc(665)] Failed to read DnsConfig.
[0406/003611:WARNING:dns_config_service_win.cc(665)] Failed to read DnsConfig.
[0406/003616:WARNING:dns_config_service_win.cc(665)] Failed to read DnsConfig.
[0406/003621:WARNING:dns_config_service_win.cc(665)] Failed to read DnsConfig.
[0406/003626:WARNING:dns_config_service_win.cc(665)] Failed to read DnsConfig.
[0406/003631:WARNING:dns_config_service_win.cc(665)] Failed to read DnsConfig.
[0406/003636:WARNING:dns_config_service_win.cc(665)] Failed to read DnsConfig.
[0406/003641:WARNING:dns_config_service_win.cc(665)] Failed to read DnsConfig.
[0406/003646:WARNING:dns_config_service_win.cc(665)] Failed to read DnsConfig.
[0406/003651:WARNING:dns_config_service_win.cc(665)] Failed to read DnsConfig.
[0406/003656:WARNING:dns_config_service_win.cc(665)] Failed to read DnsConfig.
[0406/003701:WARNING:dns_config_service_win.cc(665)] Failed to read DnsConfig.
[0406/003706:WARNING:dns_config_service_win.cc(665)] Failed to read DnsConfig.
[0406/003711:WARNING:dns_config_service_win.cc(665)] Failed to read DnsConfig.
[0406/003716:WARNING:dns_config_service_win.cc(665)] Failed to read DnsConfig.
[0406/003721:WARNING:dns_config_service_win.cc(665)] Failed to read DnsConfig.
[0406/003726:WARNING:dns_config_service_win.cc(665)] Failed to read DnsConfig.
[0406/003731:WARNING:dns_config_service_win.cc(665)] Failed to read DnsConfig.
[0406/003736:WARNING:dns_config_service_win.cc(665)] Failed to read DnsConfig.
[0406/003741:WARNING:dns_config_service_win.cc(665)] Failed to read DnsConfig.
[0406/003746:WARNING:dns_config_service_win.cc(665)] Failed to read DnsConfig.
[0406/003751:WARNING:dns_config_service_win.cc(665)] Failed to read DnsConfig.
[0406/003756:WARNING:dns_config_service_win.cc(665)] Failed to read DnsConfig.
[0406/003802:WARNING:dns_config_service_win.cc(665)] Failed to read DnsConfig.
[0406/003807:WARNING:dns_config_service_win.cc(665)] Failed to read DnsConfig.
[0406/003812:WARNING:dns_config_service_win.cc(665)] Failed to read DnsConfig.
[0406/003817:WARNING:dns_config_service_win.cc(665)] Failed to read DnsConfig.
[0406/003822:WARNING:dns_config_service_win.cc(665)] Failed to read DnsConfig.
[0406/003827:WARNING:dns_config_service_win.cc(665)] Failed to read DnsConfig.
[0406/003832:WARNING:dns_config_service_win.cc(665)] Failed to read DnsConfig.
[0406/003837:WARNING:dns_config_service_win.cc(665)] Failed to read DnsConfig.
[0406/003842:WARNING:dns_config_service_win.cc(665)] Failed to read DnsConfig.
[0406/003847:WARNING:dns_config_service_win.cc(665)] Failed to read DnsConfig.
[0406/003852:WARNING:dns_config_service_win.cc(665)] Failed to read DnsConfig.
[0406/003857:WARNING:dns_config_service_win.cc(665)] Failed to read DnsConfig.
[0406/003902:WARNING:dns_config_service_win.cc(665)] Failed to read DnsConfig.
[0406/003907:WARNING:dns_config_service_win.cc(665)] Failed to read DnsConfig.
[0406/003912:WARNING:dns_config_service_win.cc(665)] Failed to read DnsConfig.
[0406/003917:WARNING:dns_config_service_win.cc(665)] Failed to read DnsConfig.
[0406/003922:WARNING:dns_config_service_win.cc(665)] Failed to read DnsConfig.
[0406/003927:WARNING:dns_config_service_win.cc(665)] Failed to read DnsConfig.
[0406/003932:WARNING:dns_config_service_win.cc(665)] Failed to read DnsConfig.
[0406/003937:WARNING:dns_config_service_win.cc(665)] Failed to read DnsConfig.
[0406/003942:WARNING:dns_config_service_win.cc(665)] Failed to read DnsConfig.
[0406/003947:WARNING:dns_config_service_win.cc(665)] Failed to read DnsConfig.
[0406/003952:WARNING:dns_config_service_win.cc(665)] Failed to read DnsConfig.
[0406/003957:WARNING:dns_config_service_win.cc(665)] Failed to read DnsConfig.
[0406/004002:WARNING:dns_config_service_win.cc(665)] Failed to read DnsConfig.
[0406/004007:WARNING:dns_config_service_win.cc(665)] Failed to read DnsConfig.
[0406/004012:WARNING:dns_config_service_win.cc(665)] Failed to read DnsConfig.
[0406/004017:WARNING:dns_config_service_win.cc(665)] Failed to read DnsConfig.
[0406/004022:WARNING:dns_config_service_win.cc(665)] Failed to read DnsConfig.
[0406/004027:WARNING:dns_config_service_win.cc(665)] Failed to read DnsConfig.
[0406/004032:WARNING:dns_config_service_win.cc(665)] Failed to read DnsConfig.
[0406/004037:WARNING:dns_config_service_win.cc(665)] Failed to read DnsConfig.
[0406/004042:WARNING:dns_config_service_win.cc(665)] Failed to read DnsConfig.
[0406/004047:WARNING:dns_config_service_win.cc(665)] Failed to read DnsConfig.
[0406/004052:WARNING:dns_config_service_win.cc(665)] Failed to read DnsConfig.
[0406/004057:WARNING:dns_config_service_win.cc(665)] Failed to read DnsConfig.
[0406/004102:WARNING:dns_config_service_win.cc(665)] Failed to read DnsConfig.
[0406/004107:WARNING:dns_config_service_win.cc(665)] Failed to read DnsConfig.
[0406/004112:WARNING:dns_config_service_win.cc(665)] Failed to read DnsConfig.
[0406/004117:WARNING:dns_config_service_win.cc(665)] Failed to read DnsConfig.
[0406/004122:WARNING:dns_config_service_win.cc(665)] Failed to read DnsConfig.
[0406/004127:WARNING:dns_config_service_win.cc(665)] Failed to read DnsConfig.
[0406/004132:WARNING:dns_config_service_win.cc(665)] Failed to read DnsConfig.
[0406/004137:WARNING:dns_config_service_win.cc(665)] Failed to read DnsConfig.
[0406/004142:WARNING:dns_config_service_win.cc(665)] Failed to read DnsConfig.
[0406/004147:WARNING:dns_config_service_win.cc(665)] Failed to read DnsConfig.
[0406/004152:WARNING:dns_config_service_win.cc(665)] Failed to read DnsConfig.
[0406/004157:WARNING:dns_config_service_win.cc(665)] Failed to read DnsConfig.
[0406/004202:WARNING:dns_config_service_win.cc(665)] Failed to read DnsConfig.
[0406/004207:WARNING:dns_config_service_win.cc(665)] Failed to read DnsConfig.
[0406/004212:WARNING:dns_config_service_win.cc(665)] Failed to read DnsConfig.
[0406/004217:WARNING:dns_config_service_win.cc(665)] Failed to read DnsConfig.
[0406/004222:WARNING:dns_config_service_win.cc(665)] Failed to read DnsConfig.
[0406/004227:WARNING:dns_config_service_win.cc(665)] Failed to read DnsConfig.
[0406/004232:WARNING:dns_config_service_win.cc(665)] Failed to read DnsConfig.
[0406/004237:WARNING:dns_config_service_win.cc(665)] Failed to read DnsConfig.
[0406/004242:WARNING:dns_config_service_win.cc(665)] Failed to read DnsConfig.
[0406/004247:WARNING:dns_config_service_win.cc(665)] Failed to read DnsConfig.
[0406/004252:WARNING:dns_config_service_win.cc(665)] Failed to read DnsConfig.
[0406/004257:WARNING:dns_config_service_win.cc(665)] Failed to read DnsConfig.
[0406/004302:WARNING:dns_config_service_win.cc(665)] Failed to read DnsConfig.
[0406/004307:WARNING:dns_config_service_win.cc(665)] Failed to read DnsConfig.
[0406/004312:WARNING:dns_config_service_win.cc(665)] Failed to read DnsConfig.
[0406/004317:WARNING:dns_config_service_win.cc(665)] Failed to read DnsConfig.
[0406/004322:WARNING:dns_config_service_win.cc(665)] Failed to read DnsConfig.
[0406/004327:WARNING:dns_config_service_win.cc(665)] Failed to read DnsConfig.
[0406/004332:WARNING:dns_config_service_win.cc(665)] Failed to read DnsConfig.
[0406/004338:WARNING:dns_config_service_win.cc(665)] Failed to read DnsConfig.
[0406/004343:WARNING:dns_config_service_win.cc(665)] Failed to read DnsConfig.
[0406/004348:WARNING:dns_config_service_win.cc(665)] Failed to read DnsConfig.
[0406/004353:WARNING:dns_config_service_win.cc(665)] Failed to read DnsConfig.
[0406/004358:WARNING:dns_config_service_win.cc(665)] Failed to read DnsConfig.
[0406/004403:WARNING:dns_config_service_win.cc(665)] Failed to read DnsConfig.
[0406/004408:WARNING:dns_config_service_win.cc(665)] Failed to read DnsConfig.
[0406/004413:WARNING:dns_config_service_win.cc(665)] Failed to read DnsConfig.
[0406/004418:WARNING:dns_config_service_win.cc(665)] Failed to read DnsConfig.
[0406/004423:WARNING:dns_config_service_win.cc(665)] Failed to read DnsConfig.
[0406/004428:WARNING:dns_config_service_win.cc(665)] Failed to read DnsConfig.
[0406/004433:WARNING:dns_config_service_win.cc(665)] Failed to read DnsConfig.
[0406/004438:WARNING:dns_config_service_win.cc(665)] Failed to read DnsConfig.
[0406/004443:WARNING:dns_config_service_win.cc(665)] Failed to read DnsConfig.
[0406/004448:WARNING:dns_config_service_win.cc(665)] Failed to read DnsConfig.
[0406/004453:WARNING:dns_config_service_win.cc(665)] Failed to read DnsConfig.
[0406/004458:WARNING:dns_config_service_win.cc(665)] Failed to read DnsConfig.
[0406/004503:WARNING:dns_config_service_win.cc(665)] Failed to read DnsConfig.
[0406/004508:WARNING:dns_config_service_win.cc(665)] Failed to read DnsConfig.
[0406/004513:WARNING:dns_config_service_win.cc(665)] Failed to read DnsConfig.
[0406/004518:WARNING:dns_config_service_win.cc(665)] Failed to read DnsConfig.
[0406/004523:WARNING:dns_config_service_win.cc(665)] Failed to read DnsConfig.
[0406/004528:WARNING:dns_config_service_win.cc(665)] Failed to read DnsConfig.
[0406/004533:WARNING:dns_config_service_win.cc(665)] Failed to read DnsConfig.
[0406/004538:WARNING:dns_config_service_win.cc(665)] Failed to read DnsConfig.
[0406/004543:WARNING:dns_config_service_win.cc(665)] Failed to read DnsConfig.
[0406/004548:WARNING:dns_config_service_win.cc(665)] Failed to read DnsConfig.
[0406/004553:WARNING:dns_config_service_win.cc(665)] Failed to read DnsConfig.
[0406/004558:WARNING:dns_config_service_win.cc(665)] Failed to read DnsConfig.
[0406/004603:WARNING:dns_config_service_win.cc(665)] Failed to read DnsConfig.
[0406/004608:WARNING:dns_config_service_win.cc(665)] Failed to read DnsConfig.
[0406/004613:WARNING:dns_config_service_win.cc(665)] Failed to read DnsConfig.
[0406/004618:WARNING:dns_config_service_win.cc(665)] Failed to read DnsConfig.
[0406/004623:WARNING:dns_config_service_win.cc(665)] Failed to read DnsConfig.
[0406/004628:WARNING:dns_config_service_win.cc(665)] Failed to read DnsConfig.
[0406/004633:WARNING:dns_config_service_win.cc(665)] Failed to read DnsConfig.
[0406/004638:WARNING:dns_config_service_win.cc(665)] Failed to read DnsConfig.
[0406/004643:WARNING:dns_config_service_win.cc(665)] Failed to read DnsConfig.
[0406/004648:WARNING:dns_config_service_win.cc(665)] Failed to read DnsConfig.
[0406/004653:WARNING:dns_config_service_win.cc(665)] Failed to read DnsConfig.
[0406/004658:WARNING:dns_config_service_win.cc(665)] Failed to read DnsConfig.
[0406/004703:WARNING:dns_config_service_win.cc(665)] Failed to read DnsConfig.
[0406/004708:WARNING:dns_config_service_win.cc(665)] Failed to read DnsConfig.
[0406/004713:WARNING:dns_config_service_win.cc(665)] Failed to read DnsConfig.
[0406/004718:WARNING:dns_config_service_win.cc(665)] Failed to read DnsConfig.
[0406/004723:WARNING:dns_config_service_win.cc(665)] Failed to read DnsConfig.
[0406/004728:WARNING:dns_config_service_win.cc(665)] Failed to read DnsConfig.
[0406/004733:WARNING:dns_config_service_win.cc(665)] Failed to read DnsConfig.
[0406/004738:WARNING:dns_config_service_win.cc(665)] Failed to read DnsConfig.
[0406/004743:WARNING:dns_config_service_win.cc(665)] Failed to read DnsConfig.
[0406/004748:WARNING:dns_config_service_win.cc(665)] Failed to read DnsConfig.
[0406/004753:WARNING:dns_config_service_win.cc(665)] Failed to read DnsConfig.
[0406/004758:WARNING:dns_config_service_win.cc(665)] Failed to read DnsConfig.
[0406/004803:WARNING:dns_config_service_win.cc(665)] Failed to read DnsConfig.
[0406/004808:WARNING:dns_config_service_win.cc(665)] Failed to read DnsConfig.
[0406/004813:WARNING:dns_config_service_win.cc(665)] Failed to read DnsConfig.
[0406/004818:WARNING:dns_config_service_win.cc(665)] Failed to read DnsConfig.
[0406/004823:WARNING:dns_config_service_win.cc(665)] Failed to read DnsConfig.
[0406/004828:WARNING:dns_config_service_win.cc(665)] Failed to read DnsConfig.
[0406/004833:WARNING:dns_config_service_win.cc(665)] Failed to read DnsConfig.
[0406/004838:WARNING:dns_config_service_win.cc(665)] Failed to read DnsConfig.
[0406/004843:WARNING:dns_config_service_win.cc(665)] Failed to read DnsConfig.
[0406/004848:WARNING:dns_config_service_win.cc(665)] Failed to read DnsConfig.
[0406/004853:WARNING:dns_config_service_win.cc(665)] Failed to read DnsConfig.
[0406/004858:WARNING:dns_config_service_win.cc(665)] Failed to read DnsConfig.
[0406/004903:WARNING:dns_config_service_win.cc(665)] Failed to read DnsConfig.
[0406/004908:WARNING:dns_config_service_win.cc(665)] Failed to read DnsConfig.
[0406/004913:WARNING:dns_config_service_win.cc(665)] Failed to read DnsConfig.
[0406/004919:WARNING:dns_config_service_win.cc(665)] Failed to read DnsConfig.
[0406/004924:WARNING:dns_config_service_win.cc(665)] Failed to read DnsConfig.
[0406/004929:WARNING:dns_config_service_win.cc(665)] Failed to read DnsConfig.
[0406/004934:WARNING:dns_config_service_win.cc(665)] Failed to read DnsConfig.
[0406/004939:WARNING:dns_config_service_win.cc(665)] Failed to read DnsConfig.
[0406/004944:WARNING:dns_config_service_win.cc(665)] Failed to read DnsConfig.
[0406/004949:WARNING:dns_config_service_win.cc(665)] Failed to read DnsConfig.
[0406/004954:WARNING:dns_config_service_win.cc(665)] Failed to read DnsConfig.
[0406/004959:WARNING:dns_config_service_win.cc(665)] Failed to read DnsConfig.
[0406/005004:WARNING:dns_config_service_win.cc(665)] Failed to read DnsConfig.
[0406/005009:WARNING:dns_config_service_win.cc(665)] Failed to read DnsConfig.
[0406/005014:WARNING:dns_config_service_win.cc(665)] Failed to read DnsConfig.
[0406/005019:WARNING:dns_config_service_win.cc(665)] Failed to read DnsConfig.
[0406/005024:WARNING:dns_config_service_win.cc(665)] Failed to read DnsConfig.
[0406/005029:WARNING:dns_config_service_win.cc(665)] Failed to read DnsConfig.
[0406/005034:WARNING:dns_config_service_win.cc(665)] Failed to read DnsConfig.
[0406/005039:WARNING:dns_config_service_win.cc(665)] Failed to read DnsConfig.
[0406/005044:WARNING:dns_config_service_win.cc(665)] Failed to read DnsConfig.
[0406/005049:WARNING:dns_config_service_win.cc(665)] Failed to read DnsConfig.
[0406/005054:WARNING:dns_config_service_win.cc(665)] Failed to read DnsConfig.
[0406/005059:WARNING:dns_config_service_win.cc(665)] Failed to read DnsConfig.
[0406/005104:WARNING:dns_config_service_win.cc(665)] Failed to read DnsConfig.
[0406/005109:WARNING:dns_config_service_win.cc(665)] Failed to read DnsConfig.
[0406/005114:WARNING:dns_config_service_win.cc(665)] Failed to read DnsConfig.
[0406/005119:WARNING:dns_config_service_win.cc(665)] Failed to read DnsConfig.
[0406/005124:WARNING:dns_config_service_win.cc(665)] Failed to read DnsConfig.
[0406/005129:WARNING:dns_config_service_win.cc(665)] Failed to read DnsConfig.
[0406/005134:WARNING:dns_config_service_win.cc(665)] Failed to read DnsConfig.
[0406/005139:WARNING:dns_config_service_win.cc(665)] Failed to read DnsConfig.
[0406/005144:WARNING:dns_config_service_win.cc(665)] Failed to read DnsConfig.
[0406/005149:WARNING:dns_config_service_win.cc(665)] Failed to read DnsConfig.
[0406/005154:WARNING:dns_config_service_win.cc(665)] Failed to read DnsConfig.
[0406/005159:WARNING:dns_config_service_win.cc(665)] Failed to read DnsConfig.
[0406/005204:WARNING:dns_config_service_win.cc(665)] Failed to read DnsConfig.
[0406/005209:WARNING:dns_config_service_win.cc(665)] Failed to read DnsConfig.
[0406/005214:WARNING:dns_config_service_win.cc(665)] Failed to read DnsConfig.
[0406/005219:WARNING:dns_config_service_win.cc(665)] Failed to read DnsConfig.
[0406/005224:WARNING:dns_config_service_win.cc(665)] Failed to read DnsConfig.
[0406/005229:WARNING:dns_config_service_win.cc(665)] Failed to read DnsConfig.
[0406/005234:WARNING:dns_config_service_win.cc(665)] Failed to read DnsConfig.
[0406/005239:WARNING:dns_config_service_win.cc(665)] Failed to read DnsConfig.
[0406/005244:WARNING:dns_config_service_win.cc(665)] Failed to read DnsConfig.
[0406/005249:WARNING:dns_config_service_win.cc(665)] Failed to read DnsConfig.
[0406/005254:WARNING:dns_config_service_win.cc(665)] Failed to read DnsConfig.
[0406/005259:WARNING:dns_config_service_win.cc(665)] Failed to read DnsConfig.
[0406/005304:WARNING:dns_config_service_win.cc(665)] Failed to read DnsConfig.
[0406/005309:WARNING:dns_config_service_win.cc(665)] Failed to read DnsConfig.
[0406/005314:WARNING:dns_config_service_win.cc(665)] Failed to read DnsConfig.
[0406/005319:WARNING:dns_config_service_win.cc(665)] Failed to read DnsConfig.
[0406/005324:WARNING:dns_config_service_win.cc(665)] Failed to read DnsConfig.
[0406/005329:WARNING:dns_config_service_win.cc(665)] Failed to read DnsConfig.
[0406/005334:WARNING:dns_config_service_win.cc(665)] Failed to read DnsConfig.
[0406/005339:WARNING:dns_config_service_win.cc(665)] Failed to read DnsConfig.
[0406/005344:WARNING:dns_config_service_win.cc(665)] Failed to read DnsConfig.
[0406/005349:WARNING:dns_config_service_win.cc(665)] Failed to read DnsConfig.
[0406/005354:WARNING:dns_config_service_win.cc(665)] Failed to read DnsConfig.
[0406/005359:WARNING:dns_config_service_win.cc(665)] Failed to read DnsConfig.
[0406/005404:WARNING:dns_config_service_win.cc(665)] Failed to read DnsConfig.
[0406/005409:WARNING:dns_config_service_win.cc(665)] Failed to read DnsConfig.
[0406/005414:WARNING:dns_config_service_win.cc(665)] Failed to read DnsConfig.
[0406/005419:WARNING:dns_config_service_win.cc(665)] Failed to read DnsConfig.
[0406/005424:WARNING:dns_config_service_win.cc(665)] Failed to read DnsConfig.
[0406/005429:WARNING:dns_config_service_win.cc(665)] Failed to read DnsConfig.
[0406/005434:WARNING:dns_config_service_win.cc(665)] Failed to read DnsConfig.
[0406/005439:WARNING:dns_config_service_win.cc(665)] Failed to read DnsConfig.
[0406/005444:WARNING:dns_config_service_win.cc(665)] Failed to read DnsConfig.
[0406/005449:WARNING:dns_config_service_win.cc(665)] Failed to read DnsConfig.
[0406/005454:WARNING:dns_config_service_win.cc(665)] Failed to read DnsConfig.
[0406/005459:WARNING:dns_config_service_win.cc(665)] Failed to read DnsConfig.
[0406/005504:WARNING:dns_config_service_win.cc(665)] Failed to read DnsConfig.
[0406/005509:WARNING:dns_config_service_win.cc(665)] Failed to read DnsConfig.
[0406/005515:WARNING:dns_config_service_win.cc(665)] Failed to read DnsConfig.
[0406/005520:WARNING:dns_config_service_win.cc(665)] Failed to read DnsConfig.
[0406/005525:WARNING:dns_config_service_win.cc(665)] Failed to read DnsConfig.
[0406/005530:WARNING:dns_config_service_win.cc(665)] Failed to read DnsConfig.
[0406/005535:WARNING:dns_config_service_win.cc(665)] Failed to read DnsConfig.
[0406/005540:WARNING:dns_config_service_win.cc(665)] Failed to read DnsConfig.
[0406/005545:WARNING:dns_config_service_win.cc(665)] Failed to read DnsConfig.
[0406/005550:WARNING:dns_config_service_win.cc(665)] Failed to read DnsConfig.
[0406/005555:WARNING:dns_config_service_win.cc(665)] Failed to read DnsConfig.
[0406/005600:WARNING:dns_config_service_win.cc(665)] Failed to read DnsConfig.
[0406/005605:WARNING:dns_config_service_win.cc(665)] Failed to read DnsConfig.
[0406/005610:WARNING:dns_config_service_win.cc(665)] Failed to read DnsConfig.
[0406/005615:WARNING:dns_config_service_win.cc(665)] Failed to read DnsConfig.
[0406/005620:WARNING:dns_config_service_win.cc(665)] Failed to read DnsConfig.
[0406/005625:WARNING:dns_config_service_win.cc(665)] Failed to read DnsConfig.
[0406/005630:WARNING:dns_config_service_win.cc(665)] Failed to read DnsConfig.
[0406/005635:WARNING:dns_config_service_win.cc(665)] Failed to read DnsConfig.
[0406/005640:WARNING:dns_config_service_win.cc(665)] Failed to read DnsConfig.
[0406/005645:WARNING:dns_config_service_win.cc(665)] Failed to read DnsConfig.
[0406/005650:WARNING:dns_config_service_win.cc(665)] Failed to read DnsConfig.
[0406/005655:WARNING:dns_config_service_win.cc(665)] Failed to read DnsConfig.
[0406/005700:WARNING:dns_config_service_win.cc(665)] Failed to read DnsConfig.
[0406/005705:WARNING:dns_config_service_win.cc(665)] Failed to read DnsConfig.
[0406/005710:WARNING:dns_config_service_win.cc(665)] Failed to read DnsConfig.
[0406/005715:WARNING:dns_config_service_win.cc(665)] Failed to read DnsConfig.
[0406/005720:WARNING:dns_config_service_win.cc(665)] Failed to read DnsConfig.
[0406/005725:WARNING:dns_config_service_win.cc(665)] Failed to read DnsConfig.
[0406/005730:WARNING:dns_config_service_win.cc(665)] Failed to read DnsConfig.
[0406/005735:WARNING:dns_config_service_win.cc(665)] Failed to read DnsConfig.
[0406/005740:WARNING:dns_config_service_win.cc(665)] Failed to read DnsConfig.
[0406/005745:WARNING:dns_config_service_win.cc(665)] Failed to read DnsConfig.
[0406/005750:WARNING:dns_config_service_win.cc(665)] Failed to read DnsConfig.
[0406/005755:WARNING:dns_config_service_win.cc(665)] Failed to read DnsConfig.
[0406/005800:WARNING:dns_config_service_win.cc(665)] Failed to read DnsConfig.
[0406/005805:WARNING:dns_config_service_win.cc(665)] Failed to read DnsConfig.
[0406/005810:WARNING:dns_config_service_win.cc(665)] Failed to read DnsConfig.
[0406/005815:WARNING:dns_config_service_win.cc(665)] Failed to read DnsConfig.
[0406/005820:WARNING:dns_config_service_win.cc(665)] Failed to read DnsConfig.
[0406/005825:WARNING:dns_config_service_win.cc(665)] Failed to read DnsConfig.
[0406/005830:WARNING:dns_config_service_win.cc(665)] Failed to read DnsConfig.
[0406/005835:WARNING:dns_config_service_win.cc(665)] Failed to read DnsConfig.
[0406/005840:WARNING:dns_config_service_win.cc(665)] Failed to read DnsConfig.
[0406/005845:WARNING:dns_config_service_win.cc(665)] Failed to read DnsConfig.
[0406/005850:WARNING:dns_config_service_win.cc(665)] Failed to read DnsConfig.
[0406/005855:WARNING:dns_config_service_win.cc(665)] Failed to read DnsConfig.
[0406/005900:WARNING:dns_config_service_win.cc(665)] Failed to read DnsConfig.
[0406/005905:WARNING:dns_config_service_win.cc(665)] Failed to read DnsConfig.
[0406/005910:WARNING:dns_config_service_win.cc(665)] Failed to read DnsConfig.
[0406/005915:WARNING:dns_config_service_win.cc(665)] Failed to read DnsConfig.
[0406/005920:WARNING:dns_config_service_win.cc(665)] Failed to read DnsConfig.
[0406/005925:WARNING:dns_config_service_win.cc(665)] Failed to read DnsConfig.
[0406/005930:WARNING:dns_config_service_win.cc(665)] Failed to read DnsConfig.
[0406/005935:WARNING:dns_config_service_win.cc(665)] Failed to read DnsConfig.
[0406/005940:WARNING:dns_config_service_win.cc(665)] Failed to read DnsConfig.
[0406/005945:WARNING:dns_config_service_win.cc(665)] Failed to read DnsConfig.
[0406/005950:WARNING:dns_config_service_win.cc(665)] Failed to read DnsConfig.
[0406/005955:WARNING:dns_config_service_win.cc(665)] Failed to read DnsConfig.
[0406/010000:WARNING:dns_config_service_win.cc(665)] Failed to read DnsConfig.
[0406/010005:WARNING:dns_config_service_win.cc(665)] Failed to read DnsConfig.
[0406/010010:WARNING:dns_config_service_win.cc(665)] Failed to read DnsConfig.
[0406/010015:WARNING:dns_config_service_win.cc(665)] Failed to read DnsConfig.
[0406/010020:WARNING:dns_config_service_win.cc(665)] Failed to read DnsConfig.
[0406/010025:WARNING:dns_config_service_win.cc(665)] Failed to read DnsConfig.
[0406/010030:WARNING:dns_config_service_win.cc(665)] Failed to read DnsConfig.
[0406/010035:WARNING:dns_config_service_win.cc(665)] Failed to read DnsConfig.
[0406/010040:WARNING:dns_config_service_win.cc(665)] Failed to read DnsConfig.
[0406/010045:WARNING:dns_config_service_win.cc(665)] Failed to read DnsConfig.
[0406/010050:WARNING:dns_config_service_win.cc(665)] Failed to read DnsConfig.
[0406/010055:WARNING:dns_config_service_win.cc(665)] Failed to read DnsConfig.
[0406/010100:WARNING:dns_config_service_win.cc(665)] Failed to read DnsConfig.
[0406/010105:WARNING:dns_config_service_win.cc(665)] Failed to read DnsConfig.
[0406/010110:WARNING:dns_config_service_win.cc(665)] Failed to read DnsConfig.
[0406/010115:WARNING:dns_config_service_win.cc(665)] Failed to read DnsConfig.
[0406/010120:WARNING:dns_config_service_win.cc(665)] Failed to read DnsConfig.
[0406/010126:WARNING:dns_config_service_win.cc(665)] Failed to read DnsConfig.
[0406/010131:WARNING:dns_config_service_win.cc(665)] Failed to read DnsConfig.
[0406/010136:WARNING:dns_config_service_win.cc(665)] Failed to read DnsConfig.
[0406/010141:WARNING:dns_config_service_win.cc(665)] Failed to read DnsConfig.
[0406/010146:WARNING:dns_config_service_win.cc(665)] Failed to read DnsConfig.
[0406/010151:WARNING:dns_config_service_win.cc(665)] Failed to read DnsConfig.
[0406/010156:WARNING:dns_config_service_win.cc(665)] Failed to read DnsConfig.
[0406/010201:WARNING:dns_config_service_win.cc(665)] Failed to read DnsConfig.
[0406/010206:WARNING:dns_config_service_win.cc(665)] Failed to read DnsConfig.
[0406/010211:WARNING:dns_config_service_win.cc(665)] Failed to read DnsConfig.
[0406/010216:WARNING:dns_config_service_win.cc(665)] Failed to read DnsConfig.
[0406/010221:WARNING:dns_config_service_win.cc(665)] Failed to read DnsConfig.
[0406/010226:WARNING:dns_config_service_win.cc(665)] Failed to read DnsConfig.
[0406/010231:WARNING:dns_config_service_win.cc(665)] Failed to read DnsConfig.
[0406/010236:WARNING:dns_config_service_win.cc(665)] Failed to read DnsConfig.
[0406/010241:WARNING:dns_config_service_win.cc(665)] Failed to read DnsConfig.
[0406/010246:WARNING:dns_config_service_win.cc(665)] Failed to read DnsConfig.
[0406/010251:WARNING:dns_config_service_win.cc(665)] Failed to read DnsConfig.
[0406/010256:WARNING:dns_config_service_win.cc(665)] Failed to read DnsConfig.
[0406/010301:WARNING:dns_config_service_win.cc(665)] Failed to read DnsConfig.
[0406/010306:WARNING:dns_config_service_win.cc(665)] Failed to read DnsConfig.
[0406/010311:WARNING:dns_config_service_win.cc(665)] Failed to read DnsConfig.
[0406/010316:WARNING:dns_config_service_win.cc(665)] Failed to read DnsConfig.
[0406/010321:WARNING:dns_config_service_win.cc(665)] Failed to read DnsConfig.
[0406/010326:WARNING:dns_config_service_win.cc(665)] Failed to read DnsConfig.
[0406/010331:WARNING:dns_config_service_win.cc(665)] Failed to read DnsConfig.
[0406/010336:WARNING:dns_config_service_win.cc(665)] Failed to read DnsConfig.
[0406/010341:WARNING:dns_config_service_win.cc(665)] Failed to read DnsConfig.
[0406/010346:WARNING:dns_config_service_win.cc(665)] Failed to read DnsConfig.
[0406/010351:WARNING:dns_config_service_win.cc(665)] Failed to read DnsConfig.
[0406/010356:WARNING:dns_config_service_win.cc(665)] Failed to read DnsConfig.
[0406/010401:WARNING:dns_config_service_win.cc(665)] Failed to read DnsConfig.
[0406/010406:WARNING:dns_config_service_win.cc(665)] Failed to read DnsConfig.
[0406/010411:WARNING:dns_config_service_win.cc(665)] Failed to read DnsConfig.
[0406/010416:WARNING:dns_config_service_win.cc(665)] Failed to read DnsConfig.
[0406/010421:WARNING:dns_config_service_win.cc(665)] Failed to read DnsConfig.
[0406/010426:WARNING:dns_config_service_win.cc(665)] Failed to read DnsConfig.
[0406/010431:WARNING:dns_config_service_win.cc(665)] Failed to read DnsConfig.
[0406/010436:WARNING:dns_config_service_win.cc(665)] Failed to read DnsConfig.
[0406/010441:WARNING:dns_config_service_win.cc(665)] Failed to read DnsConfig.
[0406/010446:WARNING:dns_config_service_win.cc(665)] Failed to read DnsConfig.
[0406/010451:WARNING:dns_config_service_win.cc(665)] Failed to read DnsConfig.
[0406/010456:WARNING:dns_config_service_win.cc(665)] Failed to read DnsConfig.
[0406/010501:WARNING:dns_config_service_win.cc(665)] Failed to read DnsConfig.
[0406/010506:WARNING:dns_config_service_win.cc(665)] Failed to read DnsConfig.
[0406/010511:WARNING:dns_config_service_win.cc(665)] Failed to read DnsConfig.
[0406/010516:WARNING:dns_config_service_win.cc(665)] Failed to read DnsConfig.
[0406/010521:WARNING:dns_config_service_win.cc(665)] Failed to read DnsConfig.
[0406/010526:WARNING:dns_config_service_win.cc(665)] Failed to read DnsConfig.
[0406/010531:WARNING:dns_config_service_win.cc(665)] Failed to read DnsConfig.
[0406/010536:WARNING:dns_config_service_win.cc(665)] Failed to read DnsConfig.
[0406/010541:WARNING:dns_config_service_win.cc(665)] Failed to read DnsConfig.
[0406/010546:WARNING:dns_config_service_win.cc(665)] Failed to read DnsConfig.
[0406/010551:WARNING:dns_config_service_win.cc(665)] Failed to read DnsConfig.
[0406/010556:WARNING:dns_config_service_win.cc(665)] Failed to read DnsConfig.
[0406/010601:WARNING:dns_config_service_win.cc(665)] Failed to read DnsConfig.
[0406/010606:WARNING:dns_config_service_win.cc(665)] Failed to read DnsConfig.
[0406/010611:WARNING:dns_config_service_win.cc(665)] Failed to read DnsConfig.
[0406/010616:WARNING:dns_config_service_win.cc(665)] Failed to read DnsConfig.
[0406/010621:WARNING:dns_config_service_win.cc(665)] Failed to read DnsConfig.
[0406/010626:WARNING:dns_config_service_win.cc(665)] Failed to read DnsConfig.
[0406/010631:WARNING:dns_config_service_win.cc(665)] Failed to read DnsConfig.
[0406/010636:WARNING:dns_config_service_win.cc(665)] Failed to read DnsConfig.
[0406/010641:WARNING:dns_config_service_win.cc(665)] Failed to read DnsConfig.
[0406/010646:WARNING:dns_config_service_win.cc(665)] Failed to read DnsConfig.
[0406/010651:WARNING:dns_config_service_win.cc(665)] Failed to read DnsConfig.
[0406/010656:WARNING:dns_config_service_win.cc(665)] Failed to read DnsConfig.
[0406/010701:WARNING:dns_config_service_win.cc(665)] Failed to read DnsConfig.
[0406/010706:WARNING:dns_config_service_win.cc(665)] Failed to read DnsConfig.
[0406/010711:WARNING:dns_config_service_win.cc(665)] Failed to read DnsConfig.
[0406/010716:WARNING:dns_config_service_win.cc(665)] Failed to read DnsConfig.
[0406/010721:WARNING:dns_config_service_win.cc(665)] Failed to read DnsConfig.
[0406/010726:WARNING:dns_config_service_win.cc(665)] Failed to read DnsConfig.
[0406/010731:WARNING:dns_config_service_win.cc(665)] Failed to read DnsConfig.
[0406/010736:WARNING:dns_config_service_win.cc(665)] Failed to read DnsConfig.
[0406/010741:WARNING:dns_config_service_win.cc(665)] Failed to read DnsConfig.
[0406/010746:WARNING:dns_config_service_win.cc(665)] Failed to read DnsConfig.
[0406/010751:WARNING:dns_config_service_win.cc(665)] Failed to read DnsConfig.
[0406/010756:WARNING:dns_config_service_win.cc(665)] Failed to read DnsConfig.
[0406/010802:WARNING:dns_config_service_win.cc(665)] Failed to read DnsConfig.
[0406/010807:WARNING:dns_config_service_win.cc(665)] Failed to read DnsConfig.
[0406/010812:WARNING:dns_config_service_win.cc(665)] Failed to read DnsConfig.
[0406/010817:WARNING:dns_config_service_win.cc(665)] Failed to read DnsConfig.
[0406/010822:WARNING:dns_config_service_win.cc(665)] Failed to read DnsConfig.
[0406/010827:WARNING:dns_config_service_win.cc(665)] Failed to read DnsConfig.
[0406/010832:WARNING:dns_config_service_win.cc(665)] Failed to read DnsConfig.
[0406/010837:WARNING:dns_config_service_win.cc(665)] Failed to read DnsConfig.
[0406/010842:WARNING:dns_config_service_win.cc(665)] Failed to read DnsConfig.
[0406/010847:WARNING:dns_config_service_win.cc(665)] Failed to read DnsConfig.
[0406/010852:WARNING:dns_config_service_win.cc(665)] Failed to read DnsConfig.
[0406/010857:WARNING:dns_config_service_win.cc(665)] Failed to read DnsConfig.
[0406/010902:WARNING:dns_config_service_win.cc(665)] Failed to read DnsConfig.
[0406/010907:WARNING:dns_config_service_win.cc(665)] Failed to read DnsConfig.
[0406/010912:WARNING:dns_config_service_win.cc(665)] Failed to read DnsConfig.
[0406/010917:WARNING:dns_config_service_win.cc(665)] Failed to read DnsConfig.
[0406/010922:WARNING:dns_config_service_win.cc(665)] Failed to read DnsConfig.
[0406/010927:WARNING:dns_config_service_win.cc(665)] Failed to read DnsConfig.
[0406/010932:WARNING:dns_config_service_win.cc(665)] Failed to read DnsConfig.
[0406/010937:WARNING:dns_config_service_win.cc(665)] Failed to read DnsConfig.
[0406/010942:WARNING:dns_config_service_win.cc(665)] Failed to read DnsConfig.
[0406/010947:WARNING:dns_config_service_win.cc(665)] Failed to read DnsConfig.
[0406/010952:WARNING:dns_config_service_win.cc(665)] Failed to read DnsConfig.
[0406/010957:WARNING:dns_config_service_win.cc(665)] Failed to read DnsConfig.
[0406/011002:WARNING:dns_config_service_win.cc(665)] Failed to read DnsConfig.
[0406/011007:WARNING:dns_config_service_win.cc(665)] Failed to read DnsConfig.
[0406/011012:WARNING:dns_config_service_win.cc(665)] Failed to read DnsConfig.
[0406/011017:WARNING:dns_config_service_win.cc(665)] Failed to read DnsConfig.
[0406/011022:WARNING:dns_config_service_win.cc(665)] Failed to read DnsConfig.
[0406/011027:WARNING:dns_config_service_win.cc(665)] Failed to read DnsConfig.
[0406/011032:WARNING:dns_config_service_win.cc(665)] Failed to read DnsConfig.
[0406/011037:WARNING:dns_config_service_win.cc(665)] Failed to read DnsConfig.
[0406/011042:WARNING:dns_config_service_win.cc(665)] Failed to read DnsConfig.
[0406/011047:WARNING:dns_config_service_win.cc(665)] Failed to read DnsConfig.
[0406/011052:WARNING:dns_config_service_win.cc(665)] Failed to read DnsConfig.
[0406/011057:WARNING:dns_config_service_win.cc(665)] Failed to read DnsConfig.
[0406/011102:WARNING:dns_config_service_win.cc(665)] Failed to read DnsConfig.
[0406/011107:WARNING:dns_config_service_win.cc(665)] Failed to read DnsConfig.
[0406/011112:WARNING:dns_config_service_win.cc(665)] Failed to read DnsConfig.
[0406/011117:WARNING:dns_config_service_win.cc(665)] Failed to read DnsConfig.
[0406/011122:WARNING:dns_config_service_win.cc(665)] Failed to read DnsConfig.
[0406/011127:WARNING:dns_config_service_win.cc(665)] Failed to read DnsConfig.
[0406/011132:WARNING:dns_config_service_win.cc(665)] Failed to read DnsConfig.
[0406/011137:WARNING:dns_config_service_win.cc(665)] Failed to read DnsConfig.
[0406/011142:WARNING:dns_config_service_win.cc(665)] Failed to read DnsConfig.
[0406/011147:WARNING:dns_config_service_win.cc(665)] Failed to read DnsConfig.
[0406/011152:WARNING:dns_config_service_win.cc(665)] Failed to read DnsConfig.
[0406/011157:WARNING:dns_config_service_win.cc(665)] Failed to read DnsConfig.
[0406/011202:WARNING:dns_config_service_win.cc(665)] Failed to read DnsConfig.
[0406/011207:WARNING:dns_config_service_win.cc(665)] Failed to read DnsConfig.
[0406/011212:WARNING:dns_config_service_win.cc(665)] Failed to read DnsConfig.
[0406/011217:WARNING:dns_config_service_win.cc(665)] Failed to read DnsConfig.
[0406/011222:WARNING:dns_config_service_win.cc(665)] Failed to read DnsConfig.
[0406/011227:WARNING:dns_config_service_win.cc(665)] Failed to read DnsConfig.
[0406/011232:WARNING:dns_config_service_win.cc(665)] Failed to read DnsConfig.
[0406/011237:WARNING:dns_config_service_win.cc(665)] Failed to read DnsConfig.
[0406/011242:WARNING:dns_config_service_win.cc(665)] Failed to read DnsConfig.
[0406/011247:WARNING:dns_config_service_win.cc(665)] Failed to read DnsConfig.
[0406/011252:WARNING:dns_config_service_win.cc(665)] Failed to read DnsConfig.
[0406/011257:WARNING:dns_config_service_win.cc(665)] Failed to read DnsConfig.
[0406/011302:WARNING:dns_config_service_win.cc(665)] Failed to read DnsConfig.
[0406/011307:WARNING:dns_config_service_win.cc(665)] Failed to read DnsConfig.
[0406/011312:WARNING:dns_config_service_win.cc(665)] Failed to read DnsConfig.
[0406/011317:WARNING:dns_config_service_win.cc(665)] Failed to read DnsConfig.
[0406/011322:WARNING:dns_config_service_win.cc(665)] Failed to read DnsConfig.
[0406/011327:WARNING:dns_config_service_win.cc(665)] Failed to read DnsConfig.
[0406/011332:WARNING:dns_config_service_win.cc(665)] Failed to read DnsConfig.
[0406/011337:WARNING:dns_config_service_win.cc(665)] Failed to read DnsConfig.
[0406/011342:WARNING:dns_config_service_win.cc(665)] Failed to read DnsConfig.
[0406/011347:WARNING:dns_config_service_win.cc(665)] Failed to read DnsConfig.
[0406/011352:WARNING:dns_config_service_win.cc(665)] Failed to read DnsConfig.
[0406/011357:WARNING:dns_config_service_win.cc(665)] Failed to read DnsConfig.
[0406/011402:WARNING:dns_config_service_win.cc(665)] Failed to read DnsConfig.
[0406/011407:WARNING:dns_config_service_win.cc(665)] Failed to read DnsConfig.
[0406/011413:WARNING:dns_config_service_win.cc(665)] Failed to read DnsConfig.
[0406/011418:WARNING:dns_config_service_win.cc(665)] Failed to read DnsConfig.
[0406/011423:WARNING:dns_config_service_win.cc(665)] Failed to read DnsConfig.
[0406/011428:WARNING:dns_config_service_win.cc(665)] Failed to read DnsConfig.
[0406/011433:WARNING:dns_config_service_win.cc(665)] Failed to read DnsConfig.
[0406/011438:WARNING:dns_config_service_win.cc(665)] Failed to read DnsConfig.
[0406/011443:WARNING:dns_config_service_win.cc(665)] Failed to read DnsConfig.
[0406/011448:WARNING:dns_config_service_win.cc(665)] Failed to read DnsConfig.
[0406/011453:WARNING:dns_config_service_win.cc(665)] Failed to read DnsConfig.
[0406/011458:WARNING:dns_config_service_win.cc(665)] Failed to read DnsConfig.
[0406/011503:WARNING:dns_config_service_win.cc(665)] Failed to read DnsConfig.
[0406/011508:WARNING:dns_config_service_win.cc(665)] Failed to read DnsConfig.
[0406/011513:WARNING:dns_config_service_win.cc(665)] Failed to read DnsConfig.
[0406/011518:WARNING:dns_config_service_win.cc(665)] Failed to read DnsConfig.
[0406/011523:WARNING:dns_config_service_win.cc(665)] Failed to read DnsConfig.
[0406/011528:WARNING:dns_config_service_win.cc(665)] Failed to read DnsConfig.
[0406/011533:WARNING:dns_config_service_win.cc(665)] Failed to read DnsConfig.
[0406/011538:WARNING:dns_config_service_win.cc(665)] Failed to read DnsConfig.
[0406/011543:WARNING:dns_config_service_win.cc(665)] Failed to read DnsConfig.
[0406/011548:WARNING:dns_config_service_win.cc(665)] Failed to read DnsConfig.
[0406/011553:WARNING:dns_config_service_win.cc(665)] Failed to read DnsConfig.
[0406/011558:WARNING:dns_config_service_win.cc(665)] Failed to read DnsConfig.
[0406/011603:WARNING:dns_config_service_win.cc(665)] Failed to read DnsConfig.
[0406/011608:WARNING:dns_config_service_win.cc(665)] Failed to read DnsConfig.
[0406/011613:WARNING:dns_config_service_win.cc(665)] Failed to read DnsConfig.
[0406/011618:WARNING:dns_config_service_win.cc(665)] Failed to read DnsConfig.
[0406/011623:WARNING:dns_config_service_win.cc(665)] Failed to read DnsConfig.
[0406/011628:WARNING:dns_config_service_win.cc(665)] Failed to read DnsConfig.
[0406/011633:WARNING:dns_config_service_win.cc(665)] Failed to read DnsConfig.
[0406/011638:WARNING:dns_config_service_win.cc(665)] Failed to read DnsConfig.
[0406/011643:WARNING:dns_config_service_win.cc(665)] Failed to read DnsConfig.
[0406/011648:WARNING:dns_config_service_win.cc(665)] Failed to read DnsConfig.
[0406/011653:WARNING:dns_config_service_win.cc(665)] Failed to read DnsConfig.
[0406/011658:WARNING:dns_config_service_win.cc(665)] Failed to read DnsConfig.
[0406/011703:WARNING:dns_config_service_win.cc(665)] Failed to read DnsConfig.
[0406/011708:WARNING:dns_config_service_win.cc(665)] Failed to read DnsConfig.
[0406/011713:WARNING:dns_config_service_win.cc(665)] Failed to read DnsConfig.
[0406/011718:WARNING:dns_config_service_win.cc(665)] Failed to read DnsConfig.
[0406/011723:WARNING:dns_config_service_win.cc(665)] Failed to read DnsConfig.
[0406/011728:WARNING:dns_config_service_win.cc(665)] Failed to read DnsConfig.
[0406/011733:WARNING:dns_config_service_win.cc(665)] Failed to read DnsConfig.
[0406/011738:WARNING:dns_config_service_win.cc(665)] Failed to read DnsConfig.
[0406/011743:WARNING:dns_config_service_win.cc(665)] Failed to read DnsConfig.
[0406/011748:WARNING:dns_config_service_win.cc(665)] Failed to read DnsConfig.
[0406/011753:WARNING:dns_config_service_win.cc(665)] Failed to read DnsConfig.
[0406/011758:WARNING:dns_config_service_win.cc(665)] Failed to read DnsConfig.
[0406/011803:WARNING:dns_config_service_win.cc(665)] Failed to read DnsConfig.
[0406/011808:WARNING:dns_config_service_win.cc(665)] Failed to read DnsConfig.
[0406/011813:WARNING:dns_config_service_win.cc(665)] Failed to read DnsConfig.
[0406/011818:WARNING:dns_config_service_win.cc(665)] Failed to read DnsConfig.
[0406/011823:WARNING:dns_config_service_win.cc(665)] Failed to read DnsConfig.
[0406/011828:WARNING:dns_config_service_win.cc(665)] Failed to read DnsConfig.
[0406/011833:WARNING:dns_config_service_win.cc(665)] Failed to read DnsConfig.
[0406/011838:WARNING:dns_config_service_win.cc(665)] Failed to read DnsConfig.
[0406/011843:WARNING:dns_config_service_win.cc(665)] Failed to read DnsConfig.
[0406/011848:WARNING:dns_config_service_win.cc(665)] Failed to read DnsConfig.
[0406/011853:WARNING:dns_config_service_win.cc(665)] Failed to read DnsConfig.
[0406/011858:WARNING:dns_config_service_win.cc(665)] Failed to read DnsConfig.
[0406/011903:WARNING:dns_config_service_win.cc(665)] Failed to read DnsConfig.
[0406/011908:WARNING:dns_config_service_win.cc(665)] Failed to read DnsConfig.
[0406/011913:WARNING:dns_config_service_win.cc(665)] Failed to read DnsConfig.
[0406/011918:WARNING:dns_config_service_win.cc(665)] Failed to read DnsConfig.
[0406/011924:WARNING:dns_config_service_win.cc(665)] Failed to read DnsConfig.
[0406/011929:WARNING:dns_config_service_win.cc(665)] Failed to read DnsConfig.
[0406/011934:WARNING:dns_config_service_win.cc(665)] Failed to read DnsConfig.
[0406/011939:WARNING:dns_config_service_win.cc(665)] Failed to read DnsConfig.
[0406/011944:WARNING:dns_config_service_win.cc(665)] Failed to read DnsConfig.
[0406/011949:WARNING:dns_config_service_win.cc(665)] Failed to read DnsConfig.
[0406/011954:WARNING:dns_config_service_win.cc(665)] Failed to read DnsConfig.
[0406/011959:WARNING:dns_config_service_win.cc(665)] Failed to read DnsConfig.
[0406/012004:WARNING:dns_config_service_win.cc(665)] Failed to read DnsConfig.
[0406/012009:WARNING:dns_config_service_win.cc(665)] Failed to read DnsConfig.
[0406/012014:WARNING:dns_config_service_win.cc(665)] Failed to read DnsConfig.
[0406/012019:WARNING:dns_config_service_win.cc(665)] Failed to read DnsConfig.
[0406/012024:WARNING:dns_config_service_win.cc(665)] Failed to read DnsConfig.
[0406/012029:WARNING:dns_config_service_win.cc(665)] Failed to read DnsConfig.
[0406/012034:WARNING:dns_config_service_win.cc(665)] Failed to read DnsConfig.
[0406/012039:WARNING:dns_config_service_win.cc(665)] Failed to read DnsConfig.
[0406/012044:WARNING:dns_config_service_win.cc(665)] Failed to read DnsConfig.
[0406/012049:WARNING:dns_config_service_win.cc(665)] Failed to read DnsConfig.
[0406/012054:WARNING:dns_config_service_win.cc(665)] Failed to read DnsConfig.
[0406/012059:WARNING:dns_config_service_win.cc(665)] Failed to read DnsConfig.
[0406/012104:WARNING:dns_config_service_win.cc(665)] Failed to read DnsConfig.
[0406/012109:WARNING:dns_config_service_win.cc(665)] Failed to read DnsConfig.
[0406/012114:WARNING:dns_config_service_win.cc(665)] Failed to read DnsConfig.
[0406/012119:WARNING:dns_config_service_win.cc(665)] Failed to read DnsConfig.
[0406/012124:WARNING:dns_config_service_win.cc(665)] Failed to read DnsConfig.
[0406/012129:WARNING:dns_config_service_win.cc(665)] Failed to read DnsConfig.
[0406/012134:WARNING:dns_config_service_win.cc(665)] Failed to read DnsConfig.
[0406/012139:WARNING:dns_config_service_win.cc(665)] Failed to read DnsConfig.
[0406/012144:WARNING:dns_config_service_win.cc(665)] Failed to read DnsConfig.
[0406/012149:WARNING:dns_config_service_win.cc(665)] Failed to read DnsConfig.
[0406/012154:WARNING:dns_config_service_win.cc(665)] Failed to read DnsConfig.
[0406/012159:WARNING:dns_config_service_win.cc(665)] Failed to read DnsConfig.
[0406/012204:WARNING:dns_config_service_win.cc(665)] Failed to read DnsConfig.
[0406/012209:WARNING:dns_config_service_win.cc(665)] Failed to read DnsConfig.
[0406/012214:WARNING:dns_config_service_win.cc(665)] Failed to read DnsConfig.
[0406/012219:WARNING:dns_config_service_win.cc(665)] Failed to read DnsConfig.
[0406/012224:WARNING:dns_config_service_win.cc(665)] Failed to read DnsConfig.
[0406/012229:WARNING:dns_config_service_win.cc(665)] Failed to read DnsConfig.
[0406/012234:WARNING:dns_config_service_win.cc(665)] Failed to read DnsConfig.
[0406/012239:WARNING:dns_config_service_win.cc(665)] Failed to read DnsConfig.
[0406/012244:WARNING:dns_config_service_win.cc(665)] Failed to read DnsConfig.
[0406/012249:WARNING:dns_config_service_win.cc(665)] Failed to read DnsConfig.
[0406/012254:WARNING:dns_config_service_win.cc(665)] Failed to read DnsConfig.
[0406/012259:WARNING:dns_config_service_win.cc(665)] Failed to read DnsConfig.
[0406/012304:WARNING:dns_config_service_win.cc(665)] Failed to read DnsConfig.
[0406/012309:WARNING:dns_config_service_win.cc(665)] Failed to read DnsConfig.
[0406/012314:WARNING:dns_config_service_win.cc(665)] Failed to read DnsConfig.
[0406/012319:WARNING:dns_config_service_win.cc(665)] Failed to read DnsConfig.
[0406/012324:WARNING:dns_config_service_win.cc(665)] Failed to read DnsConfig.
[0406/012329:WARNING:dns_config_service_win.cc(665)] Failed to read DnsConfig.
[0406/012334:WARNING:dns_config_service_win.cc(665)] Failed to read DnsConfig.
[0406/012339:WARNING:dns_config_service_win.cc(665)] Failed to read DnsConfig.
[0406/012344:WARNING:dns_config_service_win.cc(665)] Failed to read DnsConfig.
[0406/012349:WARNING:dns_config_service_win.cc(665)] Failed to read DnsConfig.
[0406/012354:WARNING:dns_config_service_win.cc(665)] Failed to read DnsConfig.
[0406/012359:WARNING:dns_config_service_win.cc(665)] Failed to read DnsConfig.
[0406/012404:WARNING:dns_config_service_win.cc(665)] Failed to read DnsConfig.
[0406/012409:WARNING:dns_config_service_win.cc(665)] Failed to read DnsConfig.
[0406/012414:WARNING:dns_config_service_win.cc(665)] Failed to read DnsConfig.
[0406/012419:WARNING:dns_config_service_win.cc(665)] Failed to read DnsConfig.
[0406/012424:WARNING:dns_config_service_win.cc(665)] Failed to read DnsConfig.
[0406/012429:WARNING:dns_config_service_win.cc(665)] Failed to read DnsConfig.
[0406/012435:WARNING:dns_config_service_win.cc(665)] Failed to read DnsConfig.
[0406/012440:WARNING:dns_config_service_win.cc(665)] Failed to read DnsConfig.
[0406/012445:WARNING:dns_config_service_win.cc(665)] Failed to read DnsConfig.
[0406/012450:WARNING:dns_config_service_win.cc(665)] Failed to read DnsConfig.
[0406/012455:WARNING:dns_config_service_win.cc(665)] Failed to read DnsConfig.
[0406/012500:WARNING:dns_config_service_win.cc(665)] Failed to read DnsConfig.
[0406/012505:WARNING:dns_config_service_win.cc(665)] Failed to read DnsConfig.
[0406/012510:WARNING:dns_config_service_win.cc(665)] Failed to read DnsConfig.
[0406/012515:WARNING:dns_config_service_win.cc(665)] Failed to read DnsConfig.
[0406/012520:WARNING:dns_config_service_win.cc(665)] Failed to read DnsConfig.
[0406/012525:WARNING:dns_config_service_win.cc(665)] Failed to read DnsConfig.
[0406/012530:WARNING:dns_config_service_win.cc(665)] Failed to read DnsConfig.
[0406/012535:WARNING:dns_config_service_win.cc(665)] Failed to read DnsConfig.
[0406/012540:WARNING:dns_config_service_win.cc(665)] Failed to read DnsConfig.
[0406/012545:WARNING:dns_config_service_win.cc(665)] Failed to read DnsConfig.
[0406/012550:WARNING:dns_config_service_win.cc(665)] Failed to read DnsConfig.
[0406/012555:WARNING:dns_config_service_win.cc(665)] Failed to read DnsConfig.
[0406/012600:WARNING:dns_config_service_win.cc(665)] Failed to read DnsConfig.
[0406/012605:WARNING:dns_config_service_win.cc(665)] Failed to read DnsConfig.
[0406/012610:WARNING:dns_config_service_win.cc(665)] Failed to read DnsConfig.
[0406/012615:WARNING:dns_config_service_win.cc(665)] Failed to read DnsConfig.
[0406/012620:WARNING:dns_config_service_win.cc(665)] Failed to read DnsConfig.
[0406/012625:WARNING:dns_config_service_win.cc(665)] Failed to read DnsConfig.
[0406/012630:WARNING:dns_config_service_win.cc(665)] Failed to read DnsConfig.
[0406/012635:WARNING:dns_config_service_win.cc(665)] Failed to read DnsConfig.
[0406/012640:WARNING:dns_config_service_win.cc(665)] Failed to read DnsConfig.
[0406/012645:WARNING:dns_config_service_win.cc(665)] Failed to read DnsConfig.
[0406/012650:WARNING:dns_config_service_win.cc(665)] Failed to read DnsConfig.
[0406/012655:WARNING:dns_config_service_win.cc(665)] Failed to read DnsConfig.
[0406/012700:WARNING:dns_config_service_win.cc(665)] Failed to read DnsConfig.
[0406/012705:WARNING:dns_config_service_win.cc(665)] Failed to read DnsConfig.
[0406/012710:WARNING:dns_config_service_win.cc(665)] Failed to read DnsConfig.
[0406/012715:WARNING:dns_config_service_win.cc(665)] Failed to read DnsConfig.
[0406/012720:WARNING:dns_config_service_win.cc(665)] Failed to read DnsConfig.
[0406/012725:WARNING:dns_config_service_win.cc(665)] Failed to read DnsConfig.
[0406/012730:WARNING:dns_config_service_win.cc(665)] Failed to read DnsConfig.
[0406/012735:WARNING:dns_config_service_win.cc(665)] Failed to read DnsConfig.
[0406/012740:WARNING:dns_config_service_win.cc(665)] Failed to read DnsConfig.
[0406/012745:WARNING:dns_config_service_win.cc(665)] Failed to read DnsConfig.
[0406/012750:WARNING:dns_config_service_win.cc(665)] Failed to read DnsConfig.
[0406/012755:WARNING:dns_config_service_win.cc(665)] Failed to read DnsConfig.
[0406/012800:WARNING:dns_config_service_win.cc(665)] Failed to read DnsConfig.
[0406/012805:WARNING:dns_config_service_win.cc(665)] Failed to read DnsConfig.
[0406/012810:WARNING:dns_config_service_win.cc(665)] Failed to read DnsConfig.
[0406/012815:WARNING:dns_config_service_win.cc(665)] Failed to read DnsConfig.
[0406/012820:WARNING:dns_config_service_win.cc(665)] Failed to read DnsConfig.
[0406/012825:WARNING:dns_config_service_win.cc(665)] Failed to read DnsConfig.
[0406/012830:WARNING:dns_config_service_win.cc(665)] Failed to read DnsConfig.
[0406/012835:WARNING:dns_config_service_win.cc(665)] Failed to read DnsConfig.
[0406/012840:WARNING:dns_config_service_win.cc(665)] Failed to read DnsConfig.
[0406/012845:WARNING:dns_config_service_win.cc(665)] Failed to read DnsConfig.
[0406/012850:WARNING:dns_config_service_win.cc(665)] Failed to read DnsConfig.
[0406/012855:WARNING:dns_config_service_win.cc(665)] Failed to read DnsConfig.
[0406/012900:WARNING:dns_config_service_win.cc(665)] Failed to read DnsConfig.
[0406/012905:WARNING:dns_config_service_win.cc(665)] Failed to read DnsConfig.
[0406/012910:WARNING:dns_config_service_win.cc(665)] Failed to read DnsConfig.
[0406/012915:WARNING:dns_config_service_win.cc(665)] Failed to read DnsConfig.
[0406/012920:WARNING:dns_config_service_win.cc(665)] Failed to read DnsConfig.
[0406/012925:WARNING:dns_config_service_win.cc(665)] Failed to read DnsConfig.
[0406/012930:WARNING:dns_config_service_win.cc(665)] Failed to read DnsConfig.
[0406/012935:WARNING:dns_config_service_win.cc(665)] Failed to read DnsConfig.
[0406/012940:WARNING:dns_config_service_win.cc(665)] Failed to read DnsConfig.
[0406/012946:WARNING:dns_config_service_win.cc(665)] Failed to read DnsConfig.
[0406/012951:WARNING:dns_config_service_win.cc(665)] Failed to read DnsConfig.
[0406/012956:WARNING:dns_config_service_win.cc(665)] Failed to read DnsConfig.
[0406/013001:WARNING:dns_config_service_win.cc(665)] Failed to read DnsConfig.
[0406/013006:WARNING:dns_config_service_win.cc(665)] Failed to read DnsConfig.
[0406/013011:WARNING:dns_config_service_win.cc(665)] Failed to read DnsConfig.
[0406/013016:WARNING:dns_config_service_win.cc(665)] Failed to read DnsConfig.
[0406/013021:WARNING:dns_config_service_win.cc(665)] Failed to read DnsConfig.
[0406/013026:WARNING:dns_config_service_win.cc(665)] Failed to read DnsConfig.
[0406/013031:WARNING:dns_config_service_win.cc(665)] Failed to read DnsConfig.
[0406/013036:WARNING:dns_config_service_win.cc(665)] Failed to read DnsConfig.
[0406/013041:WARNING:dns_config_service_win.cc(665)] Failed to read DnsConfig.
[0406/013046:WARNING:dns_config_service_win.cc(665)] Failed to read DnsConfig.
[0406/013051:WARNING:dns_config_service_win.cc(665)] Failed to read DnsConfig.
[0406/013056:WARNING:dns_config_service_win.cc(665)] Failed to read DnsConfig.
[0406/013101:WARNING:dns_config_service_win.cc(665)] Failed to read DnsConfig.
[0406/013106:WARNING:dns_config_service_win.cc(665)] Failed to read DnsConfig.
[0406/013111:WARNING:dns_config_service_win.cc(665)] Failed to read DnsConfig.
[0406/013116:WARNING:dns_config_service_win.cc(665)] Failed to read DnsConfig.
[0406/013121:WARNING:dns_config_service_win.cc(665)] Failed to read DnsConfig.
[0406/013126:WARNING:dns_config_service_win.cc(665)] Failed to read DnsConfig.
[0406/013131:WARNING:dns_config_service_win.cc(665)] Failed to read DnsConfig.
[0406/013136:WARNING:dns_config_service_win.cc(665)] Failed to read DnsConfig.
[0406/013141:WARNING:dns_config_service_win.cc(665)] Failed to read DnsConfig.
[0406/013146:WARNING:dns_config_service_win.cc(665)] Failed to read DnsConfig.
[0406/013151:WARNING:dns_config_service_win.cc(665)] Failed to read DnsConfig.
[0406/013156:WARNING:dns_config_service_win.cc(665)] Failed to read DnsConfig.
[0406/013201:WARNING:dns_config_service_win.cc(665)] Failed to read DnsConfig.
[0406/013206:WARNING:dns_config_service_win.cc(665)] Failed to read DnsConfig.
[0406/013211:WARNING:dns_config_service_win.cc(665)] Failed to read DnsConfig.
[0406/013216:WARNING:dns_config_service_win.cc(665)] Failed to read DnsConfig.
[0406/013221:WARNING:dns_config_service_win.cc(665)] Failed to read DnsConfig.
[0406/013226:WARNING:dns_config_service_win.cc(665)] Failed to read DnsConfig.
[0406/013231:WARNING:dns_config_service_win.cc(665)] Failed to read DnsConfig.
[0406/013236:WARNING:dns_config_service_win.cc(665)] Failed to read DnsConfig.
[0406/013241:WARNING:dns_config_service_win.cc(665)] Failed to read DnsConfig.
[0406/013246:WARNING:dns_config_service_win.cc(665)] Failed to read DnsConfig.
[0406/013251:WARNING:dns_config_service_win.cc(665)] Failed to read DnsConfig.
[0406/013256:WARNING:dns_config_service_win.cc(665)] Failed to read DnsConfig.
[0406/013301:WARNING:dns_config_service_win.cc(665)] Failed to read DnsConfig.
[0406/013306:WARNING:dns_config_service_win.cc(665)] Failed to read DnsConfig.
[0406/013311:WARNING:dns_config_service_win.cc(665)] Failed to read DnsConfig.
[0406/013316:WARNING:dns_config_service_win.cc(665)] Failed to read DnsConfig.
[0406/013321:WARNING:dns_config_service_win.cc(665)] Failed to read DnsConfig.
[0406/013326:WARNING:dns_config_service_win.cc(665)] Failed to read DnsConfig.
[0406/013331:WARNING:dns_config_service_win.cc(665)] Failed to read DnsConfig.
[0406/013336:WARNING:dns_config_service_win.cc(665)] Failed to read DnsConfig.
[0406/013341:WARNING:dns_config_service_win.cc(665)] Failed to read DnsConfig.
[0406/013346:WARNING:dns_config_service_win.cc(665)] Failed to read DnsConfig.
[0406/013351:WARNING:dns_config_service_win.cc(665)] Failed to read DnsConfig.
[0406/013356:WARNING:dns_config_service_win.cc(665)] Failed to read DnsConfig.
[0406/013401:WARNING:dns_config_service_win.cc(665)] Failed to read DnsConfig.
[0406/013406:WARNING:dns_config_service_win.cc(665)] Failed to read DnsConfig.
[0406/013411:WARNING:dns_config_service_win.cc(665)] Failed to read DnsConfig.
[0406/013416:WARNING:dns_config_service_win.cc(665)] Failed to read DnsConfig.
[0406/013421:WARNING:dns_config_service_win.cc(665)] Failed to read DnsConfig.
[0406/013426:WARNING:dns_config_service_win.cc(665)] Failed to read DnsConfig.
[0406/013431:WARNING:dns_config_service_win.cc(665)] Failed to read DnsConfig.
[0406/013436:WARNING:dns_config_service_win.cc(665)] Failed to read DnsConfig.
[0406/013441:WARNING:dns_config_service_win.cc(665)] Failed to read DnsConfig.
[0406/013446:WARNING:dns_config_service_win.cc(665)] Failed to read DnsConfig.
[0406/013451:WARNING:dns_config_service_win.cc(665)] Failed to read DnsConfig.
[0406/013456:WARNING:dns_config_service_win.cc(665)] Failed to read DnsConfig.
[0406/013501:WARNING:dns_config_service_win.cc(665)] Failed to read DnsConfig.
[0406/013506:WARNING:dns_config_service_win.cc(665)] Failed to read DnsConfig.
[0406/013511:WARNING:dns_config_service_win.cc(665)] Failed to read DnsConfig.
[0406/013516:WARNING:dns_config_service_win.cc(665)] Failed to read DnsConfig.
[0406/013521:WARNING:dns_config_service_win.cc(665)] Failed to read DnsConfig.
[0406/013526:WARNING:dns_config_service_win.cc(665)] Failed to read DnsConfig.
[0406/013531:WARNING:dns_config_service_win.cc(665)] Failed to read DnsConfig.
[0406/013536:WARNING:dns_config_service_win.cc(665)] Failed to read DnsConfig.
[0406/013542:WARNING:dns_config_service_win.cc(665)] Failed to read DnsConfig.
[0406/013547:WARNING:dns_config_service_win.cc(665)] Failed to read DnsConfig.
[0406/013552:WARNING:dns_config_service_win.cc(665)] Failed to read DnsConfig.
[0406/013557:WARNING:dns_config_service_win.cc(665)] Failed to read DnsConfig.
[0406/013602:WARNING:dns_config_service_win.cc(665)] Failed to read DnsConfig.
[0406/013607:WARNING:dns_config_service_win.cc(665)] Failed to read DnsConfig.
[0406/013612:WARNING:dns_config_service_win.cc(665)] Failed to read DnsConfig.
[0406/013617:WARNING:dns_config_service_win.cc(665)] Failed to read DnsConfig.
[0406/013622:WARNING:dns_config_service_win.cc(665)] Failed to read DnsConfig.
[0406/013627:WARNING:dns_config_service_win.cc(665)] Failed to read DnsConfig.
[0406/013632:WARNING:dns_config_service_win.cc(665)] Failed to read DnsConfig.
[0406/013637:WARNING:dns_config_service_win.cc(665)] Failed to read DnsConfig.
[0406/013642:WARNING:dns_config_service_win.cc(665)] Failed to read DnsConfig.
[0406/013647:WARNING:dns_config_service_win.cc(665)] Failed to read DnsConfig.
[0406/013652:WARNING:dns_config_service_win.cc(665)] Failed to read DnsConfig.
[0406/013657:WARNING:dns_config_service_win.cc(665)] Failed to read DnsConfig.
[0406/013702:WARNING:dns_config_service_win.cc(665)] Failed to read DnsConfig.
[0406/013707:WARNING:dns_config_service_win.cc(665)] Failed to read DnsConfig.
[0406/013712:WARNING:dns_config_service_win.cc(665)] Failed to read DnsConfig.
[0406/013717:WARNING:dns_config_service_win.cc(665)] Failed to read DnsConfig.
[0406/013722:WARNING:dns_config_service_win.cc(665)] Failed to read DnsConfig.
[0406/013727:WARNING:dns_config_service_win.cc(665)] Failed to read DnsConfig.
[0406/013732:WARNING:dns_config_service_win.cc(665)] Failed to read DnsConfig.
[0406/013737:WARNING:dns_config_service_win.cc(665)] Failed to read DnsConfig.
[0406/013742:WARNING:dns_config_service_win.cc(665)] Failed to read DnsConfig.
[0406/013747:WARNING:dns_config_service_win.cc(665)] Failed to read DnsConfig.
[0406/013752:WARNING:dns_config_service_win.cc(665)] Failed to read DnsConfig.
[0406/013757:WARNING:dns_config_service_win.cc(665)] Failed to read DnsConfig.
[0406/013802:WARNING:dns_config_service_win.cc(665)] Failed to read DnsConfig.
[0406/013807:WARNING:dns_config_service_win.cc(665)] Failed to read DnsConfig.
[0406/013812:WARNING:dns_config_service_win.cc(665)] Failed to read DnsConfig.
[0406/013817:WARNING:dns_config_service_win.cc(665)] Failed to read DnsConfig.
[0406/013822:WARNING:dns_config_service_win.cc(665)] Failed to read DnsConfig.
[0406/013827:WARNING:dns_config_service_win.cc(665)] Failed to read DnsConfig.
[0406/013832:WARNING:dns_config_service_win.cc(665)] Failed to read DnsConfig.
[0406/013837:WARNING:dns_config_service_win.cc(665)] Failed to read DnsConfig.
[0406/013842:WARNING:dns_config_service_win.cc(665)] Failed to read DnsConfig.
[0406/013847:WARNING:dns_config_service_win.cc(665)] Failed to read DnsConfig.
[0406/013852:WARNING:dns_config_service_win.cc(665)] Failed to read DnsConfig.
[0406/013857:WARNING:dns_config_service_win.cc(665)] Failed to read DnsConfig.
[0406/013902:WARNING:dns_config_service_win.cc(665)] Failed to read DnsConfig.
[0406/013907:WARNING:dns_config_service_win.cc(665)] Failed to read DnsConfig.
[0406/013912:WARNING:dns_config_service_win.cc(665)] Failed to read DnsConfig.
[0406/013917:WARNING:dns_config_service_win.cc(665)] Failed to read DnsConfig.
[0406/013922:WARNING:dns_config_service_win.cc(665)] Failed to read DnsConfig.
[0406/013927:WARNING:dns_config_service_win.cc(665)] Failed to read DnsConfig.
[0406/013932:WARNING:dns_config_service_win.cc(665)] Failed to read DnsConfig.
[0406/013937:WARNING:dns_config_service_win.cc(665)] Failed to read DnsConfig.
[0406/013942:WARNING:dns_config_service_win.cc(665)] Failed to read DnsConfig.
[0406/013947:WARNING:dns_config_service_win.cc(665)] Failed to read DnsConfig.
[0406/013952:WARNING:dns_config_service_win.cc(665)] Failed to read DnsConfig.
[0406/013957:WARNING:dns_config_service_win.cc(665)] Failed to read DnsConfig.
[0406/014002:WARNING:dns_config_service_win.cc(665)] Failed to read DnsConfig.
[0406/014007:WARNING:dns_config_service_win.cc(665)] Failed to read DnsConfig.
[0406/014012:WARNING:dns_config_service_win.cc(665)] Failed to read DnsConfig.
[0406/014017:WARNING:dns_config_service_win.cc(665)] Failed to read DnsConfig.
[0406/014022:WARNING:dns_config_service_win.cc(665)] Failed to read DnsConfig.
[0406/014027:WARNING:dns_config_service_win.cc(665)] Failed to read DnsConfig.
[0406/014032:WARNING:dns_config_service_win.cc(665)] Failed to read DnsConfig.
[0406/014037:WARNING:dns_config_service_win.cc(665)] Failed to read DnsConfig.
[0406/014042:WARNING:dns_config_service_win.cc(665)] Failed to read DnsConfig.
[0406/014047:WARNING:dns_config_service_win.cc(665)] Failed to read DnsConfig.
[0406/014052:WARNING:dns_config_service_win.cc(665)] Failed to read DnsConfig.
[0406/014057:WARNING:dns_config_service_win.cc(665)] Failed to read DnsConfig.
[0406/014102:WARNING:dns_config_service_win.cc(665)] Failed to read DnsConfig.
[0406/014107:WARNING:dns_config_service_win.cc(665)] Failed to read DnsConfig.
[0406/014113:WARNING:dns_config_service_win.cc(665)] Failed to read DnsConfig.
[0406/014118:WARNING:dns_config_service_win.cc(665)] Failed to read DnsConfig.
[0406/014123:WARNING:dns_config_service_win.cc(665)] Failed to read DnsConfig.
[0406/014128:WARNING:dns_config_service_win.cc(665)] Failed to read DnsConfig.
[0406/014133:WARNING:dns_config_service_win.cc(665)] Failed to read DnsConfig.
[0406/014138:WARNING:dns_config_service_win.cc(665)] Failed to read DnsConfig.
[0406/014143:WARNING:dns_config_service_win.cc(665)] Failed to read DnsConfig.
[0406/014148:WARNING:dns_config_service_win.cc(665)] Failed to read DnsConfig.
[0406/014153:WARNING:dns_config_service_win.cc(665)] Failed to read DnsConfig.
[0406/014158:WARNING:dns_config_service_win.cc(665)] Failed to read DnsConfig.
[0406/014203:WARNING:dns_config_service_win.cc(665)] Failed to read DnsConfig.
[0406/014208:WARNING:dns_config_service_win.cc(665)] Failed to read DnsConfig.
[0406/014213:WARNING:dns_config_service_win.cc(665)] Failed to read DnsConfig.
[0406/014218:WARNING:dns_config_service_win.cc(665)] Failed to read DnsConfig.
[0406/014223:WARNING:dns_config_service_win.cc(665)] Failed to read DnsConfig.
[0406/014228:WARNING:dns_config_service_win.cc(665)] Failed to read DnsConfig.
[0406/014233:WARNING:dns_config_service_win.cc(665)] Failed to read DnsConfig.
[0406/014238:WARNING:dns_config_service_win.cc(665)] Failed to read DnsConfig.
[0406/014243:WARNING:dns_config_service_win.cc(665)] Failed to read DnsConfig.
[0406/014248:WARNING:dns_config_service_win.cc(665)] Failed to read DnsConfig.
[0406/014253:WARNING:dns_config_service_win.cc(665)] Failed to read DnsConfig.
[0406/014258:WARNING:dns_config_service_win.cc(665)] Failed to read DnsConfig.
[0406/014303:WARNING:dns_config_service_win.cc(665)] Failed to read DnsConfig.
[0406/014308:WARNING:dns_config_service_win.cc(665)] Failed to read DnsConfig.
[0406/014313:WARNING:dns_config_service_win.cc(665)] Failed to read DnsConfig.
[0406/014318:WARNING:dns_config_service_win.cc(665)] Failed to read DnsConfig.
[0406/014323:WARNING:dns_config_service_win.cc(665)] Failed to read DnsConfig.
[0406/014328:WARNING:dns_config_service_win.cc(665)] Failed to read DnsConfig.
[0406/014333:WARNING:dns_config_service_win.cc(665)] Failed to read DnsConfig.
[0406/014338:WARNING:dns_config_service_win.cc(665)] Failed to read DnsConfig.
[0406/014343:WARNING:dns_config_service_win.cc(665)] Failed to read DnsConfig.
[0406/014348:WARNING:dns_config_service_win.cc(665)] Failed to read DnsConfig.
[0406/014353:WARNING:dns_config_service_win.cc(665)] Failed to read DnsConfig.
[0406/014358:WARNING:dns_config_service_win.cc(665)] Failed to read DnsConfig.
[0406/014403:WARNING:dns_config_service_win.cc(665)] Failed to read DnsConfig.
[0406/014408:WARNING:dns_config_service_win.cc(665)] Failed to read DnsConfig.
[0406/014413:WARNING:dns_config_service_win.cc(665)] Failed to read DnsConfig.
[0406/014418:WARNING:dns_config_service_win.cc(665)] Failed to read DnsConfig.
[0406/014423:WARNING:dns_config_service_win.cc(665)] Failed to read DnsConfig.
[0406/014428:WARNING:dns_config_service_win.cc(665)] Failed to read DnsConfig.
[0406/014433:WARNING:dns_config_service_win.cc(665)] Failed to read DnsConfig.
[0406/014438:WARNING:dns_config_service_win.cc(665)] Failed to read DnsConfig.
[0406/014443:WARNING:dns_config_service_win.cc(665)] Failed to read DnsConfig.
[0406/014448:WARNING:dns_config_service_win.cc(665)] Failed to read DnsConfig.
[0406/014453:WARNING:dns_config_service_win.cc(665)] Failed to read DnsConfig.
[0406/014458:WARNING:dns_config_service_win.cc(665)] Failed to read DnsConfig.
[0406/014503:WARNING:dns_config_service_win.cc(665)] Failed to read DnsConfig.
[0406/014508:WARNING:dns_config_service_win.cc(665)] Failed to read DnsConfig.
[0406/014513:WARNING:dns_config_service_win.cc(665)] Failed to read DnsConfig.
[0406/014518:WARNING:dns_config_service_win.cc(665)] Failed to read DnsConfig.
[0406/014523:WARNING:dns_config_service_win.cc(665)] Failed to read DnsConfig.
[0406/014528:WARNING:dns_config_service_win.cc(665)] Failed to read DnsConfig.
[0406/014533:WARNING:dns_config_service_win.cc(665)] Failed to read DnsConfig.
[0406/014538:WARNING:dns_config_service_win.cc(665)] Failed to read DnsConfig.
[0406/014543:WARNING:dns_config_service_win.cc(665)] Failed to read DnsConfig.
[0406/014548:WARNING:dns_config_service_win.cc(665)] Failed to read DnsConfig.
[0406/014553:WARNING:dns_config_service_win.cc(665)] Failed to read DnsConfig.
[0406/014558:WARNING:dns_config_service_win.cc(665)] Failed to read DnsConfig.
[0406/014603:WARNING:dns_config_service_win.cc(665)] Failed to read DnsConfig.
[0406/014608:WARNING:dns_config_service_win.cc(665)] Failed to read DnsConfig.
[0406/014613:WARNING:dns_config_service_win.cc(665)] Failed to read DnsConfig.
[0406/014618:WARNING:dns_config_service_win.cc(665)] Failed to read DnsConfig.
[0406/014623:WARNING:dns_config_service_win.cc(665)] Failed to read DnsConfig.
[0406/014628:WARNING:dns_config_service_win.cc(665)] Failed to read DnsConfig.
[0406/014633:WARNING:dns_config_service_win.cc(665)] Failed to read DnsConfig.
[0406/014638:WARNING:dns_config_service_win.cc(665)] Failed to read DnsConfig.
[0406/014643:WARNING:dns_config_service_win.cc(665)] Failed to read DnsConfig.
[0406/014648:WARNING:dns_config_service_win.cc(665)] Failed to read DnsConfig.
[0406/014653:WARNING:dns_config_service_win.cc(665)] Failed to read DnsConfig.
[0406/014658:WARNING:dns_config_service_win.cc(665)] Failed to read DnsConfig.
[0406/014703:WARNING:dns_config_service_win.cc(665)] Failed to read DnsConfig.
[0406/014708:WARNING:dns_config_service_win.cc(665)] Failed to read DnsConfig.
[0406/014714:WARNING:dns_config_service_win.cc(665)] Failed to read DnsConfig.
[0406/014719:WARNING:dns_config_service_win.cc(665)] Failed to read DnsConfig.
[0406/014724:WARNING:dns_config_service_win.cc(665)] Failed to read DnsConfig.
[0406/014729:WARNING:dns_config_service_win.cc(665)] Failed to read DnsConfig.
[0406/014734:WARNING:dns_config_service_win.cc(665)] Failed to read DnsConfig.
[0406/014739:WARNING:dns_config_service_win.cc(665)] Failed to read DnsConfig.
[0406/014744:WARNING:dns_config_service_win.cc(665)] Failed to read DnsConfig.
[0406/014749:WARNING:dns_config_service_win.cc(665)] Failed to read DnsConfig.
[0406/014754:WARNING:dns_config_service_win.cc(665)] Failed to read DnsConfig.
[0406/014759:WARNING:dns_config_service_win.cc(665)] Failed to read DnsConfig.
[0406/014804:WARNING:dns_config_service_win.cc(665)] Failed to read DnsConfig.
[0406/014809:WARNING:dns_config_service_win.cc(665)] Failed to read DnsConfig.
[0406/014814:WARNING:dns_config_service_win.cc(665)] Failed to read DnsConfig.
[0406/014819:WARNING:dns_config_service_win.cc(665)] Failed to read DnsConfig.
[0406/014824:WARNING:dns_config_service_win.cc(665)] Failed to read DnsConfig.
[0406/014829:WARNING:dns_config_service_win.cc(665)] Failed to read DnsConfig.
[0406/014834:WARNING:dns_config_service_win.cc(665)] Failed to read DnsConfig.
[0406/014839:WARNING:dns_config_service_win.cc(665)] Failed to read DnsConfig.
[0406/014844:WARNING:dns_config_service_win.cc(665)] Failed to read DnsConfig.
[0406/014849:WARNING:dns_config_service_win.cc(665)] Failed to read DnsConfig.
[0406/014854:WARNING:dns_config_service_win.cc(665)] Failed to read DnsConfig.
[0406/014859:WARNING:dns_config_service_win.cc(665)] Failed to read DnsConfig.
[0406/014904:WARNING:dns_config_service_win.cc(665)] Failed to read DnsConfig.
[0406/014909:WARNING:dns_config_service_win.cc(665)] Failed to read DnsConfig.
[0406/014914:WARNING:dns_config_service_win.cc(665)] Failed to read DnsConfig.
[0406/014919:WARNING:dns_config_service_win.cc(665)] Failed to read DnsConfig.
[0406/014924:WARNING:dns_config_service_win.cc(665)] Failed to read DnsConfig.
[0406/014929:WARNING:dns_config_service_win.cc(665)] Failed to read DnsConfig.
[0406/014934:WARNING:dns_config_service_win.cc(665)] Failed to read DnsConfig.
[0406/014939:WARNING:dns_config_service_win.cc(665)] Failed to read DnsConfig.
[0406/014944:WARNING:dns_config_service_win.cc(665)] Failed to read DnsConfig.
[0406/014949:WARNING:dns_config_service_win.cc(665)] Failed to read DnsConfig.
[0406/014954:WARNING:dns_config_service_win.cc(665)] Failed to read DnsConfig.
[0406/014959:WARNING:dns_config_service_win.cc(665)] Failed to read DnsConfig.
[0406/015004:WARNING:dns_config_service_win.cc(665)] Failed to read DnsConfig.
[0406/015009:WARNING:dns_config_service_win.cc(665)] Failed to read DnsConfig.
[0406/015014:WARNING:dns_config_service_win.cc(665)] Failed to read DnsConfig.
[0406/015019:WARNING:dns_config_service_win.cc(665)] Failed to read DnsConfig.
[0406/015024:WARNING:dns_config_service_win.cc(665)] Failed to read DnsConfig.
[0406/015029:WARNING:dns_config_service_win.cc(665)] Failed to read DnsConfig.
[0406/015034:WARNING:dns_config_service_win.cc(665)] Failed to read DnsConfig.
[0406/015039:WARNING:dns_config_service_win.cc(665)] Failed to read DnsConfig.
[0406/015044:WARNING:dns_config_service_win.cc(665)] Failed to read DnsConfig.
[0406/015049:WARNING:dns_config_service_win.cc(665)] Failed to read DnsConfig.
[0406/015054:WARNING:dns_config_service_win.cc(665)] Failed to read DnsConfig.
[0406/015059:WARNING:dns_config_service_win.cc(665)] Failed to read DnsConfig.
[0406/015104:WARNING:dns_config_service_win.cc(665)] Failed to read DnsConfig.
[0406/015109:WARNING:dns_config_service_win.cc(665)] Failed to read DnsConfig.
[0406/015114:WARNING:dns_config_service_win.cc(665)] Failed to read DnsConfig.
[0406/015119:WARNING:dns_config_service_win.cc(665)] Failed to read DnsConfig.
[0406/015124:WARNING:dns_config_service_win.cc(665)] Failed to read DnsConfig.
[0406/015129:WARNING:dns_config_service_win.cc(665)] Failed to read DnsConfig.
[0406/015134:WARNING:dns_config_service_win.cc(665)] Failed to read DnsConfig.
[0406/015139:WARNING:dns_config_service_win.cc(665)] Failed to read DnsConfig.
[0406/015144:WARNING:dns_config_service_win.cc(665)] Failed to read DnsConfig.
[0406/015149:WARNING:dns_config_service_win.cc(665)] Failed to read DnsConfig.
[0406/015154:WARNING:dns_config_service_win.cc(665)] Failed to read DnsConfig.
[0406/015159:WARNING:dns_config_service_win.cc(665)] Failed to read DnsConfig.
[0406/015204:WARNING:dns_config_service_win.cc(665)] Failed to read DnsConfig.
[0406/015209:WARNING:dns_config_service_win.cc(665)] Failed to read DnsConfig.
[0406/015214:WARNING:dns_config_service_win.cc(665)] Failed to read DnsConfig.
[0406/015219:WARNING:dns_config_service_win.cc(665)] Failed to read DnsConfig.
[0406/015224:WARNING:dns_config_service_win.cc(665)] Failed to read DnsConfig.
[0406/015229:WARNING:dns_config_service_win.cc(665)] Failed to read DnsConfig.
[0406/015234:WARNING:dns_config_service_win.cc(665)] Failed to read DnsConfig.
[0406/015239:WARNING:dns_config_service_win.cc(665)] Failed to read DnsConfig.
[0406/015244:WARNING:dns_config_service_win.cc(665)] Failed to read DnsConfig.
[0406/015249:WARNING:dns_config_service_win.cc(665)] Failed to read DnsConfig.
[0406/015254:WARNING:dns_config_service_win.cc(665)] Failed to read DnsConfig.
[0406/015300:WARNING:dns_config_service_win.cc(665)] Failed to read DnsConfig.
[0406/015305:WARNING:dns_config_service_win.cc(665)] Failed to read DnsConfig.
[0406/015310:WARNING:dns_config_service_win.cc(665)] Failed to read DnsConfig.
[0406/015315:WARNING:dns_config_service_win.cc(665)] Failed to read DnsConfig.
[0406/015320:WARNING:dns_config_service_win.cc(665)] Failed to read DnsConfig.
[0406/015325:WARNING:dns_config_service_win.cc(665)] Failed to read DnsConfig.
[0406/015330:WARNING:dns_config_service_win.cc(665)] Failed to read DnsConfig.
[0406/015335:WARNING:dns_config_service_win.cc(665)] Failed to read DnsConfig.
[0406/015340:WARNING:dns_config_service_win.cc(665)] Failed to read DnsConfig.
[0406/015345:WARNING:dns_config_service_win.cc(665)] Failed to read DnsConfig.
[0406/015350:WARNING:dns_config_service_win.cc(665)] Failed to read DnsConfig.
[0406/015355:WARNING:dns_config_service_win.cc(665)] Failed to read DnsConfig.
[0406/015400:WARNING:dns_config_service_win.cc(665)] Failed to read DnsConfig.
[0406/015405:WARNING:dns_config_service_win.cc(665)] Failed to read DnsConfig.
[0406/015410:WARNING:dns_config_service_win.cc(665)] Failed to read DnsConfig.
[0406/015415:WARNING:dns_config_service_win.cc(665)] Failed to read DnsConfig.
[0406/015420:WARNING:dns_config_service_win.cc(665)] Failed to read DnsConfig.
[0406/015425:WARNING:dns_config_service_win.cc(665)] Failed to read DnsConfig.
[0406/015430:WARNING:dns_config_service_win.cc(665)] Failed to read DnsConfig.
[0406/015435:WARNING:dns_config_service_win.cc(665)] Failed to read DnsConfig.
[0406/015440:WARNING:dns_config_service_win.cc(665)] Failed to read DnsConfig.
[0406/015445:WARNING:dns_config_service_win.cc(665)] Failed to read DnsConfig.
[0406/015450:WARNING:dns_config_service_win.cc(665)] Failed to read DnsConfig.
[0406/015455:WARNING:dns_config_service_win.cc(665)] Failed to read DnsConfig.
[0406/015500:WARNING:dns_config_service_win.cc(665)] Failed to read DnsConfig.
[0406/015505:WARNING:dns_config_service_win.cc(665)] Failed to read DnsConfig.
[0406/015510:WARNING:dns_config_service_win.cc(665)] Failed to read DnsConfig.
[0406/015515:WARNING:dns_config_service_win.cc(665)] Failed to read DnsConfig.
[0406/015520:WARNING:dns_config_service_win.cc(665)] Failed to read DnsConfig.
[0406/015525:WARNING:dns_config_service_win.cc(665)] Failed to read DnsConfig.
[0406/015530:WARNING:dns_config_service_win.cc(665)] Failed to read DnsConfig.
[0406/015535:WARNING:dns_config_service_win.cc(665)] Failed to read DnsConfig.
[0406/015540:WARNING:dns_config_service_win.cc(665)] Failed to read DnsConfig.
[0406/015545:WARNING:dns_config_service_win.cc(665)] Failed to read DnsConfig.
[0406/015550:WARNING:dns_config_service_win.cc(665)] Failed to read DnsConfig.
[0406/015555:WARNING:dns_config_service_win.cc(665)] Failed to read DnsConfig.
[0406/015600:WARNING:dns_config_service_win.cc(665)] Failed to read DnsConfig.
[0406/015605:WARNING:dns_config_service_win.cc(665)] Failed to read DnsConfig.
[0406/015610:WARNING:dns_config_service_win.cc(665)] Failed to read DnsConfig.
[0406/015615:WARNING:dns_config_service_win.cc(665)] Failed to read DnsConfig.
[0406/015620:WARNING:dns_config_service_win.cc(665)] Failed to read DnsConfig.
[0406/015625:WARNING:dns_config_service_win.cc(665)] Failed to read DnsConfig.
[0406/015630:WARNING:dns_config_service_win.cc(665)] Failed to read DnsConfig.
[0406/015635:WARNING:dns_config_service_win.cc(665)] Failed to read DnsConfig.
[0406/015640:WARNING:dns_config_service_win.cc(665)] Failed to read DnsConfig.
[0406/015645:WARNING:dns_config_service_win.cc(665)] Failed to read DnsConfig.
[0406/015650:WARNING:dns_config_service_win.cc(665)] Failed to read DnsConfig.
[0406/015655:WARNING:dns_config_service_win.cc(665)] Failed to read DnsConfig.
[0406/015700:WARNING:dns_config_service_win.cc(665)] Failed to read DnsConfig.
[0406/015705:WARNING:dns_config_service_win.cc(665)] Failed to read DnsConfig.
[0406/015710:WARNING:dns_config_service_win.cc(665)] Failed to read DnsConfig.
[0406/015715:WARNING:dns_config_service_win.cc(665)] Failed to read DnsConfig.
[0406/015720:WARNING:dns_config_service_win.cc(665)] Failed to read DnsConfig.
[0406/015725:WARNING:dns_config_service_win.cc(665)] Failed to read DnsConfig.
[0406/015730:WARNING:dns_config_service_win.cc(665)] Failed to read DnsConfig.
[0406/015735:WARNING:dns_config_service_win.cc(665)] Failed to read DnsConfig.
[0406/015740:WARNING:dns_config_service_win.cc(665)] Failed to read DnsConfig.
[0406/015745:WARNING:dns_config_service_win.cc(665)] Failed to read DnsConfig.
[0406/015750:WARNING:dns_config_service_win.cc(665)] Failed to read DnsConfig.
[0406/015755:WARNING:dns_config_service_win.cc(665)] Failed to read DnsConfig.
[0406/015800:WARNING:dns_config_service_win.cc(665)] Failed to read DnsConfig.
[0406/015805:WARNING:dns_config_service_win.cc(665)] Failed to read DnsConfig.
[0406/015810:WARNING:dns_config_service_win.cc(665)] Failed to read DnsConfig.
[0406/015815:WARNING:dns_config_service_win.cc(665)] Failed to read DnsConfig.
[0406/015821:WARNING:dns_config_service_win.cc(665)] Failed to read DnsConfig.
[0406/015826:WARNING:dns_config_service_win.cc(665)] Failed to read DnsConfig.
[0406/015831:WARNING:dns_config_service_win.cc(665)] Failed to read DnsConfig.
[0406/015836:WARNING:dns_config_service_win.cc(665)] Failed to read DnsConfig.
[0406/015841:WARNING:dns_config_service_win.cc(665)] Failed to read DnsConfig.
[0406/015846:WARNING:dns_config_service_win.cc(665)] Failed to read DnsConfig.
[0406/015851:WARNING:dns_config_service_win.cc(665)] Failed to read DnsConfig.
[0406/015856:WARNING:dns_config_service_win.cc(665)] Failed to read DnsConfig.
[0406/015901:WARNING:dns_config_service_win.cc(665)] Failed to read DnsConfig.
[0406/015906:WARNING:dns_config_service_win.cc(665)] Failed to read DnsConfig.
[0406/015911:WARNING:dns_config_service_win.cc(665)] Failed to read DnsConfig.
[0406/015916:WARNING:dns_config_service_win.cc(665)] Failed to read DnsConfig.
[0406/015921:WARNING:dns_config_service_win.cc(665)] Failed to read DnsConfig.
[0406/015926:WARNING:dns_config_service_win.cc(665)] Failed to read DnsConfig.
[0406/015931:WARNING:dns_config_service_win.cc(665)] Failed to read DnsConfig.
[0406/015936:WARNING:dns_config_service_win.cc(665)] Failed to read DnsConfig.
[0406/015941:WARNING:dns_config_service_win.cc(665)] Failed to read DnsConfig.
[0406/015946:WARNING:dns_config_service_win.cc(665)] Failed to read DnsConfig.
[0406/015951:WARNING:dns_config_service_win.cc(665)] Failed to read DnsConfig.
[0406/015956:WARNING:dns_config_service_win.cc(665)] Failed to read DnsConfig.
[0406/020001:WARNING:dns_config_service_win.cc(665)] Failed to read DnsConfig.
[0406/020006:WARNING:dns_config_service_win.cc(665)] Failed to read DnsConfig.
[0406/020011:WARNING:dns_config_service_win.cc(665)] Failed to read DnsConfig.
[0406/020016:WARNING:dns_config_service_win.cc(665)] Failed to read DnsConfig.
[0406/020021:WARNING:dns_config_service_win.cc(665)] Failed to read DnsConfig.
[0406/020026:WARNING:dns_config_service_win.cc(665)] Failed to read DnsConfig.
[0406/020031:WARNING:dns_config_service_win.cc(665)] Failed to read DnsConfig.
[0406/020036:WARNING:dns_config_service_win.cc(665)] Failed to read DnsConfig.
[0406/020041:WARNING:dns_config_service_win.cc(665)] Failed to read DnsConfig.
[0406/020046:WARNING:dns_config_service_win.cc(665)] Failed to read DnsConfig.
[0406/020051:WARNING:dns_config_service_win.cc(665)] Failed to read DnsConfig.
[0406/020056:WARNING:dns_config_service_win.cc(665)] Failed to read DnsConfig.
[0406/020101:WARNING:dns_config_service_win.cc(665)] Failed to read DnsConfig.
[0406/020106:WARNING:dns_config_service_win.cc(665)] Failed to read DnsConfig.
[0406/020111:WARNING:dns_config_service_win.cc(665)] Failed to read DnsConfig.
[0406/020116:WARNING:dns_config_service_win.cc(665)] Failed to read DnsConfig.
[0406/020121:WARNING:dns_config_service_win.cc(665)] Failed to read DnsConfig.
[0406/020126:WARNING:dns_config_service_win.cc(665)] Failed to read DnsConfig.
[0406/020131:WARNING:dns_config_service_win.cc(665)] Failed to read DnsConfig.
[0406/020136:WARNING:dns_config_service_win.cc(665)] Failed to read DnsConfig.
[0406/020141:WARNING:dns_config_service_win.cc(665)] Failed to read DnsConfig.
[0406/020146:WARNING:dns_config_service_win.cc(665)] Failed to read DnsConfig.
[0406/020151:WARNING:dns_config_service_win.cc(665)] Failed to read DnsConfig.
[0406/020156:WARNING:dns_config_service_win.cc(665)] Failed to read DnsConfig.
[0406/020201:WARNING:dns_config_service_win.cc(665)] Failed to read DnsConfig.
[0406/020206:WARNING:dns_config_service_win.cc(665)] Failed to read DnsConfig.
[0406/020211:WARNING:dns_config_service_win.cc(665)] Failed to read DnsConfig.
[0406/020216:WARNING:dns_config_service_win.cc(665)] Failed to read DnsConfig.
[0406/020221:WARNING:dns_config_service_win.cc(665)] Failed to read DnsConfig.
[0406/020226:WARNING:dns_config_service_win.cc(665)] Failed to read DnsConfig.
[0406/020231:WARNING:dns_config_service_win.cc(665)] Failed to read DnsConfig.
[0406/020236:WARNING:dns_config_service_win.cc(665)] Failed to read DnsConfig.
[0406/020241:WARNING:dns_config_service_win.cc(665)] Failed to read DnsConfig.
[0406/020246:WARNING:dns_config_service_win.cc(665)] Failed to read DnsConfig.
[0406/020251:WARNING:dns_config_service_win.cc(665)] Failed to read DnsConfig.
[0406/020256:WARNING:dns_config_service_win.cc(665)] Failed to read DnsConfig.
[0406/020301:WARNING:dns_config_service_win.cc(665)] Failed to read DnsConfig.
[0406/020306:WARNING:dns_config_service_win.cc(665)] Failed to read DnsConfig.
[0406/020311:WARNING:dns_config_service_win.cc(665)] Failed to read DnsConfig.
[0406/020316:WARNING:dns_config_service_win.cc(665)] Failed to read DnsConfig.
[0406/020321:WARNING:dns_config_service_win.cc(665)] Failed to read DnsConfig.
[0406/020326:WARNING:dns_config_service_win.cc(665)] Failed to read DnsConfig.
[0406/020331:WARNING:dns_config_service_win.cc(665)] Failed to read DnsConfig.
[0406/020336:WARNING:dns_config_service_win.cc(665)] Failed to read DnsConfig.
[0406/020341:WARNING:dns_config_service_win.cc(665)] Failed to read DnsConfig.
[0406/020346:WARNING:dns_config_service_win.cc(665)] Failed to read DnsConfig.
[0406/020351:WARNING:dns_config_service_win.cc(665)] Failed to read DnsConfig.
[0406/020356:WARNING:dns_config_service_win.cc(665)] Failed to read DnsConfig.
[0406/020401:WARNING:dns_config_service_win.cc(665)] Failed to read DnsConfig.
[0406/020406:WARNING:dns_config_service_win.cc(665)] Failed to read DnsConfig.
[0406/020411:WARNING:dns_config_service_win.cc(665)] Failed to read DnsConfig.
[0406/020416:WARNING:dns_config_service_win.cc(665)] Failed to read DnsConfig.
[0406/020421:WARNING:dns_config_service_win.cc(665)] Failed to read DnsConfig.
[0406/020427:WARNING:dns_config_service_win.cc(665)] Failed to read DnsConfig.
[0406/020432:WARNING:dns_config_service_win.cc(665)] Failed to read DnsConfig.
[0406/020437:WARNING:dns_config_service_win.cc(665)] Failed to read DnsConfig.
[0406/020442:WARNING:dns_config_service_win.cc(665)] Failed to read DnsConfig.
[0406/020447:WARNING:dns_config_service_win.cc(665)] Failed to read DnsConfig.
[0406/020452:WARNING:dns_config_service_win.cc(665)] Failed to read DnsConfig.
[0406/020457:WARNING:dns_config_service_win.cc(665)] Failed to read DnsConfig.
[0406/020502:WARNING:dns_config_service_win.cc(665)] Failed to read DnsConfig.
[0406/020507:WARNING:dns_config_service_win.cc(665)] Failed to read DnsConfig.
[0406/020512:WARNING:dns_config_service_win.cc(665)] Failed to read DnsConfig.
[0406/020517:WARNING:dns_config_service_win.cc(665)] Failed to read DnsConfig.
[0406/020522:WARNING:dns_config_service_win.cc(665)] Failed to read DnsConfig.
[0406/020527:WARNING:dns_config_service_win.cc(665)] Failed to read DnsConfig.
[0406/020532:WARNING:dns_config_service_win.cc(665)] Failed to read DnsConfig.
[0406/020537:WARNING:dns_config_service_win.cc(665)] Failed to read DnsConfig.
[0406/020542:WARNING:dns_config_service_win.cc(665)] Failed to read DnsConfig.
[0406/020547:WARNING:dns_config_service_win.cc(665)] Failed to read DnsConfig.
[0406/020552:WARNING:dns_config_service_win.cc(665)] Failed to read DnsConfig.
[0406/020557:WARNING:dns_config_service_win.cc(665)] Failed to read DnsConfig.
[0406/020602:WARNING:dns_config_service_win.cc(665)] Failed to read DnsConfig.
[0406/020607:WARNING:dns_config_service_win.cc(665)] Failed to read DnsConfig.
[0406/020612:WARNING:dns_config_service_win.cc(665)] Failed to read DnsConfig.
[0406/020617:WARNING:dns_config_service_win.cc(665)] Failed to read DnsConfig.
[0406/020622:WARNING:dns_config_service_win.cc(665)] Failed to read DnsConfig.
[0406/020627:WARNING:dns_config_service_win.cc(665)] Failed to read DnsConfig.
[0406/020632:WARNING:dns_config_service_win.cc(665)] Failed to read DnsConfig.
[0406/020637:WARNING:dns_config_service_win.cc(665)] Failed to read DnsConfig.
[0406/020642:WARNING:dns_config_service_win.cc(665)] Failed to read DnsConfig.
[0406/020647:WARNING:dns_config_service_win.cc(665)] Failed to read DnsConfig.
[0406/020652:WARNING:dns_config_service_win.cc(665)] Failed to read DnsConfig.
[0406/020657:WARNING:dns_config_service_win.cc(665)] Failed to read DnsConfig.
[0406/020702:WARNING:dns_config_service_win.cc(665)] Failed to read DnsConfig.
[0406/020707:WARNING:dns_config_service_win.cc(665)] Failed to read DnsConfig.
[0406/020712:WARNING:dns_config_service_win.cc(665)] Failed to read DnsConfig.
[0406/020717:WARNING:dns_config_service_win.cc(665)] Failed to read DnsConfig.
[0406/020722:WARNING:dns_config_service_win.cc(665)] Failed to read DnsConfig.
[0406/020727:WARNING:dns_config_service_win.cc(665)] Failed to read DnsConfig.
[0406/020732:WARNING:dns_config_service_win.cc(665)] Failed to read DnsConfig.
[0406/020737:WARNING:dns_config_service_win.cc(665)] Failed to read DnsConfig.
[0406/020742:WARNING:dns_config_service_win.cc(665)] Failed to read DnsConfig.
[0406/020747:WARNING:dns_config_service_win.cc(665)] Failed to read DnsConfig.
[0406/020752:WARNING:dns_config_service_win.cc(665)] Failed to read DnsConfig.
[0406/020757:WARNING:dns_config_service_win.cc(665)] Failed to read DnsConfig.
[0406/020802:WARNING:dns_config_service_win.cc(665)] Failed to read DnsConfig.
[0406/020807:WARNING:dns_config_service_win.cc(665)] Failed to read DnsConfig.
